# Blender 3.4.1
# www.blender.org
mtllib LP.mtl
o LP
v 0.042019 0.984886 0.131697
v -0.067921 0.856017 0.124222
v -0.025047 0.739058 -0.060994
v -0.018487 0.743263 0.066588
v -0.062240 0.890484 0.128152
v 0.059580 0.711431 0.083420
v 0.058875 0.969725 0.125900
v 0.006682 0.749821 -0.070078
v 0.053715 0.977131 0.130488
v 0.063013 0.982480 0.122449
v 0.056170 0.995175 0.125288
v 0.034723 0.973834 0.136671
v 0.047330 0.966786 0.134787
v 0.023097 0.991051 0.130771
v 0.016877 0.977647 0.137477
v -0.066520 0.834060 0.118827
v -0.049664 0.828533 0.114748
v -0.049084 0.844645 0.119488
v -0.059743 0.870457 0.127692
v -0.068008 0.884739 0.123848
v -0.077265 0.877993 0.120583
v -0.089026 0.874699 0.119309
v -0.084947 0.855162 0.120754
v -0.081694 0.837095 0.122261
v -0.046033 0.860281 0.124676
v -0.016859 0.733566 -0.041735
v -0.018018 0.717581 -0.049676
v -0.027867 0.718367 -0.067214
v -0.016218 0.757716 -0.039711
v -0.012887 0.749771 -0.028394
v -0.039233 0.733074 -0.084488
v -0.040458 0.748187 -0.086337
v -0.028752 0.754814 -0.067637
v -0.039583 0.716882 -0.085074
v -0.018802 0.768063 -0.047943
v -0.026768 0.724868 0.069667
v -0.014045 0.724426 0.057762
v -0.008147 0.740693 0.053269
v 0.001664 0.752755 0.046960
v 0.000779 0.758277 0.053601
v 0.001225 0.764675 0.059912
v -0.018070 0.755842 0.071231
v -0.040316 0.749249 0.085516
v -0.042917 0.737311 0.083406
v -0.054730 0.884124 0.130491
v -0.052230 0.897743 0.132595
v -0.062484 0.901521 0.128907
v -0.070643 0.899903 0.121986
v 0.047059 0.700449 0.072993
v 0.051548 0.683191 0.073908
v 0.064856 0.686758 0.083695
v 0.044718 0.729818 0.076128
v 0.038322 0.718263 0.069027
v 0.062883 0.734093 0.088810
v 0.047969 0.745367 0.081405
v 0.078502 0.687733 0.092421
v 0.077259 0.706124 0.093993
v 0.077698 0.726467 0.096829
v 0.065903 0.970552 0.119922
v 0.056698 0.960448 0.127004
v 0.066949 0.957559 0.119803
v 0.007506 0.768050 -0.076848
v 0.016377 0.762243 -0.094533
v 0.015958 0.745633 -0.092117
v 0.001139 0.766907 -0.049204
v 0.001017 0.779017 -0.057301
v 0.003394 0.740712 -0.052591
v 0.000972 0.757203 -0.038691
v 0.016846 0.728637 -0.092665
v 0.009394 0.728220 -0.076768
v 0.004833 0.724629 -0.060952
v 0.010609 0.711170 -0.079558
v 0.005553 0.709044 -0.064294
v 0.002761 0.705884 -0.047680
v 0.002763 0.719863 -0.044381
v 0.002612 0.734034 -0.037480
v 0.004284 0.715431 -0.027107
v 0.003506 0.728657 -0.021995
v 0.001801 0.742851 -0.014682
v 0.001119 0.749448 -0.027062
v -0.002979 0.752641 -0.009139
v -0.004333 0.760633 -0.018879
v -0.005362 0.769567 -0.027286
v -0.006225 0.779006 -0.034757
v -0.020522 0.779929 -0.054208
v -0.006900 0.789441 -0.041749
v -0.021771 0.792598 -0.059762
v -0.007627 0.800569 -0.048629
v 0.000693 0.792053 -0.063936
v 0.007987 0.783357 -0.082116
v -0.008609 0.812162 -0.055805
v 0.000326 0.805276 -0.069990
v 0.008192 0.798221 -0.086860
v 0.017751 0.793999 -0.101359
v 0.017090 0.778337 -0.097970
v -0.000065 0.818642 -0.075710
v 0.008372 0.812833 -0.091298
v 0.018413 0.809373 -0.104596
v 0.030371 0.807554 -0.115677
v 0.029473 0.791815 -0.113466
v 0.008505 0.827392 -0.095574
v 0.018982 0.824588 -0.107771
v 0.031211 0.823153 -0.117838
v 0.044687 0.822637 -0.125801
v 0.043770 0.806833 -0.124517
v 0.019554 0.839759 -0.110796
v 0.031999 0.838703 -0.119865
v 0.045517 0.838414 -0.127016
v 0.059767 0.838603 -0.132190
v 0.059083 0.822728 -0.131500
v 0.032724 0.854266 -0.121807
v 0.046240 0.854202 -0.128176
v 0.060362 0.854511 -0.132755
v 0.075081 0.855047 -0.134525
v 0.074684 0.839112 -0.134475
v 0.046862 0.870081 -0.129211
v 0.060837 0.870498 -0.133249
v 0.075356 0.871059 -0.134565
v 0.089992 0.871637 -0.133880
v 0.089947 0.855656 -0.134117
v 0.061190 0.886612 -0.133603
v 0.075501 0.887187 -0.134494
v 0.089899 0.887731 -0.133579
v 0.104067 0.888190 -0.130433
v 0.104423 0.872157 -0.130965
v 0.075515 0.903460 -0.134448
v 0.089691 0.903961 -0.133261
v 0.103615 0.904357 -0.129921
v 0.116947 0.904628 -0.124464
v 0.117626 0.888523 -0.125000
v 0.089397 0.920353 -0.132955
v 0.103105 0.920682 -0.129517
v 0.116259 0.920889 -0.124075
v 0.128593 0.920981 -0.116790
v 0.129398 0.904768 -0.117052
v 0.102638 0.937195 -0.129453
v 0.115698 0.937332 -0.124123
v 0.128028 0.937375 -0.117048
v 0.139473 0.937354 -0.108469
v 0.139912 0.920983 -0.107898
v 0.115522 0.953994 -0.125158
v 0.127740 0.953968 -0.117889
v 0.139031 0.953877 -0.109120
v 0.149014 0.953750 -0.098821
v 0.149773 0.937322 -0.098463
v 0.127029 0.970720 -0.118044
v 0.137889 0.970433 -0.108834
v 0.147500 0.970072 -0.098257
v 0.155958 0.969653 -0.086737
v 0.157920 0.953613 -0.087565
v 0.136063 0.986817 -0.107261
v 0.145283 0.986113 -0.096544
v 0.153328 0.985342 -0.084902
v 0.160454 0.984520 -0.072653
v 0.163341 0.969151 -0.074479
v 0.142869 1.001754 -0.093821
v 0.150505 1.000633 -0.082212
v 0.157425 0.999534 -0.070154
v 0.163848 0.998523 -0.057800
v 0.166858 0.983656 -0.059991
v 0.148485 1.015821 -0.079064
v 0.155908 1.014547 -0.067768
v 0.162108 1.013197 -0.055519
v 0.168531 1.012315 -0.043346
v 0.169800 0.997583 -0.045237
v 0.161243 1.026666 -0.069214
v 0.165604 1.025511 -0.055902
v 0.173597 1.024292 -0.044659
v 0.179505 1.023352 -0.032194
v 0.174573 1.011567 -0.031147
v 0.166253 1.038944 -0.055042
v 0.173193 1.037941 -0.043358
v 0.178005 1.036948 -0.030582
v 0.183500 1.035835 -0.018319
v 0.185953 1.022520 -0.019934
v 0.173482 1.056605 -0.041828
v 0.179403 1.055661 -0.029723
v 0.184008 1.054816 -0.017104
v 0.188309 1.053788 -0.004483
v 0.186750 1.035126 -0.005143
v 0.179690 1.071575 -0.028735
v 0.185135 1.071351 -0.016313
v 0.187911 1.070357 -0.003082
v 0.189104 1.071669 0.010250
v 0.190627 1.052371 0.008489
v 0.189291 1.050730 0.020438
v 0.189337 1.033482 0.021019
v 0.189984 1.034402 0.008176
v 0.186355 1.070228 0.020195
v 0.183314 1.069855 0.030382
v 0.188594 1.052163 0.032045
v 0.184912 1.052772 0.043771
v 0.189870 1.033801 0.044994
v 0.190921 1.033777 0.032987
v 0.181041 1.069766 0.042300
v 0.177797 1.069329 0.054111
v 0.181558 1.053077 0.055743
v 0.176236 1.052877 0.067093
v 0.180635 1.033153 0.067955
v 0.186041 1.033472 0.056771
v 0.173486 1.069407 0.066090
v 0.166077 1.067742 0.076596
v 0.168456 1.052051 0.076832
v 0.159180 1.050743 0.084975
v 0.163718 1.031534 0.086156
v 0.172820 1.032317 0.077631
v 0.155007 1.066260 0.083147
v 0.144223 1.064043 0.088564
v 0.149130 1.049394 0.092210
v 0.138327 1.048081 0.098309
v 0.142955 1.029150 0.100234
v 0.154003 1.030361 0.094192
v 0.134183 1.063730 0.095433
v 0.123143 1.061759 0.100733
v 0.127714 1.046944 0.104861
v 0.116234 1.045598 0.110173
v 0.119904 1.027033 0.110630
v 0.131992 1.028270 0.106509
v 0.112109 1.059714 0.106011
v 0.100736 1.058903 0.113649
v 0.104960 1.044717 0.116613
v 0.092527 1.043420 0.121035
v 0.096358 1.024401 0.121393
v 0.108314 1.025954 0.116232
v 0.089122 1.056653 0.116972
v 0.076684 1.056070 0.122860
v 0.079585 1.042457 0.125895
v 0.065451 1.040603 0.129560
v 0.069278 1.022470 0.129373
v 0.083063 1.023666 0.125617
v 0.062391 1.053825 0.126019
v 0.047265 1.052588 0.128391
v 0.049968 1.038644 0.132214
v 0.034690 1.037661 0.137011
v 0.037902 1.019488 0.136166
v 0.054386 1.020914 0.133483
v 0.032469 1.051484 0.134597
v 0.017324 1.049815 0.134824
v 0.018678 1.035396 0.137892
v 0.003245 1.033560 0.139979
v 0.003632 1.017244 0.137813
v 0.020089 1.018175 0.138105
v 0.002732 1.047625 0.138796
v -0.010840 1.047454 0.137801
v -0.010652 1.032684 0.139123
v -0.023361 1.031872 0.137053
v -0.023517 1.015915 0.136103
v -0.010725 1.016472 0.137126
v -0.023071 1.045944 0.132634
v -0.033453 1.046894 0.130610
v -0.035407 1.031831 0.135929
v -0.046624 1.032137 0.133707
v -0.046556 1.016667 0.130610
v -0.035135 1.016138 0.133073
v -0.043828 1.046689 0.129255
v -0.054488 1.047094 0.127432
v -0.057390 1.032534 0.131151
v -0.067889 1.032888 0.128482
v -0.068498 1.015976 0.126357
v -0.057789 1.015914 0.128945
v -0.065226 1.047947 0.126550
v -0.074608 1.047615 0.121121
v -0.077826 1.033182 0.124361
v -0.088218 1.034726 0.122808
v -0.089270 1.018710 0.121145
v -0.078888 1.017400 0.123126
v -0.083196 1.048442 0.115940
v -0.093733 1.049836 0.111602
v -0.098371 1.035561 0.119660
v -0.108620 1.036845 0.117598
v -0.109608 1.019717 0.116524
v -0.099046 1.018733 0.117474
v -0.103288 1.050551 0.110291
v -0.114324 1.050867 0.108158
v -0.118263 1.037590 0.113026
v -0.128275 1.038553 0.109051
v -0.129083 1.020751 0.108227
v -0.119331 1.020177 0.112420
v -0.122943 1.052110 0.102330
v -0.132710 1.054819 0.098515
v -0.137986 1.039872 0.104378
v -0.147393 1.040689 0.098481
v -0.148741 1.022428 0.098384
v -0.139118 1.021672 0.104176
v -0.142292 1.055350 0.093751
v -0.151479 1.056478 0.088086
v -0.157482 1.041770 0.093510
v -0.166795 1.042999 0.087266
v -0.167420 1.024199 0.086517
v -0.158417 1.023809 0.093000
v -0.161902 1.054899 0.081915
v -0.171050 1.056379 0.076288
v -0.173085 1.042724 0.077285
v -0.182039 1.044054 0.069663
v -0.183648 1.025873 0.070013
v -0.175627 1.024809 0.078382
v -0.176534 1.058040 0.067347
v -0.182322 1.060484 0.057881
v -0.187641 1.044061 0.059599
v -0.191866 1.044148 0.048818
v -0.191977 1.027045 0.048635
v -0.189217 1.026531 0.060022
v -0.186456 1.060310 0.046969
v -0.190269 1.060446 0.037164
v -0.192050 1.043346 0.037067
v -0.190700 1.043761 0.026038
v -0.194711 1.028191 0.025154
v -0.193174 1.027419 0.036963
v -0.190901 1.059943 0.027663
v -0.191905 1.061139 0.017466
v -0.190597 1.046268 0.015368
v -0.190781 1.048296 0.003794
v -0.190852 1.031100 0.001695
v -0.194135 1.029639 0.013581
v -0.189466 1.063528 0.006488
v -0.187205 1.066350 -0.004980
v -0.188240 1.050341 -0.007980
v -0.186353 1.052406 -0.019981
v -0.183560 1.034225 -0.022220
v -0.186888 1.032574 -0.010108
v -0.184731 1.067739 -0.016594
v -0.182362 1.071297 -0.029077
v -0.183019 1.054803 -0.032624
v -0.177085 1.056825 -0.044669
v -0.172539 1.037958 -0.045421
v -0.179092 1.035928 -0.034147
v -0.176198 1.074339 -0.040175
v -0.169745 1.075730 -0.051761
v -0.169809 1.059298 -0.055151
v -0.161069 1.061226 -0.065081
v -0.158506 1.042412 -0.067277
v -0.165957 1.039420 -0.056788
v -0.161348 1.077793 -0.061406
v -0.154250 1.080877 -0.072347
v -0.153412 1.063820 -0.075749
v -0.144758 1.065944 -0.085987
v -0.142750 1.046674 -0.088695
v -0.151602 1.044253 -0.078680
v -0.145350 1.084164 -0.082211
v -0.135276 1.086157 -0.091001
v -0.135585 1.068172 -0.095602
v -0.124665 1.069978 -0.103717
v -0.123249 1.050223 -0.107075
v -0.133611 1.048595 -0.098573
v -0.124898 1.088495 -0.099948
v -0.112570 1.089069 -0.105938
v -0.113417 1.071467 -0.111170
v -0.101573 1.072688 -0.117417
v -0.100978 1.052962 -0.121460
v -0.112938 1.051836 -0.115528
v -0.100386 1.090465 -0.111817
v -0.087342 1.090887 -0.117142
v -0.088853 1.072846 -0.120952
v -0.076207 1.072621 -0.123049
v -0.076096 1.053797 -0.128134
v -0.088681 1.053653 -0.125853
v -0.075745 1.090397 -0.120746
v -0.062583 1.090049 -0.119789
v -0.063952 1.072610 -0.124896
v -0.051971 1.072719 -0.126568
v -0.051794 1.053712 -0.130786
v -0.063790 1.053709 -0.129516
v -0.052132 1.090171 -0.120849
v -0.040121 1.088722 -0.122271
v -0.039973 1.072578 -0.127588
v -0.027985 1.072749 -0.128016
v -0.028303 1.053212 -0.132248
v -0.040041 1.053631 -0.132127
v -0.027462 1.089133 -0.121650
v -0.015208 1.088796 -0.121822
v -0.015756 1.072552 -0.128236
v -0.003161 1.072111 -0.126315
v -0.003555 1.052393 -0.132511
v -0.016296 1.052821 -0.132551
v -0.003174 1.087813 -0.118205
v 0.009532 1.089347 -0.117007
v 0.009716 1.071909 -0.125678
v 0.022682 1.071745 -0.125880
v 0.022519 1.051764 -0.132445
v 0.009444 1.051998 -0.132319
v 0.022306 1.088094 -0.116593
v 0.035797 1.089438 -0.116957
v 0.035732 1.071383 -0.124832
v 0.048979 1.071374 -0.124516
v 0.048892 1.051275 -0.132218
v 0.035663 1.051411 -0.132075
v 0.048492 1.089450 -0.117731
v 0.062159 1.089600 -0.117660
v 0.062247 1.071630 -0.124822
v 0.075391 1.070858 -0.122639
v 0.075528 1.050453 -0.129148
v 0.062247 1.051109 -0.131582
v 0.075536 1.088531 -0.117508
v 0.088208 1.087442 -0.114913
v 0.088685 1.070302 -0.120415
v 0.101830 1.069347 -0.117035
v 0.101816 1.048992 -0.122231
v 0.088975 1.049967 -0.126979
v 0.102184 1.085762 -0.114119
v 0.114517 1.084933 -0.108103
v 0.114355 1.068219 -0.112353
v 0.124938 1.066224 -0.104122
v 0.125002 1.046386 -0.108134
v 0.114387 1.047992 -0.116854
v 0.125432 1.083066 -0.100572
v 0.137841 1.081167 -0.095622
v 0.134649 1.064163 -0.094989
v 0.144754 1.062355 -0.086492
v 0.143167 1.043229 -0.088319
v 0.134278 1.044618 -0.098473
v 0.148252 1.078894 -0.086289
v 0.154035 1.076262 -0.074037
v 0.152113 1.060570 -0.075321
v 0.160980 1.059610 -0.064996
v 0.158843 1.040377 -0.066327
v 0.150829 1.041756 -0.077183
v 0.162258 1.073762 -0.064089
v 0.170120 1.072439 -0.053529
v 0.167110 1.058311 -0.053439
v 0.175861 1.073293 -0.041530
v 0.152947 1.028054 -0.080261
v 0.145370 1.029533 -0.091869
v 0.141106 1.017010 -0.090607
v 0.132848 1.018387 -0.101375
v 0.136831 1.031018 -0.102875
v 0.122990 1.019642 -0.110569
v 0.126068 1.032609 -0.111736
v 0.112425 1.020841 -0.119138
v 0.115498 1.034125 -0.121051
v 0.100694 1.021801 -0.125888
v 0.103278 1.035467 -0.128504
v 0.088052 1.022360 -0.130778
v 0.089838 1.036215 -0.132896
v 0.074875 1.022645 -0.133972
v 0.076076 1.036728 -0.135299
v 0.061478 1.022644 -0.135115
v 0.062102 1.036522 -0.135095
v 0.048148 1.022553 -0.134993
v 0.048702 1.036602 -0.135628
v 0.034938 1.022631 -0.134202
v 0.035357 1.036748 -0.136332
v 0.021726 1.022612 -0.133885
v 0.022232 1.036795 -0.135387
v 0.008311 1.022879 -0.133740
v 0.009099 1.037154 -0.136376
v -0.005398 1.023087 -0.133440
v -0.004311 1.037403 -0.135490
v -0.018638 1.023242 -0.132996
v -0.017476 1.037695 -0.134483
v -0.030186 1.023988 -0.133236
v -0.029167 1.038532 -0.136123
v -0.040885 1.024732 -0.133349
v -0.040402 1.039283 -0.136551
v -0.051864 1.025366 -0.133531
v -0.051839 1.039641 -0.134378
v -0.063420 1.026223 -0.133423
v -0.063901 1.040443 -0.135879
v -0.075404 1.026651 -0.132319
v -0.076327 1.040585 -0.133793
v -0.087772 1.026866 -0.130048
v -0.089019 1.040480 -0.130986
v -0.099751 1.026677 -0.125269
v -0.101721 1.039954 -0.126733
v -0.111351 1.026064 -0.119082
v -0.114093 1.039007 -0.120857
v -0.122022 1.024831 -0.111167
v -0.124035 1.037172 -0.111373
v -0.131351 1.023166 -0.101547
v -0.134129 1.035409 -0.101989
v -0.139863 1.021209 -0.091292
v -0.143280 1.033379 -0.091835
v -0.147004 1.019138 -0.079991
v -0.150132 1.031184 -0.080183
v -0.154034 1.017054 -0.068891
v -0.157751 1.029013 -0.069226
v -0.160199 1.014933 -0.057245
v -0.165328 1.026806 -0.058550
v -0.166769 1.013017 -0.046002
v -0.171465 1.024817 -0.046809
v -0.172414 1.011155 -0.034422
v -0.177350 1.022838 -0.035256
v -0.178334 1.009338 -0.022922
v -0.182497 1.021152 -0.023418
v -0.184005 1.007849 -0.011506
v -0.188298 1.019613 -0.011954
v -0.188235 1.006440 0.000583
v -0.191827 1.018212 0.000363
v -0.192516 1.005054 0.012569
v -0.195034 1.016862 0.012703
v -0.193913 1.003910 0.024998
v -0.196325 1.015622 0.024743
v -0.195197 1.003688 0.037189
v -0.198254 1.015315 0.037047
v -0.194203 1.002888 0.049078
v -0.197039 1.014760 0.049587
v -0.190271 1.001547 0.060596
v -0.191369 1.013599 0.060973
v -0.185563 1.000324 0.071632
v -0.188021 1.012978 0.072896
v -0.178406 0.998808 0.081128
v -0.179395 1.011609 0.081651
v -0.170043 0.997318 0.089530
v -0.169736 1.010164 0.088638
v -0.160712 0.996188 0.096915
v -0.160905 1.009393 0.096702
v -0.150332 0.994920 0.102189
v -0.149831 1.008064 0.100361
v -0.139854 0.994292 0.106577
v -0.140546 1.007625 0.106960
v -0.129404 0.993262 0.109345
v -0.130394 1.006828 0.111787
v -0.119199 0.992716 0.111870
v -0.120116 1.006047 0.114325
v -0.109392 0.992513 0.113697
v -0.109570 1.005396 0.115196
v -0.099435 0.992558 0.115498
v -0.100207 1.004892 0.120309
v -0.089274 0.992343 0.117848
v -0.089947 1.004335 0.122678
v -0.078748 0.992155 0.120169
v -0.079157 1.003951 0.123208
v -0.068395 0.991534 0.123199
v -0.069358 1.003469 0.128592
v -0.057727 0.991432 0.125725
v -0.058376 1.003237 0.130709
v -0.047005 0.991013 0.129164
v -0.046873 1.003067 0.131506
v -0.035811 0.990771 0.130939
v -0.035591 1.002796 0.134761
v -0.024476 0.990258 0.131283
v -0.023692 1.002581 0.135867
v -0.013392 0.990046 0.131956
v -0.011573 1.002674 0.135811
v 0.000079 0.990343 0.132378
v 0.002852 1.003067 0.136894
v 0.021529 1.004192 0.137133
v 0.040658 1.006016 0.134185
v 0.041490 0.996756 0.132053
v 0.057630 1.007516 0.130942
v 0.073507 0.996269 0.121073
v 0.072451 1.008729 0.127222
v 0.086298 0.997732 0.116803
v 0.086132 1.009588 0.124501
v 0.098723 0.999363 0.113982
v 0.099034 1.011224 0.120062
v 0.110603 1.000314 0.110369
v 0.110963 1.012139 0.116468
v 0.122615 1.001571 0.107451
v 0.122879 1.013670 0.111465
v 0.134373 1.002741 0.103633
v 0.135449 1.015021 0.108714
v 0.146058 1.004073 0.099781
v 0.146404 1.016072 0.101844
v 0.156951 1.005324 0.094203
v 0.157207 1.017475 0.095264
v 0.167512 1.006502 0.087369
v 0.168114 1.018600 0.088549
v 0.176615 1.007701 0.078934
v 0.177128 1.019484 0.079387
v 0.183696 1.008613 0.068679
v 0.185246 1.020371 0.069434
v 0.188958 1.009196 0.057402
v 0.191515 1.021109 0.058216
v 0.192597 1.009583 0.045482
v 0.195033 1.021304 0.045814
v 0.193730 1.009524 0.033010
v 0.195015 1.021027 0.033034
v 0.192134 1.009384 0.020555
v 0.192262 1.020699 0.020873
v 0.189703 1.009845 0.007310
v 0.193783 1.021506 0.007227
v 0.185346 1.010414 -0.005863
v 0.188909 1.021930 -0.006198
v 0.180259 1.010846 -0.018685
v 0.187133 0.996030 -0.007238
v 0.181516 0.996312 -0.020051
v 0.175689 0.996832 -0.032667
v 0.184421 0.981725 -0.021330
v 0.178588 0.982112 -0.034237
v 0.172751 0.982795 -0.047107
v 0.181590 0.967243 -0.035485
v 0.175720 0.967804 -0.048597
v 0.169899 0.968534 -0.061722
v 0.178457 0.952608 -0.049669
v 0.172451 0.953084 -0.062812
v 0.165747 0.953427 -0.075541
v 0.174324 0.937263 -0.063193
v 0.167286 0.937320 -0.075731
v 0.159080 0.937315 -0.087510
v 0.167861 0.921043 -0.075036
v 0.159565 0.920966 -0.086811
v 0.150294 0.920959 -0.097871
v 0.160220 0.904757 -0.086186
v 0.150999 0.904758 -0.097512
v 0.140665 0.904786 -0.107825
v 0.151806 0.888757 -0.097315
v 0.141531 0.888766 -0.107981
v 0.130243 0.888716 -0.117495
v 0.142367 0.872927 -0.108208
v 0.131002 0.872818 -0.117950
v 0.118226 0.872563 -0.125593
v 0.131710 0.857079 -0.118503
v 0.118704 0.856734 -0.126169
v 0.104635 0.856243 -0.131436
v 0.119057 0.841023 -0.126748
v 0.104723 0.840428 -0.131885
v 0.089782 0.839759 -0.134301
v 0.104694 0.824684 -0.132293
v 0.089507 0.823916 -0.134482
v 0.074179 0.823220 -0.134367
v 0.089142 0.808107 -0.134613
v 0.073584 0.807345 -0.134207
v 0.058368 0.806857 -0.130574
v 0.072938 0.791488 -0.133875
v 0.057509 0.790959 -0.129849
v 0.042836 0.790953 -0.123087
v 0.056638 0.775078 -0.129078
v 0.041913 0.775011 -0.121600
v 0.028566 0.775897 -0.111206
v 0.041046 0.759109 -0.120236
v 0.027681 0.759836 -0.109046
v 0.040449 0.743474 -0.119190
v 0.027093 0.743868 -0.107486
v 0.040389 0.728066 -0.118699
v 0.027239 0.728126 -0.107059
v 0.040875 0.712645 -0.118686
v 0.027994 0.712365 -0.107456
v 0.017847 0.712095 -0.094040
v 0.028881 0.696644 -0.108043
v 0.018632 0.696067 -0.095139
v 0.011247 0.695163 -0.080786
v 0.019304 0.680443 -0.096047
v 0.011763 0.679640 -0.081738
v 0.006329 0.678581 -0.066422
v 0.005929 0.693701 -0.065516
v 0.002636 0.677178 -0.050280
v 0.002555 0.691614 -0.049178
v 0.003944 0.675351 -0.033208
v 0.004197 0.689083 -0.031816
v 0.004429 0.702435 -0.030077
v 0.008618 0.686425 -0.014138
v 0.007234 0.699215 -0.012026
v 0.005774 0.711673 -0.009426
v 0.008782 0.696348 0.005631
v 0.007828 0.708779 0.007656
v 0.006623 0.721326 0.009779
v 0.004646 0.724325 -0.005933
v 0.004556 0.734511 0.012180
v 0.002964 0.737629 -0.001195
v 0.000086 0.743079 0.014237
v -0.001455 0.746152 0.002497
v -0.004426 0.734308 0.012815
v -0.006690 0.737660 -0.001169
v -0.009657 0.743120 -0.015419
v -0.009212 0.724535 -0.006507
v -0.013110 0.728913 -0.024196
v -0.011003 0.711593 -0.010443
v -0.014005 0.715005 -0.030249
v -0.012365 0.698415 -0.013253
v -0.013436 0.700928 -0.033690
v -0.018358 0.701940 -0.052951
v -0.012460 0.686559 -0.036022
v -0.018518 0.686512 -0.054533
v -0.029840 0.685565 -0.070376
v -0.029198 0.701557 -0.069431
v -0.040248 0.684789 -0.086397
v -0.040040 0.700706 -0.085891
v -0.050237 0.684329 -0.102567
v -0.050509 0.700073 -0.102439
v -0.050886 0.715776 -0.102428
v -0.062813 0.699698 -0.116757
v -0.063493 0.715369 -0.116988
v -0.064350 0.730952 -0.117474
v -0.051481 0.731261 -0.102768
v -0.065396 0.746487 -0.118293
v -0.052517 0.746537 -0.103852
v -0.066617 0.762096 -0.119399
v -0.053885 0.761981 -0.105539
v -0.042319 0.763219 -0.089186
v -0.031173 0.768732 -0.072420
v -0.055368 0.777586 -0.107625
v -0.044197 0.778477 -0.092090
v -0.033022 0.783035 -0.076652
v -0.046062 0.793797 -0.094998
v -0.034553 0.797481 -0.080809
v -0.022806 0.805620 -0.065231
v -0.035837 0.812032 -0.084894
v -0.023731 0.818914 -0.070619
v -0.009305 0.824658 -0.061963
v -0.024471 0.832453 -0.076025
v -0.010162 0.837298 -0.068536
v -0.000488 0.832208 -0.081244
v -0.010911 0.850302 -0.075185
v -0.000825 0.846002 -0.086632
v 0.008662 0.841997 -0.099694
v -0.001180 0.860021 -0.092006
v 0.008813 0.856690 -0.103786
v 0.020105 0.854962 -0.113730
v 0.009055 0.871575 -0.107795
v 0.020637 0.870299 -0.116581
v 0.033396 0.869934 -0.123610
v 0.021162 0.885855 -0.119275
v 0.033959 0.885778 -0.125311
v 0.047341 0.886102 -0.130180
v 0.034384 0.901868 -0.126922
v 0.047682 0.902327 -0.131026
v 0.061414 0.902894 -0.133807
v 0.047881 0.918808 -0.131829
v 0.061506 0.919380 -0.134021
v 0.075428 0.919911 -0.134351
v 0.061492 0.936088 -0.134380
v 0.075279 0.936563 -0.134461
v 0.089081 0.936939 -0.132918
v 0.075113 0.953432 -0.135370
v 0.088846 0.953749 -0.133698
v 0.102347 0.953936 -0.130197
v 0.088725 0.970849 -0.135297
v 0.102136 0.970955 -0.131320
v 0.115070 0.970907 -0.125684
v 0.101635 0.988225 -0.131172
v 0.114268 0.987941 -0.125029
v 0.125770 0.987453 -0.116902
v 0.113404 1.004869 -0.123064
v 0.124336 1.003938 -0.114460
v 0.134148 1.002857 -0.104637
v 0.101059 1.005483 -0.129478
v 0.088418 0.988302 -0.135662
v 0.088028 1.005846 -0.134140
v 0.074771 0.988131 -0.138161
v 0.074540 1.005892 -0.136815
v 0.061037 0.987791 -0.138600
v 0.060968 1.005689 -0.137551
v 0.047497 0.987465 -0.137671
v 0.047570 1.005452 -0.137139
v 0.034265 0.987387 -0.135957
v 0.034359 1.005425 -0.136402
v 0.021270 0.987571 -0.134353
v 0.021210 1.005624 -0.135597
v 0.008422 0.987828 -0.132833
v 0.007976 1.005915 -0.134725
v -0.004349 0.987826 -0.131398
v -0.005461 1.006029 -0.133561
v -0.016800 0.987194 -0.130706
v -0.018501 1.005630 -0.132741
v -0.028275 0.985950 -0.132111
v -0.029872 1.005194 -0.133608
v -0.039230 0.984975 -0.134931
v -0.040520 1.005248 -0.135081
v -0.050388 0.985398 -0.137608
v -0.051359 1.006068 -0.137048
v -0.062346 0.987406 -0.138551
v -0.062949 1.007481 -0.137485
v -0.075050 0.989975 -0.138037
v -0.075238 1.008937 -0.136789
v -0.088153 0.992093 -0.135530
v -0.087949 1.009968 -0.134183
v -0.101058 0.993356 -0.130957
v -0.100290 1.010349 -0.129029
v -0.113556 0.993969 -0.124909
v -0.112490 1.010356 -0.123072
v -0.125699 0.994083 -0.118092
v -0.123702 1.009775 -0.115143
v -0.134792 0.992872 -0.107498
v -0.133006 1.008371 -0.105034
v -0.143936 0.991309 -0.097193
v -0.141570 1.006612 -0.094401
v -0.152070 0.989358 -0.086424
v -0.149203 1.004560 -0.083349
v -0.159706 0.987343 -0.075389
v -0.156494 1.002446 -0.072212
v -0.167212 0.985535 -0.064174
v -0.163901 1.000535 -0.061162
v -0.172394 0.983329 -0.051744
v -0.168495 0.998173 -0.048707
v -0.177828 0.981371 -0.039296
v -0.174895 0.996355 -0.037106
v -0.183352 0.979705 -0.026818
v -0.180441 0.994655 -0.025122
v -0.190227 0.978717 -0.014928
v -0.186773 0.993420 -0.013515
v -0.195353 0.977720 -0.002079
v -0.191293 0.992144 -0.001007
v -0.201838 0.977647 0.010728
v -0.196957 0.991532 0.011358
v -0.203546 0.976916 0.024601
v -0.198511 0.990432 0.024602
v -0.203788 0.976396 0.038131
v -0.199212 0.989936 0.037573
v -0.204604 0.976354 0.051645
v -0.199901 0.989780 0.050539
v -0.199297 0.974775 0.064069
v -0.194698 0.988030 0.062522
v -0.195359 0.974280 0.077335
v -0.191038 0.987585 0.075115
v -0.186556 0.972471 0.087634
v -0.182024 0.985531 0.084578
v -0.177747 0.971410 0.098303
v -0.174404 0.984944 0.095173
v -0.167443 0.969853 0.106955
v -0.163136 0.982723 0.101279
v -0.155327 0.967639 0.112987
v -0.152745 0.981642 0.108467
v -0.142981 0.965810 0.118309
v -0.141673 0.980352 0.113584
v -0.130531 0.964004 0.120109
v -0.130197 0.978689 0.114948
v -0.118894 0.963678 0.121500
v -0.119649 0.978290 0.117092
v -0.108382 0.964130 0.119420
v -0.109528 0.978221 0.116137
v -0.098456 0.965332 0.115577
v -0.099421 0.979002 0.116881
v -0.087773 0.966690 0.113880
v -0.088703 0.979781 0.115496
v -0.077320 0.967022 0.116730
v -0.078164 0.979776 0.118574
v -0.069628 0.966454 0.125433
v -0.069108 0.979281 0.124867
v -0.059180 0.965508 0.128972
v -0.058269 0.978547 0.127010
v -0.049209 0.964854 0.135346
v -0.048319 0.978355 0.133136
v -0.037587 0.963847 0.138356
v -0.036951 0.977791 0.135839
v -0.026452 0.963197 0.142945
v -0.025682 0.977448 0.138355
v -0.015030 0.962767 0.144757
v -0.014785 0.977205 0.139281
v -0.002682 0.963062 0.145300
v -0.002471 0.977234 0.138463
v 0.014188 0.963542 0.143634
v -0.002541 0.946997 0.148764
v 0.012212 0.947267 0.146821
v 0.026339 0.944841 0.141961
v 0.029913 0.960199 0.140922
v 0.040123 0.938891 0.135565
v 0.043053 0.953174 0.135854
v 0.053677 0.932902 0.127963
v 0.054748 0.946979 0.127189
v 0.067033 0.928505 0.122409
v 0.067091 0.943269 0.120712
v 0.080466 0.925639 0.120864
v 0.080348 0.941006 0.119669
v 0.079816 0.955941 0.119341
v 0.093570 0.939576 0.121001
v 0.092979 0.954743 0.120471
v 0.091272 0.969511 0.118899
v 0.078200 0.970203 0.118133
v 0.088804 0.983892 0.118210
v 0.075704 0.983753 0.118748
v 0.103651 0.969212 0.115577
v 0.100695 0.984200 0.113608
v 0.115969 0.970749 0.117683
v 0.112907 0.985411 0.113157
v 0.128351 0.972624 0.116445
v 0.125014 0.987052 0.111664
v 0.140881 0.974947 0.114196
v 0.137169 0.988915 0.109118
v 0.153396 0.977135 0.110179
v 0.149159 0.990639 0.104940
v 0.165073 0.978725 0.103601
v 0.160581 0.992178 0.099165
v 0.175581 0.979789 0.094785
v 0.170886 0.993183 0.091008
v 0.184593 0.980644 0.084442
v 0.180442 0.994341 0.082129
v 0.192440 0.981505 0.073107
v 0.188210 0.995179 0.071399
v 0.197549 0.981897 0.060223
v 0.193677 0.995694 0.059285
v 0.201390 0.982393 0.046886
v 0.196979 0.995990 0.046349
v 0.201638 0.982324 0.032951
v 0.197229 0.995842 0.033065
v 0.199828 0.982206 0.018957
v 0.195810 0.995825 0.019601
v 0.195677 0.981938 0.005106
v 0.192079 0.995906 0.006027
v 0.190288 0.981708 -0.008308
v 0.199500 0.967806 0.004530
v 0.193685 0.967262 -0.009082
v 0.187561 0.967026 -0.022339
v 0.197184 0.952814 -0.009570
v 0.190710 0.952299 -0.023053
v 0.184468 0.952268 -0.036402
v 0.193922 0.937572 -0.023519
v 0.187223 0.937194 -0.036959
v 0.180765 0.937156 -0.050204
v 0.189884 0.922026 -0.037051
v 0.182796 0.921533 -0.050156
v 0.175420 0.921214 -0.062750
v 0.184170 0.905828 -0.049267
v 0.176443 0.905216 -0.061873
v 0.168613 0.904879 -0.074240
v 0.177543 0.889413 -0.060877
v 0.169542 0.888953 -0.073484
v 0.161116 0.888780 -0.085745
v 0.170491 0.873288 -0.072799
v 0.161966 0.873048 -0.085340
v 0.152671 0.872972 -0.097251
v 0.162796 0.857535 -0.085059
v 0.153486 0.857388 -0.097263
v 0.143168 0.857267 -0.108531
v 0.154221 0.841964 -0.097379
v 0.143890 0.841761 -0.108930
v 0.132306 0.841478 -0.119086
v 0.144504 0.826375 -0.109432
v 0.132790 0.825984 -0.119738
v 0.119304 0.825405 -0.127384
v 0.133134 0.810556 -0.120402
v 0.119447 0.809844 -0.128029
v 0.104571 0.808985 -0.132664
v 0.119508 0.794327 -0.128645
v 0.104374 0.793324 -0.133000
v 0.088717 0.792332 -0.134703
v 0.104147 0.777720 -0.133286
v 0.088275 0.776625 -0.134750
v 0.072273 0.775694 -0.133568
v 0.087898 0.761033 -0.134741
v 0.071724 0.760033 -0.133146
v 0.055885 0.759316 -0.128330
v 0.071342 0.744543 -0.132860
v 0.055417 0.743796 -0.127635
v 0.071244 0.729192 -0.132540
v 0.055298 0.728465 -0.127260
v 0.071397 0.713868 -0.132374
v 0.055595 0.713135 -0.127059
v 0.071788 0.698507 -0.132176
v 0.056137 0.697736 -0.126978
v 0.041602 0.697147 -0.118858
v 0.056812 0.682309 -0.126955
v 0.042359 0.681663 -0.119135
v 0.029752 0.681081 -0.108580
v 0.043151 0.666238 -0.119421
v 0.030533 0.665662 -0.109127
v 0.019949 0.665066 -0.096843
v 0.031274 0.650344 -0.109660
v 0.020600 0.649828 -0.097564
v 0.012829 0.649295 -0.083442
v 0.012316 0.664397 -0.082607
v 0.007272 0.648745 -0.068194
v 0.006771 0.663624 -0.067320
v 0.003084 0.648123 -0.052336
v 0.002736 0.662678 -0.051322
v 0.003278 0.647219 -0.035755
v 0.003666 0.661369 -0.034506
v 0.009911 0.645843 -0.019605
v 0.009856 0.659631 -0.017862
v 0.009667 0.673202 -0.016092
v 0.012402 0.657368 -0.000512
v 0.011051 0.670630 0.001590
v 0.009816 0.683637 0.003638
v 0.014609 0.668649 0.017787
v 0.013424 0.681769 0.019511
v 0.012116 0.694648 0.021090
v 0.018781 0.680552 0.034817
v 0.017157 0.693789 0.035893
v 0.015048 0.707137 0.036098
v 0.010688 0.707322 0.022337
v 0.012112 0.720875 0.034861
v 0.008908 0.720218 0.022897
v 0.007953 0.735362 0.032445
v 0.006014 0.733938 0.022731
v 0.001595 0.744310 0.031436
v 0.000927 0.742507 0.022997
v -0.003092 0.735002 0.033117
v -0.003240 0.733613 0.023345
v -0.005173 0.721105 0.034466
v -0.004980 0.720394 0.022887
v -0.006219 0.721327 0.010279
v -0.006148 0.707149 0.021614
v -0.007302 0.708465 0.007797
v -0.007231 0.693780 0.019908
v -0.008423 0.695437 0.005396
v -0.008270 0.680160 0.017974
v -0.009655 0.682035 0.002992
v -0.013077 0.684760 -0.015684
v -0.010897 0.668264 0.000537
v -0.012724 0.670688 -0.018089
v -0.011383 0.671902 -0.038007
v -0.011600 0.656282 -0.020455
v -0.010373 0.656968 -0.039777
v -0.019141 0.655795 -0.056399
v -0.018769 0.671150 -0.055573
v -0.030696 0.654411 -0.071396
v -0.030302 0.669890 -0.070934
v -0.040357 0.653596 -0.087211
v -0.040338 0.669093 -0.086796
v -0.049757 0.653171 -0.103114
v -0.049982 0.668682 -0.102798
v -0.061441 0.652806 -0.117056
v -0.061844 0.668358 -0.116800
v -0.062289 0.684001 -0.116701
v -0.075939 0.667989 -0.127896
v -0.076523 0.683685 -0.127750
v -0.077202 0.699427 -0.127721
v -0.092181 0.683341 -0.135559
v -0.092884 0.699190 -0.135393
v -0.093696 0.715075 -0.135282
v -0.078035 0.715185 -0.127804
v -0.094684 0.730991 -0.135170
v -0.079024 0.730936 -0.128043
v -0.095800 0.746941 -0.135110
v -0.080158 0.746684 -0.128439
v -0.096998 0.762932 -0.135074
v -0.081408 0.762477 -0.128925
v -0.098322 0.778941 -0.135078
v -0.082838 0.778339 -0.129459
v -0.067859 0.777801 -0.120963
v -0.084439 0.794259 -0.130042
v -0.069269 0.793579 -0.122756
v -0.057022 0.793243 -0.109875
v -0.070919 0.809414 -0.124587
v -0.058767 0.808918 -0.112211
v -0.047809 0.809142 -0.097909
v -0.060601 0.824558 -0.114523
v -0.049357 0.824419 -0.100854
v -0.036806 0.826607 -0.089022
v -0.050625 0.839610 -0.103824
v -0.037570 0.841174 -0.093244
v -0.025074 0.846194 -0.081479
v -0.038103 0.855852 -0.097541
v -0.025510 0.860138 -0.087099
v -0.011629 0.863588 -0.081784
v -0.025769 0.874303 -0.092887
v -0.012190 0.877342 -0.088186
v -0.001471 0.874262 -0.097444
v -0.012649 0.891449 -0.094610
v -0.001622 0.888841 -0.102806
v 0.009330 0.886713 -0.111724
v -0.001707 0.903825 -0.108114
v 0.009594 0.902227 -0.115526
v 0.021596 0.901716 -0.121837
v 0.009756 0.918212 -0.119269
v 0.021899 0.917990 -0.124310
v 0.034655 0.918288 -0.128474
v 0.022010 0.934730 -0.126745
v 0.034751 0.935067 -0.130038
v 0.047946 0.935567 -0.132689
v 0.034652 0.952188 -0.131833
v 0.047857 0.952582 -0.133994
v 0.061387 0.953021 -0.135373
v 0.047654 0.969845 -0.135999
v 0.061209 0.970196 -0.137434
v 0.074989 0.970565 -0.137412
v 0.034423 0.969630 -0.133985
v 0.021880 0.951949 -0.129260
v 0.021558 0.969600 -0.131956
v 0.009551 0.951950 -0.126467
v 0.009044 0.969707 -0.129945
v -0.002412 0.952191 -0.123484
v -0.003207 0.969735 -0.127985
v -0.014312 0.952223 -0.121077
v -0.015256 0.969321 -0.126493
v -0.025901 0.949926 -0.124552
v -0.026733 0.967432 -0.129346
v -0.037653 0.947784 -0.128317
v -0.038102 0.965724 -0.132583
v -0.050006 0.947690 -0.131675
v -0.049843 0.965757 -0.135551
v -0.063441 0.950480 -0.134013
v -0.062501 0.968232 -0.137145
v -0.077377 0.954560 -0.135915
v -0.075828 0.971808 -0.137317
v -0.091271 0.958219 -0.135158
v -0.089367 0.974867 -0.135500
v -0.104579 0.960568 -0.130865
v -0.102600 0.976797 -0.131283
v -0.118041 0.961716 -0.127189
v -0.115754 0.977826 -0.126222
v -0.129593 0.961573 -0.120274
v -0.127896 0.978029 -0.119566
v -0.138308 0.960305 -0.110060
v -0.136851 0.976893 -0.109087
v -0.147470 0.958736 -0.100396
v -0.146230 0.975365 -0.099246
v -0.155863 0.956976 -0.089982
v -0.154415 0.973450 -0.088597
v -0.163813 0.955342 -0.078934
v -0.162249 0.971586 -0.077623
v -0.171756 0.954023 -0.067546
v -0.169774 0.969958 -0.066230
v -0.178874 0.952693 -0.055564
v -0.176103 0.968217 -0.054108
v -0.183722 0.951034 -0.042148
v -0.180972 0.966295 -0.041037
v -0.189430 0.949692 -0.028887
v -0.186349 0.964715 -0.028025
v -0.196210 0.948921 -0.016013
v -0.193346 0.963870 -0.015682
v -0.202447 0.948548 -0.002663
v -0.199110 0.963222 -0.002570
v -0.209286 0.948910 0.010892
v -0.205593 0.963348 0.010709
v -0.211825 0.948717 0.025348
v -0.207773 0.962939 0.024948
v -0.211852 0.948297 0.039535
v -0.208142 0.962536 0.038829
v -0.210236 0.947683 0.053492
v -0.207130 0.962041 0.052544
v -0.207361 0.947067 0.067319
v -0.203889 0.961220 0.065874
v -0.200347 0.945830 0.079785
v -0.197566 0.960067 0.078466
v -0.193974 0.945132 0.092793
v -0.191014 0.959203 0.090850
v -0.183609 0.943591 0.102876
v -0.180240 0.957377 0.100229
v -0.172962 0.942383 0.113095
v -0.170860 0.956484 0.111290
v -0.160076 0.940498 0.120115
v -0.157671 0.953962 0.116856
v -0.145698 0.938338 0.124435
v -0.143871 0.951687 0.121349
v -0.131404 0.936620 0.127685
v -0.130352 0.950266 0.125272
v -0.118041 0.935439 0.127524
v -0.117714 0.949152 0.123802
v -0.106417 0.935631 0.124949
v -0.106445 0.949964 0.122849
v -0.096331 0.936846 0.120118
v -0.096713 0.951266 0.117478
v -0.087040 0.938056 0.114867
v -0.086885 0.952636 0.113642
v -0.077550 0.939047 0.116435
v -0.077241 0.953307 0.116551
v -0.070376 0.939569 0.125131
v -0.070074 0.953146 0.125607
v -0.061103 0.938981 0.131409
v -0.060235 0.952284 0.130702
v -0.049872 0.937052 0.135900
v -0.049425 0.950932 0.135624
v -0.037738 0.934395 0.138462
v -0.037737 0.949268 0.139031
v -0.025633 0.932062 0.140547
v -0.025942 0.947832 0.142125
v -0.013949 0.930686 0.144223
v -0.014743 0.947006 0.146784
v -0.002107 0.930032 0.148251
v -0.013327 0.914711 0.138918
v -0.001613 0.913570 0.142225
v 0.011232 0.913902 0.139655
v 0.011459 0.930185 0.145589
v 0.024604 0.912838 0.136139
v 0.024930 0.928714 0.140324
v 0.038840 0.908583 0.135219
v 0.039153 0.924047 0.135873
v 0.053025 0.903283 0.130596
v 0.053106 0.918454 0.129218
v 0.067116 0.898375 0.126648
v 0.066839 0.913550 0.124284
v 0.081482 0.895373 0.127906
v 0.080719 0.910381 0.124029
v 0.095533 0.894701 0.129820
v 0.094355 0.909156 0.125182
v 0.093814 0.924100 0.121275
v 0.108256 0.909797 0.126845
v 0.107378 0.924128 0.122813
v 0.106853 0.939060 0.120483
v 0.121235 0.925946 0.126274
v 0.119986 0.940672 0.124613
v 0.118365 0.955785 0.121938
v 0.105839 0.954139 0.118119
v 0.133564 0.943097 0.124421
v 0.131206 0.957798 0.120570
v 0.147164 0.945945 0.122080
v 0.144259 0.960542 0.118516
v 0.160307 0.948458 0.117346
v 0.157035 0.962919 0.114059
v 0.172375 0.950303 0.109760
v 0.168976 0.964689 0.107042
v 0.182985 0.951588 0.099924
v 0.179544 0.965855 0.097646
v 0.192140 0.952569 0.088591
v 0.188519 0.966706 0.086594
v 0.199640 0.953342 0.076052
v 0.196141 0.967504 0.074603
v 0.205674 0.954076 0.062654
v 0.201653 0.968060 0.061381
v 0.209455 0.954584 0.048436
v 0.205407 0.968552 0.047557
v 0.210389 0.954734 0.033630
v 0.206199 0.968665 0.033118
v 0.208089 0.954352 0.018807
v 0.204093 0.968384 0.018655
v 0.203168 0.953576 0.004397
v 0.211644 0.940119 0.019325
v 0.206589 0.939251 0.004621
v 0.200552 0.938327 -0.009729
v 0.210061 0.924874 0.005086
v 0.203537 0.923754 -0.009399
v 0.196905 0.922769 -0.023499
v 0.206291 0.909055 -0.008708
v 0.199341 0.907823 -0.022809
v 0.192045 0.906729 -0.036408
v 0.201400 0.892729 -0.021751
v 0.193900 0.891397 -0.035350
v 0.185636 0.890237 -0.048193
v 0.195548 0.876065 -0.034248
v 0.187046 0.874781 -0.047145
v 0.178656 0.873839 -0.059947
v 0.188323 0.859422 -0.046298
v 0.179694 0.858451 -0.059206
v 0.171376 0.857843 -0.072248
v 0.180607 0.843172 -0.058713
v 0.172157 0.842542 -0.071892
v 0.163518 0.842183 -0.084908
v 0.172810 0.827318 -0.071771
v 0.164134 0.826931 -0.084943
v 0.154822 0.826655 -0.097617
v 0.164657 0.811731 -0.085162
v 0.155345 0.811416 -0.098014
v 0.145034 0.811064 -0.110054
v 0.155799 0.796219 -0.098540
v 0.145531 0.795809 -0.110799
v 0.133436 0.795189 -0.121145
v 0.145960 0.780588 -0.111576
v 0.133673 0.779862 -0.121867
v 0.119512 0.778854 -0.129182
v 0.133917 0.764579 -0.122610
v 0.119517 0.763445 -0.129663
v 0.103959 0.762202 -0.133558
v 0.119551 0.748098 -0.130132
v 0.103839 0.746779 -0.133776
v 0.087648 0.745567 -0.134714
v 0.103822 0.731415 -0.133940
v 0.087569 0.730194 -0.134634
v 0.103937 0.716075 -0.134047
v 0.087682 0.714854 -0.134559
v 0.104171 0.700726 -0.134113
v 0.087964 0.699501 -0.134490
v 0.104498 0.685351 -0.134124
v 0.088376 0.684117 -0.134362
v 0.072320 0.683111 -0.132065
v 0.088884 0.668696 -0.134264
v 0.072937 0.667691 -0.132033
v 0.057556 0.666891 -0.126975
v 0.073660 0.652254 -0.131902
v 0.058332 0.651487 -0.127066
v 0.043993 0.650873 -0.119645
v 0.059162 0.636099 -0.127133
v 0.044831 0.635550 -0.119886
v 0.031982 0.635094 -0.110201
v 0.045723 0.620260 -0.120077
v 0.032707 0.619890 -0.110715
v 0.021810 0.619562 -0.098975
v 0.021225 0.634671 -0.098265
v 0.013927 0.619263 -0.085056
v 0.013387 0.634265 -0.084245
v 0.008409 0.619007 -0.069989
v 0.007823 0.633887 -0.069076
v 0.004249 0.618786 -0.054445
v 0.003583 0.633503 -0.053366
v 0.002851 0.618449 -0.038419
v 0.002926 0.632913 -0.037036
v 0.008639 0.617721 -0.022796
v 0.009468 0.631855 -0.021252
v 0.014866 0.616310 -0.006888
v 0.014414 0.630153 -0.004786
v 0.013555 0.643855 -0.002645
v 0.017920 0.628079 0.011972
v 0.016869 0.641761 0.014022
v 0.015734 0.655302 0.015973
v 0.022800 0.640163 0.029854
v 0.021565 0.653800 0.031686
v 0.020238 0.667257 0.033351
v 0.029793 0.653006 0.046571
v 0.028500 0.666590 0.048166
v 0.026976 0.680107 0.049422
v 0.039808 0.666842 0.061541
v 0.038301 0.680767 0.062557
v 0.035355 0.695611 0.062397
v 0.024893 0.693936 0.049952
v 0.029842 0.711735 0.060044
v 0.021530 0.708427 0.048966
v 0.022016 0.727963 0.055302
v 0.016664 0.723380 0.045841
v 0.012891 0.743384 0.049648
v 0.010412 0.738567 0.041526
v 0.001944 0.747861 0.039660
v -0.004431 0.737755 0.043003
v -0.007674 0.722772 0.046175
v -0.017292 0.709217 0.059247
v -0.009726 0.708083 0.047237
v -0.006559 0.707180 0.034440
v -0.011238 0.693749 0.046974
v -0.007784 0.693301 0.033508
v -0.012333 0.679452 0.046110
v -0.008908 0.679311 0.032121
v -0.013264 0.664989 0.044725
v -0.010057 0.665114 0.030348
v -0.009240 0.666257 0.015806
v -0.011133 0.650707 0.028323
v -0.010111 0.652081 0.013513
v -0.011611 0.654165 -0.001975
v -0.010828 0.637666 0.011169
v -0.011681 0.639787 -0.004500
v -0.009834 0.641620 -0.022738
v -0.011221 0.625200 -0.006985
v -0.007776 0.626760 -0.024891
v -0.009964 0.626453 -0.042783
v -0.009908 0.641785 -0.041345
v -0.020362 0.625050 -0.057902
v -0.019657 0.640425 -0.057164
v -0.031527 0.623779 -0.072386
v -0.031119 0.639060 -0.071853
v -0.040318 0.622989 -0.088232
v -0.040354 0.638246 -0.087683
v -0.049377 0.622481 -0.103961
v -0.049555 0.637779 -0.103509
v -0.060803 0.621973 -0.117811
v -0.061099 0.637346 -0.117404
v -0.074765 0.621333 -0.128776
v -0.075075 0.636809 -0.128435
v -0.075471 0.652361 -0.128116
v -0.090717 0.636149 -0.136349
v -0.091090 0.651809 -0.136045
v -0.091573 0.667540 -0.135791
v -0.107869 0.651230 -0.139611
v -0.108280 0.667082 -0.139421
v -0.108789 0.683010 -0.139195
v -0.124523 0.666875 -0.136921
v -0.124914 0.682882 -0.136705
v -0.125316 0.698941 -0.136274
v -0.109410 0.698994 -0.138954
v -0.125828 0.715014 -0.135850
v -0.110091 0.715006 -0.138768
v -0.126345 0.731089 -0.135277
v -0.110883 0.731045 -0.138546
v -0.126882 0.747159 -0.134548
v -0.111815 0.747124 -0.138247
v -0.127446 0.763237 -0.133718
v -0.112813 0.763215 -0.137920
v -0.128075 0.779311 -0.132780
v -0.113931 0.779297 -0.137620
v -0.128718 0.795411 -0.131847
v -0.115088 0.795401 -0.137110
v -0.099797 0.794988 -0.134997
v -0.116324 0.811615 -0.136511
v -0.101404 0.811118 -0.134829
v -0.086209 0.810250 -0.130630
v -0.103008 0.827373 -0.134632
v -0.088045 0.826343 -0.131163
v -0.072699 0.825288 -0.126457
v -0.089907 0.842603 -0.131541
v -0.074574 0.841293 -0.128181
v -0.062295 0.840160 -0.116764
v -0.076431 0.857350 -0.129692
v -0.063826 0.855734 -0.118779
v -0.051489 0.854729 -0.106868
v -0.065125 0.871300 -0.120756
v -0.051992 0.869824 -0.110294
v -0.038475 0.870617 -0.101971
v -0.052142 0.884844 -0.114093
v -0.038686 0.885463 -0.106680
v -0.025914 0.888661 -0.098932
v -0.038666 0.900425 -0.111633
v -0.025955 0.903213 -0.105259
v -0.013045 0.905843 -0.101312
v -0.025853 0.918104 -0.111850
v -0.013383 0.920642 -0.107999
v -0.001785 0.919305 -0.113327
v -0.013745 0.935979 -0.114844
v -0.001968 0.935377 -0.118500
v 0.009796 0.934770 -0.122864
v -0.025691 0.933518 -0.118577
v -0.038436 0.915664 -0.116947
v -0.037932 0.931235 -0.122805
v -0.051500 0.915256 -0.122492
v -0.050771 0.931021 -0.127080
v -0.066031 0.918022 -0.126937
v -0.064850 0.933934 -0.130252
v -0.080047 0.921604 -0.134197
v -0.079005 0.937920 -0.134928
v -0.094359 0.925307 -0.133442
v -0.093061 0.941781 -0.134385
v -0.107795 0.927785 -0.131121
v -0.106406 0.944332 -0.130705
v -0.120626 0.928726 -0.129252
v -0.119660 0.945408 -0.128126
v -0.131045 0.928067 -0.122199
v -0.130640 0.944906 -0.121164
v -0.138753 0.926503 -0.111658
v -0.138738 0.943403 -0.110754
v -0.147155 0.924972 -0.101280
v -0.147545 0.941809 -0.100891
v -0.156453 0.923724 -0.091183
v -0.156368 0.940293 -0.090711
v -0.165155 0.922705 -0.080027
v -0.164642 0.938974 -0.079601
v -0.174936 0.922009 -0.069238
v -0.173476 0.937998 -0.068469
v -0.182967 0.921205 -0.057198
v -0.181256 0.936986 -0.056586
v -0.187753 0.920046 -0.043062
v -0.185907 0.935575 -0.042740
v -0.194488 0.919218 -0.029631
v -0.192165 0.934520 -0.029388
v -0.201484 0.918729 -0.016177
v -0.199071 0.933899 -0.016203
v -0.208105 0.918679 -0.002300
v -0.205489 0.933703 -0.002559
v -0.215685 0.919326 0.011588
v -0.212620 0.934215 0.011232
v -0.219166 0.919535 0.026363
v -0.215763 0.934290 0.025847
v -0.217635 0.918893 0.040741
v -0.214962 0.933735 0.040189
v -0.215566 0.918260 0.055004
v -0.213199 0.933122 0.054356
v -0.211754 0.917564 0.068963
v -0.209709 0.932430 0.068249
v -0.206286 0.916822 0.082488
v -0.203357 0.931443 0.081199
v -0.198640 0.915906 0.095116
v -0.196101 0.930597 0.093912
v -0.189527 0.914873 0.106824
v -0.186808 0.929497 0.105231
v -0.178172 0.913478 0.116459
v -0.175474 0.928133 0.114828
v -0.165183 0.911842 0.123803
v -0.162613 0.926532 0.122333
v -0.151089 0.910059 0.128483
v -0.148345 0.924641 0.126822
v -0.136668 0.908280 0.130055
v -0.133882 0.922775 0.128808
v -0.122930 0.906926 0.128926
v -0.120276 0.921398 0.128571
v -0.110489 0.906639 0.126165
v -0.108212 0.921224 0.125679
v -0.099437 0.907409 0.122071
v -0.097898 0.922160 0.120558
v -0.089481 0.908841 0.117576
v -0.088140 0.923467 0.116200
v -0.079483 0.910912 0.116712
v -0.078373 0.924891 0.116453
v -0.070705 0.913276 0.122432
v -0.070445 0.926161 0.123870
v -0.062126 0.913575 0.129916
v -0.061673 0.925919 0.131033
v -0.051049 0.910428 0.133968
v -0.050330 0.923450 0.135087
v -0.038633 0.905558 0.134728
v -0.037984 0.919736 0.137007
v -0.025808 0.901498 0.132957
v -0.025472 0.916571 0.137352
v -0.013248 0.899165 0.132888
v -0.026940 0.886404 0.128444
v -0.013727 0.883793 0.126767
v -0.000829 0.882724 0.127823
v -0.001160 0.897812 0.135330
v 0.011728 0.882838 0.126696
v 0.011427 0.898188 0.133229
v 0.024721 0.881757 0.125513
v 0.024633 0.897224 0.130924
v 0.038402 0.877798 0.127266
v 0.038525 0.892976 0.132222
v 0.053108 0.872843 0.128189
v 0.053032 0.887741 0.131245
v 0.068621 0.868927 0.126988
v 0.067819 0.883242 0.129585
v 0.084225 0.866923 0.124739
v 0.082732 0.880628 0.130043
v 0.099338 0.866415 0.123994
v 0.097383 0.880319 0.129220
v 0.113730 0.866817 0.127192
v 0.111856 0.881500 0.128761
v 0.109764 0.895786 0.130914
v 0.126361 0.883096 0.130525
v 0.124389 0.897649 0.131101
v 0.122636 0.911769 0.128835
v 0.139258 0.899849 0.130721
v 0.137364 0.914303 0.129425
v 0.135527 0.928620 0.127306
v 0.151967 0.916896 0.127337
v 0.149720 0.931435 0.125158
v 0.165821 0.919243 0.122154
v 0.163235 0.933901 0.120071
v 0.178488 0.921190 0.114270
v 0.175582 0.935819 0.112227
v 0.189553 0.922669 0.104079
v 0.186366 0.937212 0.102120
v 0.198610 0.923668 0.091963
v 0.195474 0.938217 0.090364
v 0.205923 0.924411 0.078723
v 0.202975 0.939007 0.077478
v 0.211625 0.925046 0.064758
v 0.209020 0.939738 0.063808
v 0.215379 0.925560 0.050194
v 0.212855 0.940267 0.049356
v 0.216325 0.925795 0.035157
v 0.213689 0.940420 0.034351
v 0.215098 0.925726 0.020002
v 0.218562 0.910914 0.035893
v 0.218259 0.911078 0.020723
v 0.213111 0.910265 0.005867
v 0.220963 0.896094 0.021384
v 0.215796 0.895365 0.006625
v 0.208673 0.894118 -0.007784
v 0.219190 0.880281 0.006834
v 0.210789 0.878949 -0.006901
v 0.203110 0.877497 -0.020621
v 0.212770 0.863559 -0.006306
v 0.204510 0.862122 -0.019639
v 0.196857 0.860703 -0.033248
v 0.205609 0.846620 -0.018928
v 0.197915 0.845314 -0.032546
v 0.189406 0.844119 -0.045731
v 0.198687 0.829890 -0.032147
v 0.190282 0.828822 -0.045476
v 0.181388 0.827937 -0.058519
v 0.190990 0.813505 -0.045487
v 0.182028 0.812706 -0.058565
v 0.173354 0.812124 -0.071864
v 0.182561 0.797463 -0.058814
v 0.173813 0.796936 -0.072142
v 0.165076 0.796557 -0.085522
v 0.174208 0.781747 -0.072573
v 0.165438 0.781393 -0.086008
v 0.156191 0.781045 -0.099152
v 0.165766 0.766234 -0.086594
v 0.156576 0.765885 -0.099857
v 0.146344 0.765388 -0.112375
v 0.156957 0.750734 -0.100626
v 0.146697 0.750203 -0.113174
v 0.134148 0.749325 -0.123323
v 0.147076 0.735027 -0.114020
v 0.134378 0.734083 -0.124001
v 0.119641 0.732786 -0.130586
v 0.134615 0.718844 -0.124597
v 0.119823 0.717483 -0.131020
v 0.134954 0.703578 -0.125260
v 0.120051 0.702158 -0.131286
v 0.135326 0.688263 -0.125852
v 0.120358 0.686797 -0.131537
v 0.135724 0.672895 -0.126410
v 0.120698 0.671390 -0.131709
v 0.104900 0.669935 -0.134093
v 0.121100 0.655915 -0.131881
v 0.105380 0.654456 -0.134036
v 0.089484 0.653230 -0.134142
v 0.105954 0.638910 -0.133944
v 0.090170 0.637723 -0.134000
v 0.074440 0.636803 -0.131814
v 0.090945 0.622174 -0.133819
v 0.075274 0.621336 -0.131747
v 0.060017 0.620719 -0.127244
v 0.076157 0.605857 -0.131714
v 0.060896 0.605350 -0.127359
v 0.046526 0.604994 -0.120431
v 0.061785 0.589997 -0.127489
v 0.047372 0.589753 -0.120705
v 0.034279 0.589584 -0.111586
v 0.033495 0.604720 -0.111159
v 0.023092 0.589427 -0.100274
v 0.022433 0.604480 -0.099649
v 0.015028 0.589259 -0.086664
v 0.014478 0.604259 -0.085866
v 0.009675 0.589120 -0.071824
v 0.009026 0.604077 -0.070917
v 0.005774 0.589077 -0.056579
v 0.004930 0.603960 -0.055549
v 0.003544 0.589161 -0.041002
v 0.003016 0.603854 -0.039772
v 0.006324 0.589159 -0.025295
v 0.007561 0.603496 -0.024161
v 0.014609 0.588321 -0.010741
v 0.014949 0.602363 -0.008902
v 0.020499 0.586528 0.005402
v 0.019758 0.600445 0.007638
v 0.018905 0.614301 0.009829
v 0.026028 0.598546 0.023628
v 0.025016 0.612499 0.025806
v 0.023937 0.626380 0.027892
v 0.033086 0.611273 0.040789
v 0.032081 0.625311 0.042821
v 0.031013 0.639242 0.044746
v 0.042560 0.624974 0.056256
v 0.041722 0.639094 0.058138
v 0.040859 0.653062 0.059916
v 0.054318 0.639629 0.069806
v 0.053850 0.653928 0.071569
v 0.053217 0.668201 0.073077
v 0.067576 0.655314 0.081470
v 0.066850 0.670218 0.082896
v 0.081272 0.656637 0.090083
v 0.080185 0.671895 0.091350
v 0.095436 0.657679 0.097810
v 0.094286 0.673012 0.099023
v 0.092893 0.688412 0.100378
v 0.109331 0.673939 0.106024
v 0.108277 0.689434 0.107186
v 0.107375 0.705502 0.108635
v 0.092078 0.704805 0.102136
v 0.106650 0.722584 0.110591
v 0.091875 0.723168 0.104369
v 0.106090 0.740261 0.112875
v 0.091888 0.742079 0.106690
v 0.078275 0.746369 0.099314
v 0.064165 0.753143 0.091781
v 0.091956 0.760408 0.108249
v 0.078452 0.764793 0.100782
v 0.063833 0.770359 0.094817
v 0.048407 0.776400 0.090155
v 0.049055 0.761385 0.085462
v 0.077251 0.781645 0.103583
v 0.062247 0.786175 0.098906
v 0.047139 0.791073 0.094523
v 0.031938 0.795585 0.090975
v 0.032992 0.782345 0.085742
v 0.060730 0.801726 0.101928
v 0.045492 0.805534 0.099127
v 0.030479 0.808956 0.096730
v 0.015773 0.811907 0.094336
v 0.016747 0.799392 0.087942
v 0.043391 0.819551 0.104947
v 0.028968 0.822697 0.102416
v 0.014793 0.825057 0.100689
v 0.000203 0.826229 0.100383
v 0.000615 0.813484 0.093509
v 0.027522 0.836857 0.108005
v 0.013882 0.838708 0.107005
v -0.000178 0.839496 0.107050
v -0.016259 0.839112 0.109546
v -0.016144 0.825407 0.103845
v 0.013006 0.852865 0.113440
v -0.000448 0.853283 0.113720
v -0.015757 0.853475 0.115030
v -0.031049 0.854889 0.119283
v -0.032528 0.839674 0.114203
v -0.000627 0.867904 0.120366
v -0.014706 0.868472 0.120828
v -0.028865 0.870760 0.123970
v -0.042545 0.876387 0.128504
v -0.040024 0.891532 0.131831
v 0.012232 0.867676 0.119987
v 0.026159 0.851349 0.114021
v 0.025171 0.866407 0.119830
v 0.039999 0.848650 0.114903
v 0.038815 0.863014 0.121385
v 0.055068 0.845765 0.114159
v 0.053698 0.859133 0.121474
v 0.070783 0.842265 0.115163
v 0.069622 0.856083 0.119502
v 0.086202 0.838861 0.119391
v 0.085553 0.853399 0.119621
v 0.101522 0.836960 0.122940
v 0.100573 0.851702 0.123373
v 0.116403 0.836734 0.126330
v 0.115093 0.851798 0.127287
v 0.130990 0.837675 0.129668
v 0.129641 0.853044 0.130099
v 0.128108 0.868185 0.130464
v 0.144439 0.854776 0.130985
v 0.142892 0.870046 0.131319
v 0.141146 0.885084 0.131250
v 0.157725 0.872078 0.129358
v 0.155959 0.887241 0.129250
v 0.154038 0.902192 0.128678
v 0.170240 0.889383 0.124416
v 0.168112 0.904413 0.123555
v 0.183508 0.891360 0.116938
v 0.181074 0.906369 0.115791
v 0.194988 0.892896 0.106703
v 0.192407 0.907897 0.105609
v 0.204077 0.893860 0.094232
v 0.201453 0.908886 0.093248
v 0.210899 0.894437 0.080484
v 0.208516 0.909553 0.079723
v 0.215977 0.894892 0.066151
v 0.213940 0.910104 0.065569
v 0.219033 0.895305 0.051381
v 0.217260 0.910550 0.050878
v 0.220738 0.895783 0.036460
v 0.220601 0.879820 0.051649
v 0.222696 0.880364 0.036799
v 0.223741 0.880827 0.021804
v 0.224288 0.864660 0.036898
v 0.225974 0.865183 0.022034
v 0.221741 0.864808 0.007095
v 0.227893 0.849253 0.022022
v 0.223852 0.849055 0.007137
v 0.214373 0.847960 -0.005933
v 0.225478 0.833135 0.006918
v 0.215739 0.832242 -0.005916
v 0.206415 0.831046 -0.018526
v 0.217030 0.816468 -0.006338
v 0.207343 0.815440 -0.018662
v 0.199247 0.814432 -0.032035
v 0.208359 0.799798 -0.019223
v 0.199785 0.798934 -0.032242
v 0.191561 0.798155 -0.045712
v 0.200211 0.783391 -0.032621
v 0.191993 0.782771 -0.046080
v 0.183023 0.782201 -0.059232
v 0.192418 0.767371 -0.046606
v 0.183434 0.766930 -0.059774
v 0.174562 0.766554 -0.073121
v 0.183819 0.751659 -0.060410
v 0.174893 0.751364 -0.073758
v 0.166073 0.751080 -0.087255
v 0.175217 0.736186 -0.074463
v 0.166383 0.735934 -0.087979
v 0.157364 0.735589 -0.101457
v 0.166705 0.720798 -0.088750
v 0.157763 0.720446 -0.102295
v 0.147458 0.719848 -0.114848
v 0.158189 0.705291 -0.103155
v 0.147867 0.704646 -0.115666
v 0.158627 0.690106 -0.104012
v 0.148303 0.689404 -0.116450
v 0.159110 0.674870 -0.104910
v 0.148758 0.674102 -0.117231
v 0.159655 0.659582 -0.105846
v 0.149243 0.658739 -0.118027
v 0.136121 0.657457 -0.126901
v 0.149788 0.643300 -0.118809
v 0.136551 0.641931 -0.127306
v 0.121566 0.640356 -0.131939
v 0.137147 0.626314 -0.127766
v 0.122145 0.624707 -0.131937
v 0.106635 0.623294 -0.133823
v 0.122844 0.608966 -0.131837
v 0.107428 0.607616 -0.133649
v 0.091808 0.606592 -0.133601
v 0.108344 0.591876 -0.133488
v 0.092749 0.590981 -0.133420
v 0.077098 0.590380 -0.131626
v 0.093755 0.575364 -0.133217
v 0.078063 0.574924 -0.131538
v 0.062669 0.574678 -0.127630
v 0.079024 0.559523 -0.131425
v 0.063534 0.559424 -0.127746
v 0.048969 0.559408 -0.121237
v 0.048221 0.574552 -0.120920
v 0.035723 0.559421 -0.112392
v 0.035012 0.574483 -0.112010
v 0.024302 0.559400 -0.101497
v 0.023650 0.574406 -0.100947
v 0.016194 0.559295 -0.088193
v 0.015585 0.574272 -0.087441
v 0.011043 0.559245 -0.073548
v 0.010327 0.574166 -0.072707
v 0.007619 0.559365 -0.058435
v 0.006668 0.574191 -0.057539
v 0.005172 0.559707 -0.043091
v 0.004243 0.574418 -0.042099
v 0.005878 0.560123 -0.027677
v 0.005917 0.574680 -0.026535
v 0.013050 0.559831 -0.013673
v 0.013840 0.574158 -0.012292
v 0.021308 0.558389 0.001089
v 0.020995 0.572520 0.003211
v 0.029044 0.556503 0.016500
v 0.028061 0.570545 0.018956
v 0.027053 0.584560 0.021339
v 0.036130 0.568908 0.034067
v 0.035102 0.583044 0.036404
v 0.034098 0.597173 0.038641
v 0.045045 0.582206 0.050159
v 0.044209 0.596497 0.052255
v 0.043377 0.610761 0.054297
v 0.056081 0.596464 0.064274
v 0.055434 0.610874 0.066174
v 0.054833 0.625266 0.068018
v 0.068725 0.611388 0.076525
v 0.068305 0.625956 0.078160
v 0.067928 0.640576 0.079829
v 0.082317 0.626758 0.087163
v 0.081866 0.641589 0.088629
v 0.096825 0.627554 0.095202
v 0.096213 0.642507 0.096546
v 0.111979 0.628418 0.101981
v 0.111188 0.643408 0.103506
v 0.110323 0.658595 0.104835
v 0.127185 0.644678 0.107569
v 0.126102 0.659799 0.109675
v 0.124999 0.675090 0.111559
v 0.142755 0.661754 0.109532
v 0.141492 0.676998 0.112183
v 0.140211 0.692407 0.114890
v 0.123925 0.690627 0.113109
v 0.138959 0.708099 0.117392
v 0.122947 0.706580 0.114467
v 0.137802 0.724144 0.119633
v 0.122076 0.723102 0.115805
v 0.136792 0.740545 0.121393
v 0.121283 0.740023 0.117469
v 0.135901 0.757116 0.123080
v 0.120550 0.756985 0.119646
v 0.105716 0.757874 0.115000
v 0.119836 0.773713 0.121947
v 0.105352 0.775007 0.116548
v 0.091642 0.777788 0.109387
v 0.104744 0.791438 0.117700
v 0.090392 0.794091 0.111541
v 0.075684 0.797663 0.106293
v 0.089205 0.809781 0.113149
v 0.073962 0.813007 0.109347
v 0.058396 0.816180 0.107391
v 0.071797 0.827374 0.114264
v 0.056563 0.831032 0.110863
v 0.041748 0.834374 0.108830
v 0.087537 0.824482 0.116656
v 0.103835 0.807186 0.118943
v 0.102946 0.822415 0.120012
v 0.118297 0.805973 0.124895
v 0.117459 0.821521 0.125525
v 0.133158 0.806179 0.128528
v 0.132155 0.822070 0.129233
v 0.148198 0.807316 0.129330
v 0.147067 0.823424 0.130168
v 0.145821 0.839244 0.130597
v 0.161930 0.825212 0.128486
v 0.160684 0.841109 0.128936
v 0.159308 0.856717 0.129234
v 0.175260 0.843123 0.124784
v 0.173839 0.858746 0.124843
v 0.172140 0.874149 0.124711
v 0.187509 0.860677 0.117788
v 0.185625 0.876113 0.117457
v 0.199325 0.862168 0.107829
v 0.197359 0.877665 0.107446
v 0.208345 0.863005 0.095196
v 0.206421 0.878567 0.094890
v 0.214673 0.863431 0.081117
v 0.212981 0.879055 0.080957
v 0.219018 0.863738 0.066491
v 0.217675 0.879425 0.066458
v 0.221815 0.864106 0.051656
v 0.219960 0.847881 0.066257
v 0.222593 0.848190 0.051416
v 0.225389 0.848700 0.036762
v 0.223212 0.832109 0.051016
v 0.226223 0.832555 0.036438
v 0.229072 0.833129 0.021786
v 0.227003 0.816310 0.035899
v 0.229989 0.816947 0.021248
v 0.226788 0.817146 0.006398
v 0.230873 0.800749 0.020400
v 0.227630 0.801083 0.005716
v 0.218271 0.800647 -0.007122
v 0.228683 0.785039 0.004642
v 0.219261 0.784770 -0.008038
v 0.209042 0.784088 -0.019832
v 0.220101 0.768850 -0.009060
v 0.209629 0.768341 -0.020546
v 0.200582 0.767821 -0.033124
v 0.210218 0.752580 -0.021345
v 0.201039 0.752249 -0.033787
v 0.192756 0.751967 -0.047189
v 0.201486 0.736694 -0.034506
v 0.193105 0.736585 -0.047856
v 0.184185 0.736406 -0.061115
v 0.193466 0.721242 -0.048597
v 0.184549 0.721182 -0.061883
v 0.175543 0.721028 -0.075225
v 0.184914 0.705986 -0.062712
v 0.175883 0.705882 -0.076043
v 0.167056 0.705661 -0.089569
v 0.176238 0.690737 -0.076913
v 0.167444 0.690508 -0.090434
v 0.176623 0.675578 -0.077833
v 0.167861 0.675321 -0.091337
v 0.177064 0.660387 -0.078800
v 0.168326 0.660091 -0.092269
v 0.177556 0.645149 -0.079785
v 0.168846 0.644809 -0.093219
v 0.160254 0.644234 -0.106787
v 0.169452 0.629461 -0.094176
v 0.160897 0.628803 -0.107687
v 0.150396 0.627766 -0.119520
v 0.161658 0.613266 -0.108570
v 0.151180 0.612116 -0.120254
v 0.137814 0.610577 -0.127999
v 0.152087 0.596308 -0.120921
v 0.138588 0.594695 -0.128072
v 0.123700 0.593125 -0.131741
v 0.139534 0.578635 -0.128085
v 0.124689 0.577165 -0.131532
v 0.109363 0.576083 -0.133199
v 0.125829 0.561096 -0.131322
v 0.110467 0.560263 -0.132963
v 0.094792 0.559773 -0.132959
v 0.111582 0.544471 -0.132685
v 0.095794 0.544259 -0.132611
v 0.079941 0.544203 -0.131297
v 0.096645 0.528879 -0.132180
v 0.080742 0.528970 -0.131079
v 0.065115 0.529112 -0.127912
v 0.064370 0.544245 -0.127823
v 0.050550 0.529284 -0.121582
v 0.049741 0.544331 -0.121475
v 0.037307 0.529375 -0.112891
v 0.036485 0.544391 -0.112678
v 0.025244 0.529322 -0.102882
v 0.024810 0.544369 -0.102162
v 0.017498 0.529355 -0.089536
v 0.016950 0.544322 -0.088862
v 0.012564 0.529588 -0.074994
v 0.011756 0.544389 -0.074344
v 0.009616 0.530008 -0.060061
v 0.008583 0.544655 -0.059279
v 0.007746 0.530511 -0.045059
v 0.006313 0.545083 -0.044033
v 0.006862 0.530854 -0.030082
v 0.006175 0.545487 -0.028818
v 0.011769 0.530771 -0.016138
v 0.012360 0.545314 -0.014947
v 0.021334 0.529773 -0.002625
v 0.021372 0.544105 -0.000866
v 0.030676 0.528320 0.011773
v 0.029934 0.542427 0.014060
v 0.039642 0.526769 0.026455
v 0.038338 0.540739 0.029095
v 0.037198 0.554794 0.031628
v 0.047975 0.539466 0.043313
v 0.046891 0.553654 0.045703
v 0.045911 0.567913 0.047993
v 0.058262 0.553208 0.058292
v 0.057456 0.567620 0.060354
v 0.056737 0.582044 0.062350
v 0.070262 0.567825 0.071309
v 0.069709 0.582336 0.073090
v 0.069203 0.596853 0.074830
v 0.083583 0.582874 0.082578
v 0.083165 0.597441 0.084149
v 0.082752 0.612061 0.085664
v 0.097821 0.598114 0.092301
v 0.097344 0.612769 0.093797
v 0.113421 0.598966 0.098410
v 0.112721 0.613611 0.100263
v 0.130180 0.600203 0.100745
v 0.129257 0.614903 0.102931
v 0.128243 0.629719 0.105268
v 0.146068 0.616392 0.103781
v 0.145070 0.631457 0.105259
v 0.143953 0.646582 0.107216
v 0.161031 0.632901 0.109016
v 0.160253 0.648343 0.109087
v 0.159214 0.663808 0.109669
v 0.175325 0.649720 0.115907
v 0.174642 0.665445 0.115301
v 0.173740 0.681237 0.114804
v 0.157949 0.679310 0.110867
v 0.172550 0.697074 0.114613
v 0.156570 0.694845 0.112826
v 0.171144 0.712927 0.114864
v 0.155172 0.710454 0.115412
v 0.169576 0.728803 0.115965
v 0.153804 0.726198 0.118356
v 0.168024 0.744675 0.117995
v 0.152545 0.742142 0.121247
v 0.166607 0.760576 0.120705
v 0.151406 0.758278 0.123901
v 0.165374 0.776593 0.123624
v 0.150319 0.774624 0.125979
v 0.135012 0.773660 0.125089
v 0.149261 0.791015 0.127874
v 0.134093 0.790033 0.127126
v 0.119104 0.790063 0.123702
v 0.164223 0.792807 0.125935
v 0.163094 0.809064 0.127562
v 0.178806 0.795166 0.121782
v 0.177582 0.811229 0.123321
v 0.176431 0.827258 0.124281
v 0.191284 0.813425 0.116597
v 0.190065 0.829258 0.117333
v 0.188962 0.845038 0.117827
v 0.201919 0.830747 0.107386
v 0.200773 0.846486 0.107800
v 0.211025 0.831498 0.094830
v 0.209754 0.847276 0.095119
v 0.217048 0.831761 0.080639
v 0.216053 0.847653 0.081016
v 0.220665 0.831888 0.065832
v 0.218094 0.815760 0.080179
v 0.221461 0.815764 0.065330
v 0.223815 0.815889 0.050473
v 0.222214 0.799533 0.064732
v 0.224292 0.799595 0.049756
v 0.227601 0.800029 0.035101
v 0.224667 0.783272 0.048884
v 0.228112 0.783742 0.034100
v 0.231702 0.784543 0.019308
v 0.228548 0.767469 0.032964
v 0.232251 0.768331 0.018092
v 0.229381 0.768947 0.003488
v 0.232955 0.752123 0.016804
v 0.229988 0.752825 0.002347
v 0.220789 0.752903 -0.010066
v 0.231363 0.736750 0.000890
v 0.221721 0.736972 -0.011218
v 0.210945 0.736838 -0.022286
v 0.222767 0.721059 -0.012421
v 0.211639 0.721138 -0.023231
v 0.201970 0.721187 -0.035306
v 0.212413 0.705508 -0.024313
v 0.202377 0.705737 -0.036128
v 0.193841 0.705947 -0.049417
v 0.202969 0.690362 -0.037186
v 0.194211 0.690692 -0.050316
v 0.185298 0.690814 -0.063614
v 0.194598 0.675456 -0.051305
v 0.185704 0.675643 -0.064579
v 0.195059 0.660210 -0.052395
v 0.186140 0.660450 -0.065592
v 0.195583 0.644925 -0.053535
v 0.186640 0.645214 -0.066642
v 0.196254 0.629583 -0.054733
v 0.187252 0.629925 -0.067718
v 0.178159 0.629855 -0.080801
v 0.188011 0.614585 -0.068789
v 0.178878 0.614505 -0.081812
v 0.170169 0.614033 -0.095130
v 0.179752 0.599108 -0.082810
v 0.171020 0.598513 -0.096060
v 0.162474 0.597584 -0.109354
v 0.172035 0.582887 -0.096929
v 0.163457 0.581732 -0.110085
v 0.153149 0.580298 -0.121498
v 0.164737 0.565692 -0.110744
v 0.154302 0.564031 -0.121806
v 0.140622 0.562369 -0.127910
v 0.155806 0.547502 -0.121982
v 0.141942 0.545910 -0.127622
v 0.127070 0.544963 -0.131036
v 0.143299 0.529425 -0.127100
v 0.128238 0.528958 -0.130716
v 0.112550 0.528845 -0.132324
v 0.128894 0.513301 -0.130541
v 0.113124 0.513495 -0.131737
v 0.097193 0.513654 -0.131714
v 0.112666 0.498690 -0.130699
v 0.096754 0.498828 -0.130972
v 0.080879 0.498878 -0.130419
v 0.081298 0.513783 -0.130889
v 0.065442 0.498836 -0.126920
v 0.065730 0.513954 -0.127778
v 0.051634 0.498808 -0.120224
v 0.051290 0.514172 -0.121526
v 0.038071 0.499043 -0.112384
v 0.038065 0.514312 -0.113051
v 0.026298 0.499151 -0.102602
v 0.025830 0.514296 -0.103334
v 0.018595 0.499269 -0.089579
v 0.018031 0.514445 -0.089975
v 0.014210 0.499692 -0.075004
v 0.013542 0.514817 -0.075319
v 0.011671 0.500245 -0.060483
v 0.010744 0.515302 -0.060588
v 0.010553 0.500859 -0.046112
v 0.009502 0.515869 -0.045919
v 0.009996 0.501501 -0.031837
v 0.008360 0.516271 -0.031307
v 0.010643 0.501979 -0.018661
v 0.011283 0.516304 -0.017183
v 0.020122 0.500940 -0.006046
v 0.021247 0.515439 -0.004187
v 0.030504 0.499613 0.007827
v 0.031121 0.514132 0.009811
v 0.040691 0.498333 0.021723
v 0.040870 0.512765 0.023915
v 0.051393 0.497194 0.035373
v 0.050663 0.511434 0.038154
v 0.049171 0.525394 0.040840
v 0.061537 0.510454 0.051531
v 0.060252 0.524589 0.053936
v 0.059173 0.538844 0.056165
v 0.072699 0.524384 0.065542
v 0.071704 0.538823 0.067548
v 0.070909 0.553317 0.069464
v 0.085116 0.539223 0.077635
v 0.084506 0.553794 0.079317
v 0.084021 0.568336 0.080955
v 0.099154 0.554559 0.087389
v 0.098725 0.569058 0.089031
v 0.098265 0.583552 0.090735
v 0.114640 0.570006 0.094513
v 0.114053 0.584440 0.096521
v 0.131517 0.571032 0.097238
v 0.130945 0.585588 0.098838
v 0.147354 0.571544 0.103043
v 0.147299 0.586414 0.102798
v 0.146845 0.601377 0.102962
v 0.161861 0.586914 0.111309
v 0.161823 0.602192 0.110387
v 0.161556 0.617513 0.109576
v 0.176493 0.602804 0.117666
v 0.176188 0.618413 0.117176
v 0.175802 0.634043 0.116489
v 0.191408 0.618918 0.118130
v 0.190899 0.634736 0.118479
v 0.190353 0.650653 0.118528
v 0.204689 0.635249 0.112193
v 0.203930 0.651253 0.112461
v 0.203198 0.667432 0.112831
v 0.189688 0.666678 0.118490
v 0.202526 0.683734 0.113389
v 0.188919 0.682772 0.118473
v 0.201671 0.700099 0.113707
v 0.187932 0.698916 0.118233
v 0.200700 0.716477 0.114036
v 0.186766 0.715009 0.117989
v 0.199615 0.732880 0.114485
v 0.185371 0.731105 0.117986
v 0.198239 0.749267 0.114704
v 0.183756 0.747165 0.118074
v 0.196701 0.765526 0.115225
v 0.181958 0.763192 0.118520
v 0.194811 0.781601 0.115549
v 0.180207 0.779160 0.119823
v 0.192933 0.797550 0.116026
v 0.206481 0.783092 0.106146
v 0.204899 0.799159 0.106616
v 0.203239 0.815001 0.106924
v 0.213457 0.799654 0.093899
v 0.212241 0.815647 0.094391
v 0.219237 0.799636 0.079702
v 0.214654 0.783461 0.093345
v 0.220248 0.783382 0.079122
v 0.222921 0.783231 0.064028
v 0.221311 0.767035 0.078508
v 0.223614 0.766894 0.063244
v 0.225149 0.766958 0.047933
v 0.224309 0.750546 0.062416
v 0.225572 0.750647 0.046921
v 0.228975 0.751203 0.031766
v 0.225582 0.734342 0.045848
v 0.229138 0.734933 0.030549
v 0.233465 0.735883 0.015493
v 0.229132 0.718655 0.029361
v 0.234075 0.719617 0.014245
v 0.232355 0.720609 -0.000366
v 0.234825 0.703305 0.013088
v 0.233413 0.704457 -0.001597
v 0.223856 0.705194 -0.013705
v 0.234119 0.688301 -0.002688
v 0.224658 0.689369 -0.014865
v 0.213171 0.689952 -0.025487
v 0.225662 0.673644 -0.016398
v 0.214031 0.674469 -0.026904
v 0.203595 0.675029 -0.038385
v 0.214870 0.658983 -0.028443
v 0.204229 0.659687 -0.039679
v 0.215637 0.643473 -0.029987
v 0.204803 0.644304 -0.040956
v 0.216584 0.627939 -0.031635
v 0.205706 0.628887 -0.042455
v 0.217735 0.612359 -0.033291
v 0.206669 0.613376 -0.043831
v 0.197096 0.614175 -0.055914
v 0.208045 0.597782 -0.045310
v 0.198187 0.598712 -0.057091
v 0.188963 0.599219 -0.069846
v 0.199522 0.583212 -0.058254
v 0.190154 0.583874 -0.070893
v 0.180831 0.583695 -0.083773
v 0.191612 0.568505 -0.071998
v 0.182209 0.568246 -0.084656
v 0.173321 0.567156 -0.097669
v 0.183954 0.552580 -0.085460
v 0.175034 0.551296 -0.098158
v 0.166434 0.549462 -0.111191
v 0.177290 0.534939 -0.098419
v 0.168622 0.532943 -0.111223
v 0.157581 0.530754 -0.121775
v 0.171031 0.515628 -0.111487
v 0.159091 0.513970 -0.121403
v 0.144153 0.513292 -0.126579
v 0.158734 0.498146 -0.120769
v 0.143642 0.498159 -0.125983
v 0.128382 0.498467 -0.130019
v 0.143307 0.484636 -0.127038
v 0.127754 0.485004 -0.129337
v 0.112134 0.485003 -0.130568
v 0.126749 0.474859 -0.123472
v 0.111982 0.474189 -0.125917
v 0.096792 0.473571 -0.127362
v 0.096340 0.484823 -0.131301
v 0.081316 0.473165 -0.127124
v 0.080360 0.484627 -0.130865
v 0.066147 0.473048 -0.124361
v 0.064475 0.484496 -0.128646
v 0.051649 0.473154 -0.119208
v 0.049715 0.484670 -0.122664
v 0.038442 0.473410 -0.111621
v 0.036263 0.484931 -0.114198
v 0.028108 0.473797 -0.100612
v 0.024391 0.485075 -0.103664
v 0.020377 0.474174 -0.087710
v 0.016324 0.485488 -0.090187
v 0.015062 0.474453 -0.073997
v 0.011958 0.486040 -0.075350
v 0.012698 0.474847 -0.059845
v 0.009526 0.486545 -0.060628
v 0.011395 0.475328 -0.046131
v 0.008289 0.487047 -0.046338
v 0.010111 0.475789 -0.033212
v 0.007856 0.487584 -0.032541
v 0.010634 0.476607 -0.021163
v 0.009451 0.487781 -0.020051
v 0.019641 0.474754 -0.008481
v 0.017615 0.486605 -0.006722
v 0.030458 0.473637 0.005175
v 0.028166 0.485377 0.007383
v 0.041328 0.472763 0.018569
v 0.038910 0.484257 0.021105
v 0.052467 0.471801 0.031803
v 0.049958 0.483122 0.034699
v 0.064458 0.470914 0.044302
v 0.061771 0.482165 0.047675
v 0.062641 0.496263 0.048549
v 0.074331 0.481473 0.059817
v 0.074809 0.495614 0.060661
v 0.073937 0.510019 0.063318
v 0.087794 0.495257 0.071521
v 0.087020 0.509972 0.073922
v 0.085911 0.524613 0.075919
v 0.101280 0.510377 0.082219
v 0.100353 0.525287 0.083984
v 0.099685 0.540000 0.085645
v 0.116019 0.526209 0.089213
v 0.115626 0.541035 0.090613
v 0.115160 0.555580 0.092508
v 0.131563 0.541794 0.095636
v 0.131753 0.556475 0.096090
v 0.146069 0.542035 0.104187
v 0.146920 0.556757 0.103612
v 0.160695 0.541688 0.112685
v 0.161335 0.556577 0.112620
v 0.161711 0.571689 0.112088
v 0.176922 0.556129 0.117569
v 0.176852 0.571606 0.117771
v 0.176717 0.587198 0.117795
v 0.192579 0.571705 0.117735
v 0.192233 0.587390 0.117817
v 0.191882 0.603133 0.118012
v 0.206560 0.587851 0.111560
v 0.206008 0.603574 0.111700
v 0.205362 0.619374 0.111861
v 0.217694 0.604206 0.101151
v 0.216823 0.620011 0.101360
v 0.215982 0.635911 0.101763
v 0.224920 0.620645 0.087896
v 0.224022 0.636578 0.088422
v 0.223025 0.652595 0.088982
v 0.215136 0.651929 0.102261
v 0.221985 0.668703 0.089523
v 0.214253 0.668102 0.102730
v 0.221055 0.684928 0.090033
v 0.213277 0.684405 0.103087
v 0.220087 0.701268 0.090494
v 0.212390 0.700800 0.103509
v 0.219068 0.717679 0.090984
v 0.211456 0.717257 0.103998
v 0.218047 0.734132 0.091561
v 0.210404 0.733763 0.104522
v 0.216986 0.750618 0.092180
v 0.209255 0.750306 0.105087
v 0.215880 0.767087 0.092787
v 0.207958 0.766778 0.105628
v 0.222332 0.750641 0.077841
v 0.223244 0.734234 0.077119
v 0.224937 0.734199 0.061555
v 0.224105 0.717839 0.076414
v 0.225596 0.717866 0.060725
v 0.225674 0.718050 0.044823
v 0.226297 0.701574 0.059944
v 0.225908 0.701784 0.043875
v 0.229183 0.702366 0.028253
v 0.226265 0.685562 0.042999
v 0.229568 0.686085 0.027296
v 0.235032 0.686943 0.011988
v 0.229907 0.669870 0.026377
v 0.235226 0.670678 0.010886
v 0.234945 0.672216 -0.004065
v 0.234833 0.654556 0.009766
v 0.234719 0.656213 -0.005262
v 0.226457 0.657921 -0.017950
v 0.234601 0.640379 -0.006568
v 0.227179 0.642247 -0.019546
v 0.235241 0.624666 -0.008145
v 0.228163 0.626609 -0.021279
v 0.235732 0.609007 -0.009608
v 0.229070 0.610959 -0.022834
v 0.235582 0.593246 -0.010763
v 0.229921 0.595204 -0.024180
v 0.219147 0.596660 -0.034895
v 0.230976 0.579213 -0.025404
v 0.220822 0.580761 -0.036415
v 0.209615 0.582050 -0.046691
v 0.222616 0.564625 -0.037946
v 0.211403 0.566186 -0.048280
v 0.201069 0.567644 -0.059598
v 0.212982 0.550128 -0.050330
v 0.202630 0.551800 -0.061444
v 0.193342 0.552813 -0.073395
v 0.204241 0.535110 -0.064200
v 0.195356 0.536031 -0.075443
v 0.186236 0.536043 -0.086572
v 0.198064 0.517137 -0.078430
v 0.189103 0.517445 -0.088615
v 0.179973 0.516959 -0.099348
v 0.191535 0.498226 -0.091494
v 0.181519 0.498388 -0.101336
v 0.171489 0.498435 -0.112249
v 0.182980 0.484053 -0.104392
v 0.171896 0.484197 -0.114531
v 0.158529 0.484065 -0.122642
v 0.169029 0.473882 -0.110752
v 0.155621 0.474317 -0.116805
v 0.141403 0.474804 -0.120927
v 0.180882 0.473035 -0.102636
v 0.193375 0.483561 -0.094363
v 0.191630 0.472167 -0.093248
v 0.203408 0.483004 -0.084300
v 0.202139 0.471380 -0.083655
v 0.212782 0.482489 -0.073669
v 0.211368 0.470746 -0.072819
v 0.221440 0.482186 -0.061908
v 0.219620 0.470385 -0.060722
v 0.228799 0.482127 -0.048382
v 0.225427 0.470401 -0.046546
v 0.234402 0.482495 -0.032838
v 0.229793 0.470837 -0.031054
v 0.237055 0.483397 -0.015785
v 0.232887 0.471649 -0.014901
v 0.236223 0.484571 0.000723
v 0.234922 0.473455 0.000884
v 0.237631 0.485034 0.016799
v 0.236693 0.473038 0.016856
v 0.239437 0.485542 0.033382
v 0.237973 0.473441 0.033292
v 0.240219 0.485980 0.050099
v 0.238102 0.473902 0.049687
v 0.238603 0.486301 0.067007
v 0.236546 0.474361 0.066265
v 0.233793 0.487018 0.084086
v 0.232326 0.475210 0.083076
v 0.224757 0.487764 0.099070
v 0.224035 0.476036 0.098119
v 0.212223 0.487778 0.111176
v 0.211731 0.476093 0.109781
v 0.195438 0.486754 0.117685
v 0.195097 0.475178 0.115121
v 0.176925 0.485120 0.117237
v 0.177187 0.473441 0.115332
v 0.159194 0.483385 0.112641
v 0.160044 0.471757 0.110193
v 0.143445 0.482329 0.106003
v 0.144775 0.470859 0.102945
v 0.129018 0.481769 0.098533
v 0.130608 0.470388 0.095303
v 0.114976 0.481344 0.090202
v 0.116865 0.469977 0.086878
v 0.101150 0.481119 0.081008
v 0.103478 0.469778 0.077349
v 0.087488 0.481126 0.070975
v 0.090181 0.469821 0.067076
v 0.077139 0.470199 0.056030
v 0.101400 0.495311 0.080978
v 0.115544 0.495571 0.089305
v 0.116318 0.510964 0.088546
v 0.129422 0.495970 0.097584
v 0.130267 0.511473 0.096630
v 0.131092 0.526851 0.095645
v 0.143944 0.511954 0.105171
v 0.144917 0.527195 0.104785
v 0.159285 0.512199 0.111189
v 0.159885 0.526960 0.112160
v 0.176300 0.512436 0.116336
v 0.176463 0.526311 0.116751
v 0.176797 0.540934 0.117213
v 0.193681 0.526273 0.117293
v 0.193273 0.540763 0.117510
v 0.192932 0.556116 0.117566
v 0.208424 0.541394 0.111315
v 0.207700 0.556706 0.111345
v 0.207111 0.572223 0.111463
v 0.219699 0.557572 0.100466
v 0.219090 0.572961 0.100756
v 0.218448 0.588508 0.100978
v 0.227317 0.573714 0.086653
v 0.226520 0.589172 0.087037
v 0.225753 0.604828 0.087446
v 0.231138 0.589754 0.071351
v 0.230244 0.605316 0.071912
v 0.229302 0.621066 0.072503
v 0.230664 0.605600 0.055397
v 0.229890 0.621279 0.056145
v 0.229087 0.637136 0.056894
v 0.228472 0.636978 0.073155
v 0.228288 0.653124 0.057647
v 0.227640 0.652991 0.073850
v 0.227568 0.669205 0.058409
v 0.226739 0.669068 0.074537
v 0.226839 0.685348 0.059170
v 0.225886 0.685226 0.075196
v 0.225007 0.701491 0.075796
v 0.227071 0.669405 0.042203
v 0.227678 0.653315 0.041392
v 0.229927 0.653756 0.025436
v 0.228003 0.637335 0.040539
v 0.229733 0.637784 0.024413
v 0.234391 0.638612 0.008553
v 0.229269 0.621996 0.023290
v 0.233864 0.622885 0.007208
v 0.229133 0.606330 0.022145
v 0.233274 0.607223 0.005812
v 0.228996 0.590776 0.021008
v 0.232484 0.591568 0.004494
v 0.229191 0.575344 0.019974
v 0.231979 0.575940 0.003383
v 0.234808 0.577313 -0.011699
v 0.232028 0.560150 0.002463
v 0.234968 0.561176 -0.012588
v 0.232262 0.562977 -0.026618
v 0.235125 0.544799 -0.013876
v 0.234152 0.546420 -0.028409
v 0.224434 0.548225 -0.039966
v 0.235668 0.529582 -0.030825
v 0.225726 0.531554 -0.042937
v 0.214157 0.533602 -0.053321
v 0.226406 0.514235 -0.046468
v 0.215704 0.515640 -0.057222
v 0.206569 0.516508 -0.067853
v 0.218985 0.497187 -0.060617
v 0.209762 0.497393 -0.071209
v 0.200822 0.497801 -0.081485
v 0.227821 0.496955 -0.048451
v 0.234643 0.497115 -0.033725
v 0.236256 0.512846 -0.033494
v 0.237297 0.512661 -0.016703
v 0.236625 0.497862 -0.016621
v 0.236285 0.528444 -0.015318
v 0.233655 0.528611 0.001104
v 0.234613 0.513377 0.000661
v 0.232606 0.544291 0.001707
v 0.230748 0.544524 0.018301
v 0.231601 0.529195 0.017658
v 0.230032 0.559932 0.019078
v 0.231217 0.559919 0.036061
v 0.232237 0.544856 0.035154
v 0.230253 0.575078 0.036934
v 0.232381 0.574848 0.053934
v 0.233462 0.559793 0.053146
v 0.229414 0.590374 0.037818
v 0.231497 0.590119 0.054663
v 0.232042 0.574406 0.070793
v 0.228778 0.605853 0.038732
v 0.228372 0.621509 0.039649
v 0.228126 0.558468 0.086227
v 0.233018 0.559292 0.070189
v 0.228971 0.543498 0.085568
v 0.233954 0.544449 0.069351
v 0.234558 0.544932 0.052203
v 0.234903 0.529803 0.068186
v 0.235726 0.530145 0.051104
v 0.233363 0.529820 0.034247
v 0.236752 0.515229 0.050102
v 0.234647 0.514753 0.033527
v 0.232841 0.514076 0.017203
v 0.235968 0.499836 0.033276
v 0.233621 0.499158 0.016960
v 0.233573 0.498574 0.000312
v 0.237731 0.500392 0.049733
v 0.235773 0.500527 0.066253
v 0.235664 0.515163 0.066903
v 0.231059 0.514747 0.083428
v 0.231260 0.500868 0.082750
v 0.229924 0.528879 0.084535
v 0.221505 0.527858 0.099457
v 0.222347 0.514345 0.098468
v 0.220572 0.542411 0.100154
v 0.209355 0.526935 0.111097
v 0.194204 0.513076 0.116821
v 0.210218 0.513830 0.110410
v 0.194435 0.500302 0.115603
v 0.210600 0.501351 0.109714
v 0.222661 0.501347 0.097725
v 0.176538 0.498742 0.115437
v 0.159197 0.497281 0.110539
v 0.143762 0.496457 0.104468
v -0.032569 0.825053 0.109797
v -0.049502 0.813277 0.111957
v -0.032713 0.811312 0.104418
v -0.016040 0.812173 0.097689
v -0.034282 0.798958 0.097318
v -0.016534 0.799657 0.091147
v 0.000958 0.801496 0.086547
v -0.017330 0.787798 0.085034
v 0.001178 0.790745 0.079314
v 0.017569 0.787624 0.081637
v 0.001252 0.781248 0.072177
v 0.018007 0.776611 0.075524
v 0.033496 0.769428 0.080373
v 0.017840 0.766425 0.069480
v 0.032884 0.756648 0.075160
v 0.016942 0.757335 0.063281
v 0.030845 0.744688 0.069546
v 0.015205 0.749637 0.056779
v 0.027131 0.735017 0.063011
v 0.001384 0.772362 0.066038
v -0.017899 0.765820 0.075589
v -0.017913 0.776416 0.080008
v -0.037845 0.773927 0.088093
v -0.038884 0.761187 0.086995
v -0.036268 0.786774 0.091257
v -0.055047 0.788855 0.098034
v -0.057438 0.775859 0.095819
v -0.052003 0.800998 0.104292
v -0.068943 0.804860 0.110872
v -0.073063 0.792460 0.104957
v -0.065860 0.817581 0.118213
v -0.081099 0.821772 0.122399
v -0.084870 0.809202 0.115647
v -0.100574 0.813172 0.119607
v -0.105443 0.800012 0.118779
v -0.089824 0.796439 0.111525
v -0.096363 0.825604 0.124675
v -0.112419 0.829267 0.126552
v -0.116286 0.816400 0.125000
v -0.095709 0.839679 0.128010
v -0.111051 0.842685 0.130231
v -0.127166 0.845585 0.130724
v -0.128958 0.832160 0.129290
v -0.098684 0.856138 0.124109
v -0.111884 0.858298 0.130183
v -0.126636 0.860283 0.132049
v -0.142071 0.862221 0.131417
v -0.143514 0.847727 0.130896
v -0.112958 0.874859 0.127236
v -0.126098 0.876020 0.131451
v -0.140655 0.877551 0.131788
v -0.155523 0.879362 0.129750
v -0.157384 0.864107 0.129604
v -0.124896 0.891784 0.130031
v -0.138917 0.893103 0.131233
v -0.153465 0.894821 0.129373
v -0.167651 0.896670 0.124854
v -0.169883 0.881294 0.125343
v -0.183158 0.883165 0.118429
v -0.185312 0.867888 0.118594
v -0.171922 0.866012 0.125321
v -0.180716 0.898415 0.117621
v -0.192097 0.899902 0.107977
v -0.194707 0.884770 0.108929
v -0.203884 0.885935 0.097090
v -0.206105 0.870668 0.097508
v -0.197055 0.869536 0.109390
v -0.201302 0.901014 0.096233
v -0.208521 0.901855 0.083270
v -0.210716 0.886713 0.083847
v -0.215853 0.887334 0.069983
v -0.217472 0.871951 0.070168
v -0.212691 0.871392 0.084170
v -0.213855 0.902530 0.069557
v -0.217544 0.903165 0.055442
v -0.219281 0.887897 0.055703
v -0.222232 0.888548 0.041391
v -0.224162 0.873106 0.041481
v -0.220798 0.872468 0.055803
v -0.220074 0.903821 0.041149
v -0.222156 0.904496 0.026816
v -0.224688 0.889201 0.027075
v -0.220774 0.888933 0.012219
v -0.222767 0.873474 0.012361
v -0.227293 0.873787 0.027201
v -0.218341 0.904220 0.011964
v -0.210344 0.903509 -0.001995
v -0.212135 0.888177 -0.001659
v -0.204786 0.888004 -0.015702
v -0.205863 0.872515 -0.015491
v -0.213598 0.872726 -0.001429
v -0.203355 0.903422 -0.015975
v -0.196250 0.903799 -0.029648
v -0.197503 0.888294 -0.029530
v -0.190013 0.888882 -0.043119
v -0.190734 0.873278 -0.043165
v -0.198383 0.872741 -0.029444
v -0.189135 0.904477 -0.043168
v -0.184191 0.905462 -0.057557
v -0.185425 0.889806 -0.057966
v -0.177740 0.890397 -0.070825
v -0.178924 0.874725 -0.071602
v -0.186351 0.874171 -0.058326
v -0.176296 0.906140 -0.069989
v -0.165737 0.906580 -0.080542
v -0.166370 0.890592 -0.081099
v -0.156287 0.891064 -0.091929
v -0.156265 0.874936 -0.092303
v -0.167042 0.874724 -0.081731
v -0.156374 0.907314 -0.091578
v -0.146726 0.908325 -0.101738
v -0.146396 0.891842 -0.102237
v -0.138622 0.892965 -0.113656
v -0.138597 0.876361 -0.114628
v -0.146174 0.875481 -0.102757
v -0.138679 0.909684 -0.112670
v -0.131258 0.911096 -0.123453
v -0.131261 0.894114 -0.124666
v -0.120967 0.894594 -0.131645
v -0.120471 0.877659 -0.132730
v -0.131087 0.877286 -0.125807
v -0.121036 0.911692 -0.130429
v -0.108402 0.910833 -0.131894
v -0.108158 0.893811 -0.132586
v -0.094350 0.891978 -0.132349
v -0.093244 0.875415 -0.132115
v -0.107324 0.876949 -0.133260
v -0.094844 0.908672 -0.132725
v -0.080172 0.905506 -0.133387
v -0.079360 0.889412 -0.132460
v -0.066047 0.886832 -0.122702
v -0.078085 0.873357 -0.131103
v -0.066394 0.902386 -0.124635
v -0.051943 0.899949 -0.118208
v -0.091703 0.858980 -0.131819
v -0.104582 0.843761 -0.134292
v -0.106071 0.860284 -0.133856
v -0.118677 0.844385 -0.134918
v -0.119642 0.860924 -0.133761
v -0.130337 0.844218 -0.128330
v -0.130744 0.860663 -0.126956
v -0.138379 0.843632 -0.116672
v -0.138540 0.859920 -0.115643
v -0.145911 0.843112 -0.103987
v -0.146019 0.859238 -0.103329
v -0.156202 0.842940 -0.093098
v -0.156231 0.858904 -0.092671
v -0.168159 0.843125 -0.083170
v -0.167647 0.858924 -0.082424
v -0.180716 0.843420 -0.073369
v -0.179941 0.859096 -0.072492
v -0.187930 0.842972 -0.059688
v -0.187025 0.858552 -0.058855
v -0.191652 0.842084 -0.043828
v -0.191199 0.857662 -0.043376
v -0.198996 0.841570 -0.029491
v -0.198803 0.857149 -0.029408
v -0.206816 0.841415 -0.015260
v -0.206490 0.856971 -0.015342
v -0.215232 0.841632 -0.001129
v -0.214565 0.857190 -0.001242
v -0.225677 0.842300 0.012306
v -0.224284 0.857900 0.012431
v -0.231207 0.842580 0.027042
v -0.229441 0.858226 0.027197
v -0.226934 0.841860 0.041190
v -0.225696 0.857527 0.041405
v -0.222644 0.841192 0.055468
v -0.221889 0.856888 0.055720
v -0.219373 0.840696 0.069887
v -0.218664 0.856392 0.070134
v -0.215243 0.840230 0.084012
v -0.214171 0.855877 0.084191
v -0.209121 0.839649 0.097306
v -0.207830 0.855218 0.097528
v -0.200365 0.838710 0.108984
v -0.198839 0.854174 0.109261
v -0.189027 0.837376 0.118094
v -0.187318 0.852670 0.118513
v -0.175867 0.836049 0.124649
v -0.173929 0.850996 0.125091
v -0.161292 0.835007 0.128751
v -0.159262 0.849386 0.129279
v -0.145531 0.833959 0.130531
v -0.163612 0.820254 0.128025
v -0.148384 0.819932 0.130081
v -0.132352 0.818844 0.129238
v -0.151457 0.804826 0.129019
v -0.136264 0.804595 0.128856
v -0.120772 0.802905 0.125434
v -0.139605 0.789210 0.127628
v -0.124715 0.788548 0.125412
v -0.109482 0.786397 0.119793
v -0.127600 0.773228 0.123973
v -0.112539 0.772167 0.120315
v -0.096476 0.769792 0.113471
v -0.093524 0.783153 0.112059
v -0.078766 0.766385 0.105204
v -0.076177 0.779427 0.103861
v -0.059483 0.762720 0.096519
v -0.081239 0.753255 0.106248
v -0.061808 0.749972 0.097179
v -0.082765 0.739629 0.105817
v -0.064033 0.737449 0.096258
v -0.082862 0.725409 0.104054
v -0.065098 0.724394 0.094452
v -0.045906 0.724155 0.081924
v -0.064690 0.710759 0.092812
v -0.046899 0.710465 0.081548
v -0.029769 0.710024 0.070680
v -0.046953 0.696603 0.081011
v -0.031413 0.695822 0.070466
v -0.019114 0.694738 0.059351
v -0.032371 0.681596 0.069548
v -0.020162 0.680371 0.058805
v -0.032693 0.667128 0.068360
v -0.020884 0.665825 0.057646
v -0.032755 0.652440 0.067006
v -0.021409 0.651024 0.056157
v -0.014134 0.650304 0.042988
v -0.021856 0.635986 0.054560
v -0.015082 0.635434 0.041044
v -0.012238 0.636102 0.026157
v -0.016016 0.620421 0.039033
v -0.013339 0.621332 0.023927
v -0.011214 0.623062 0.008836
v -0.014313 0.606441 0.021672
v -0.011352 0.608325 0.006550
v -0.010050 0.610471 -0.009372
v -0.011222 0.593502 0.004275
v -0.008241 0.595667 -0.011616
v -0.005065 0.596614 -0.028963
v -0.006075 0.611727 -0.026966
v -0.010738 0.595686 -0.045362
v -0.010188 0.611087 -0.044147
v -0.021994 0.594356 -0.059201
v -0.021165 0.609699 -0.058585
v -0.032127 0.593349 -0.073575
v -0.031866 0.608542 -0.072977
v -0.040112 0.592670 -0.089435
v -0.040243 0.607798 -0.088825
v -0.048928 0.592113 -0.104992
v -0.049178 0.607260 -0.104457
v -0.060301 0.591458 -0.118666
v -0.060551 0.606677 -0.118228
v -0.074202 0.590619 -0.129608
v -0.074483 0.605935 -0.129171
v -0.090025 0.589610 -0.137270
v -0.090194 0.605032 -0.137000
v -0.090436 0.620551 -0.136648
v -0.107153 0.604133 -0.140302
v -0.107299 0.619749 -0.140056
v -0.107531 0.635451 -0.139863
v -0.123968 0.619325 -0.137437
v -0.124109 0.635077 -0.137389
v -0.124279 0.650932 -0.137159
v -0.137894 0.635286 -0.128132
v -0.137709 0.651116 -0.127692
v -0.137581 0.667036 -0.127147
v -0.147855 0.651660 -0.114188
v -0.147393 0.667458 -0.113513
v -0.146976 0.683317 -0.112732
v -0.137524 0.683007 -0.126524
v -0.146676 0.699234 -0.111910
v -0.137549 0.699024 -0.125818
v -0.146440 0.715192 -0.111007
v -0.137607 0.715059 -0.124988
v -0.146281 0.731170 -0.110079
v -0.137648 0.731095 -0.124012
v -0.146189 0.747151 -0.109162
v -0.137740 0.747114 -0.123046
v -0.146097 0.763131 -0.108241
v -0.137847 0.763140 -0.122026
v -0.146071 0.779118 -0.107372
v -0.137982 0.779172 -0.120977
v -0.146018 0.795107 -0.106509
v -0.138037 0.795226 -0.119889
v -0.145945 0.811089 -0.105627
v -0.138096 0.811313 -0.118794
v -0.129278 0.811591 -0.130756
v -0.138210 0.827444 -0.117726
v -0.129851 0.827866 -0.129644
v -0.117541 0.827949 -0.135817
v -0.145880 0.827077 -0.104755
v -0.156030 0.811122 -0.094068
v -0.156142 0.827020 -0.093576
v -0.168810 0.811469 -0.084657
v -0.168536 0.827300 -0.083909
v -0.181711 0.811872 -0.074966
v -0.181263 0.827664 -0.074169
v -0.189463 0.811688 -0.061388
v -0.188716 0.827354 -0.060539
v -0.192842 0.810986 -0.045163
v -0.192225 0.826533 -0.044469
v -0.199202 0.810513 -0.029975
v -0.199110 0.826027 -0.029693
v -0.206983 0.810360 -0.015312
v -0.206957 0.825877 -0.015248
v -0.215804 0.810501 -0.000999
v -0.215582 0.826069 -0.001014
v -0.227771 0.810978 0.011980
v -0.226734 0.826654 0.012248
v -0.234353 0.811095 0.026462
v -0.232590 0.826852 0.026784
v -0.228919 0.810299 0.040415
v -0.227964 0.826114 0.040854
v -0.223674 0.809560 0.054647
v -0.223207 0.825414 0.055100
v -0.220131 0.809025 0.069087
v -0.219821 0.824908 0.069525
v -0.216732 0.808616 0.083338
v -0.216058 0.824490 0.083714
v -0.211224 0.808115 0.096394
v -0.210083 0.823971 0.096842
v -0.202698 0.807135 0.107285
v -0.201466 0.823054 0.108194
v -0.191759 0.805849 0.115654
v -0.190401 0.821815 0.117067
v -0.179472 0.804904 0.122123
v -0.177713 0.820788 0.123713
v -0.165972 0.804630 0.126633
v -0.181030 0.788435 0.119996
v -0.168136 0.788212 0.124872
v -0.154137 0.788746 0.127292
v -0.169833 0.771252 0.122902
v -0.156225 0.772017 0.125655
v -0.142038 0.773007 0.125387
v -0.157519 0.754969 0.124374
v -0.143554 0.756347 0.123383
v -0.129312 0.757222 0.121387
v -0.144085 0.739590 0.123064
v -0.130090 0.741045 0.118859
v -0.115291 0.741604 0.116009
v -0.114464 0.757154 0.118914
v -0.099588 0.741190 0.112417
v -0.098601 0.755894 0.113883
v -0.115412 0.725970 0.113226
v -0.099626 0.726067 0.109675
v -0.114989 0.710478 0.111492
v -0.099288 0.711103 0.106682
v -0.082270 0.711044 0.101440
v -0.098726 0.696359 0.104086
v -0.081743 0.696851 0.098378
v -0.064053 0.696890 0.090932
v -0.081277 0.682729 0.095309
v -0.063817 0.682977 0.088315
v -0.047115 0.682565 0.079574
v -0.063532 0.668966 0.085742
v -0.047217 0.668371 0.077593
v -0.062902 0.654792 0.083622
v -0.047024 0.653982 0.075796
v -0.061894 0.640366 0.082055
v -0.046687 0.639326 0.074294
v -0.032796 0.637507 0.065641
v -0.046262 0.624309 0.073169
v -0.032993 0.622339 0.064171
v -0.022387 0.620787 0.052880
v -0.033162 0.606926 0.062737
v -0.023113 0.605443 0.051054
v -0.017220 0.605311 0.036894
v -0.023885 0.589946 0.049179
v -0.018597 0.590129 0.034637
v -0.014912 0.591469 0.019439
v -0.019827 0.574915 0.032288
v -0.015202 0.576456 0.017197
v -0.010740 0.578632 0.002020
v -0.015055 0.561349 0.015008
v -0.009984 0.563585 -0.000167
v -0.005063 0.565658 -0.015692
v -0.006507 0.580780 -0.013723
v -0.004581 0.565947 -0.031975
v -0.004700 0.581315 -0.030631
v -0.012296 0.564834 -0.046927
v -0.011462 0.580218 -0.046307
v -0.023379 0.563847 -0.060188
v -0.022764 0.579050 -0.059724
v -0.032133 0.563176 -0.074845
v -0.032198 0.578219 -0.074222
v -0.039590 0.562653 -0.090614
v -0.039902 0.577618 -0.090046
v -0.048296 0.562094 -0.105949
v -0.048626 0.577053 -0.105519
v -0.059595 0.561338 -0.119613
v -0.059971 0.576335 -0.119171
v -0.073648 0.560312 -0.130451
v -0.073950 0.575399 -0.130043
v -0.089715 0.559089 -0.138014
v -0.089882 0.574295 -0.137653
v -0.107060 0.557952 -0.140565
v -0.107073 0.573234 -0.140504
v -0.107088 0.588632 -0.140401
v -0.124106 0.572719 -0.137340
v -0.124010 0.588138 -0.137422
v -0.123945 0.603675 -0.137441
v -0.138824 0.588438 -0.128818
v -0.138469 0.603952 -0.128712
v -0.138174 0.619564 -0.128509
v -0.149809 0.604661 -0.115786
v -0.149062 0.620252 -0.115311
v -0.148405 0.635924 -0.114776
v -0.159113 0.621024 -0.101561
v -0.158294 0.636657 -0.101000
v -0.157639 0.652322 -0.100451
v -0.170986 0.637538 -0.090296
v -0.170520 0.653173 -0.089989
v -0.170165 0.668844 -0.089660
v -0.157105 0.668031 -0.099871
v -0.169842 0.684565 -0.089272
v -0.156650 0.683799 -0.099226
v -0.169596 0.700345 -0.088847
v -0.156336 0.699634 -0.098596
v -0.169442 0.716193 -0.088382
v -0.156125 0.715532 -0.097931
v -0.169375 0.732082 -0.087879
v -0.155996 0.731464 -0.097230
v -0.169327 0.747981 -0.087316
v -0.155911 0.747403 -0.096507
v -0.169252 0.763871 -0.086708
v -0.155923 0.763342 -0.095870
v -0.169132 0.779751 -0.086055
v -0.155933 0.779281 -0.095233
v -0.168993 0.795624 -0.085367
v -0.155954 0.795214 -0.094615
v -0.182439 0.780277 -0.076537
v -0.182090 0.796076 -0.075752
v -0.190707 0.780303 -0.062993
v -0.190119 0.795999 -0.062187
v -0.194195 0.779817 -0.046657
v -0.193471 0.795414 -0.045870
v -0.199556 0.779425 -0.030856
v -0.199348 0.794989 -0.030359
v -0.206961 0.779255 -0.015827
v -0.206953 0.794829 -0.015491
v -0.216341 0.779288 -0.001679
v -0.216050 0.794913 -0.001228
v -0.229229 0.779526 0.010836
v -0.228641 0.795270 0.011498
v -0.235101 0.779291 0.025209
v -0.235409 0.795225 0.025937
v -0.230422 0.778422 0.039246
v -0.229726 0.794403 0.039867
v -0.224435 0.777525 0.053399
v -0.224079 0.793606 0.054090
v -0.220538 0.776823 0.067847
v -0.220337 0.793012 0.068533
v -0.217526 0.776258 0.082038
v -0.217188 0.792556 0.082787
v -0.212937 0.775642 0.094783
v -0.212215 0.792008 0.095737
v -0.205701 0.774547 0.105396
v -0.203999 0.790937 0.106164
v -0.193951 0.773004 0.111137
v -0.192903 0.789511 0.113588
v -0.182082 0.771670 0.116976
v -0.195224 0.756488 0.109195
v -0.182656 0.754979 0.113247
v -0.170449 0.754338 0.119373
v -0.183183 0.738489 0.109943
v -0.170288 0.737755 0.114845
v -0.157924 0.738057 0.121950
v -0.170206 0.721318 0.110921
v -0.157574 0.721493 0.118204
v -0.143979 0.723006 0.122168
v -0.157031 0.705367 0.113876
v -0.143416 0.706680 0.120089
v -0.129072 0.708894 0.118186
v -0.129937 0.724894 0.118147
v -0.142551 0.690883 0.116962
v -0.127898 0.693092 0.117687
v -0.113943 0.695132 0.110701
v -0.126500 0.677485 0.116310
v -0.112202 0.679853 0.110565
v -0.097733 0.681675 0.102194
v -0.110169 0.664624 0.109904
v -0.095974 0.666961 0.101302
v -0.080457 0.668514 0.092947
v -0.093621 0.652165 0.100674
v -0.079006 0.654151 0.091412
v -0.091098 0.637317 0.099635
v -0.076900 0.639611 0.090507
v -0.088711 0.622463 0.098188
v -0.074722 0.624853 0.089616
v -0.060610 0.625536 0.081140
v -0.072904 0.609739 0.088468
v -0.059452 0.610228 0.080207
v -0.045899 0.608931 0.072018
v -0.058479 0.594476 0.079032
v -0.045606 0.593200 0.070721
v -0.033387 0.591266 0.061218
v -0.045351 0.577035 0.069319
v -0.033645 0.575314 0.059642
v -0.024813 0.574351 0.047146
v -0.034032 0.559111 0.057846
v -0.025872 0.558716 0.044822
v -0.020732 0.559652 0.029861
v -0.026908 0.543096 0.042239
v -0.021060 0.544335 0.027484
v -0.014387 0.546111 0.012954
v -0.020556 0.528908 0.025368
v -0.013464 0.530728 0.011040
v -0.007787 0.532795 -0.004149
v -0.008934 0.548284 -0.002225
v -0.003178 0.534585 -0.019512
v -0.004020 0.550217 -0.017632
v -0.005048 0.534864 -0.034433
v -0.004560 0.550478 -0.033254
v -0.014668 0.534277 -0.047687
v -0.013333 0.549548 -0.047328
v -0.024022 0.533687 -0.061210
v -0.023803 0.548754 -0.060643
v -0.031517 0.533242 -0.076013
v -0.031910 0.548211 -0.075429
v -0.038648 0.532859 -0.091484
v -0.039155 0.547758 -0.091102
v -0.047424 0.532399 -0.106390
v -0.047879 0.547230 -0.106256
v -0.058365 0.531739 -0.120181
v -0.059071 0.546485 -0.119954
v -0.072700 0.530677 -0.130683
v -0.073236 0.545391 -0.130695
v -0.089065 0.529334 -0.138394
v -0.089447 0.544050 -0.138258
v -0.107119 0.528204 -0.140395
v -0.107049 0.542870 -0.140535
v -0.125172 0.527926 -0.136675
v -0.124637 0.542479 -0.137097
v -0.124293 0.557463 -0.137241
v -0.140643 0.543012 -0.128641
v -0.139848 0.557899 -0.128851
v -0.139241 0.573064 -0.128836
v -0.152687 0.558615 -0.116659
v -0.151607 0.573807 -0.116484
v -0.150664 0.589168 -0.116188
v -0.162364 0.574414 -0.102860
v -0.161103 0.589880 -0.102471
v -0.160038 0.605425 -0.102048
v -0.173365 0.590663 -0.091191
v -0.172365 0.606290 -0.090904
v -0.171596 0.621914 -0.090606
v -0.187195 0.607323 -0.082738
v -0.186529 0.622935 -0.082445
v -0.185947 0.638523 -0.082060
v -0.198617 0.623678 -0.071396
v -0.197709 0.639176 -0.070624
v -0.196802 0.654705 -0.069820
v -0.185385 0.654118 -0.081562
v -0.195977 0.670293 -0.069041
v -0.184935 0.669761 -0.081093
v -0.195059 0.685936 -0.068194
v -0.184454 0.685450 -0.080566
v -0.194318 0.701640 -0.067404
v -0.184047 0.701190 -0.080009
v -0.193452 0.717354 -0.066520
v -0.183739 0.716977 -0.079482
v -0.192792 0.733103 -0.065684
v -0.183387 0.732794 -0.078772
v -0.192157 0.748867 -0.064813
v -0.183073 0.748636 -0.078031
v -0.191458 0.764602 -0.063883
v -0.182802 0.764470 -0.077318
v -0.195737 0.748519 -0.048423
v -0.194958 0.764185 -0.047510
v -0.200175 0.748157 -0.032153
v -0.199836 0.763811 -0.031463
v -0.207143 0.747958 -0.016843
v -0.207033 0.763628 -0.016295
v -0.216807 0.747897 -0.002870
v -0.216628 0.763617 -0.002268
v -0.229764 0.747954 0.009459
v -0.229581 0.763756 0.010169
v -0.236896 0.747489 0.023451
v -0.235796 0.763388 0.024374
v -0.231790 0.746267 0.037473
v -0.231096 0.762364 0.038446
v -0.225304 0.745015 0.051663
v -0.224838 0.761310 0.052585
v -0.220905 0.743936 0.066094
v -0.220704 0.760441 0.067025
v -0.217941 0.743015 0.080150
v -0.217773 0.759719 0.081140
v -0.213924 0.742256 0.092539
v -0.213511 0.759052 0.093650
v -0.207635 0.741374 0.103052
v -0.206930 0.758042 0.104234
v -0.196636 0.739979 0.108631
v -0.207905 0.724560 0.102075
v -0.197448 0.723480 0.108144
v -0.183842 0.722052 0.108247
v -0.197834 0.706873 0.107912
v -0.184438 0.705676 0.107765
v -0.170439 0.705098 0.107830
v -0.184852 0.689223 0.108014
v -0.170904 0.688912 0.105843
v -0.156684 0.689606 0.109851
v -0.170856 0.672527 0.105293
v -0.156181 0.674004 0.106582
v -0.141482 0.675498 0.113812
v -0.155220 0.658357 0.104151
v -0.140108 0.660313 0.110743
v -0.124837 0.662100 0.114182
v -0.138560 0.645142 0.107669
v -0.122965 0.646858 0.111978
v -0.107923 0.649428 0.108623
v -0.121100 0.631870 0.109421
v -0.105586 0.634364 0.106993
v -0.119212 0.617116 0.106835
v -0.103276 0.619512 0.105222
v -0.117300 0.602491 0.104273
v -0.101099 0.604777 0.103277
v -0.086539 0.607508 0.096708
v -0.099172 0.590052 0.101038
v -0.084561 0.592343 0.095181
v -0.071356 0.594200 0.087139
v -0.082815 0.576871 0.093382
v -0.069915 0.578194 0.085791
v -0.057624 0.578240 0.077717
v -0.068826 0.561584 0.084212
v -0.056962 0.561436 0.076300
v -0.045151 0.560403 0.067851
v -0.056521 0.544119 0.074746
v -0.045020 0.543459 0.066190
v -0.034506 0.542834 0.055697
v -0.044970 0.526429 0.064146
v -0.034981 0.526579 0.053125
v -0.027706 0.527468 0.039455
v -0.035698 0.510376 0.050068
v -0.027752 0.511706 0.036905
v -0.019446 0.513319 0.023607
v -0.026552 0.496114 0.035171
v -0.018503 0.497828 0.021846
v -0.011397 0.499747 0.007733
v -0.012494 0.515190 0.009306
v -0.005035 0.501888 -0.007209
v -0.006637 0.517215 -0.005886
v -0.001995 0.503674 -0.022645
v -0.002513 0.518959 -0.021316
v -0.007714 0.503849 -0.036149
v -0.006596 0.519218 -0.035385
v -0.015433 0.503595 -0.049229
v -0.015670 0.518858 -0.048334
v -0.023312 0.503360 -0.062741
v -0.023858 0.518458 -0.061969
v -0.030439 0.503189 -0.077230
v -0.030987 0.518144 -0.076605
v -0.037576 0.503076 -0.092273
v -0.038135 0.517873 -0.091781
v -0.046322 0.502873 -0.106921
v -0.046983 0.517539 -0.106428
v -0.056802 0.502573 -0.121050
v -0.057671 0.517054 -0.120301
v -0.071430 0.501978 -0.131309
v -0.072147 0.516234 -0.130578
v -0.088334 0.501311 -0.138841
v -0.088683 0.515132 -0.138526
v -0.107204 0.500549 -0.140147
v -0.107315 0.514165 -0.140080
v -0.125693 0.499890 -0.136427
v -0.125744 0.513798 -0.136178
v -0.142154 0.499249 -0.128409
v -0.142095 0.513739 -0.127712
v -0.141495 0.528356 -0.128157
v -0.156239 0.513456 -0.117374
v -0.155267 0.528570 -0.116934
v -0.153952 0.543577 -0.116755
v -0.166835 0.528248 -0.104101
v -0.165322 0.543655 -0.103548
v -0.163796 0.559023 -0.103208
v -0.177669 0.543589 -0.092268
v -0.176067 0.559341 -0.091807
v -0.174625 0.575024 -0.091499
v -0.190329 0.559891 -0.083377
v -0.189096 0.575862 -0.083206
v -0.188028 0.591650 -0.082983
v -0.201901 0.576715 -0.073428
v -0.200664 0.592530 -0.072793
v -0.199694 0.608163 -0.072197
v -0.206471 0.592820 -0.057607
v -0.205044 0.608348 -0.056540
v -0.203787 0.623764 -0.055544
v -0.208657 0.608081 -0.039913
v -0.207307 0.623444 -0.038758
v -0.206049 0.638814 -0.037753
v -0.202587 0.639161 -0.054593
v -0.204887 0.654259 -0.036867
v -0.201474 0.654620 -0.053696
v -0.203827 0.669801 -0.036061
v -0.200399 0.670160 -0.052841
v -0.202832 0.685426 -0.035262
v -0.199382 0.685783 -0.051988
v -0.201977 0.701101 -0.034471
v -0.198397 0.701454 -0.051126
v -0.201239 0.716796 -0.033673
v -0.197431 0.717144 -0.050229
v -0.200644 0.732486 -0.032901
v -0.196567 0.732836 -0.049343
v -0.207446 0.716520 -0.017982
v -0.207215 0.732250 -0.017378
v -0.217268 0.716369 -0.004132
v -0.216941 0.732139 -0.003448
v -0.231149 0.716347 0.007573
v -0.230270 0.732147 0.008604
v -0.239133 0.715734 0.021124
v -0.237720 0.731603 0.022317
v -0.233507 0.714115 0.035230
v -0.232542 0.730171 0.036368
v -0.226035 0.712462 0.049461
v -0.225638 0.728712 0.050591
v -0.221303 0.710979 0.064000
v -0.221078 0.727423 0.065074
v -0.218115 0.709658 0.078123
v -0.217998 0.726295 0.079131
v -0.214218 0.708575 0.090643
v -0.214111 0.725379 0.091539
v -0.207830 0.707738 0.101189
v -0.214192 0.691875 0.089790
v -0.207672 0.690953 0.100507
v -0.197910 0.690151 0.107715
v -0.207360 0.674255 0.099918
v -0.197563 0.673455 0.107494
v -0.184698 0.672618 0.108543
v -0.197027 0.656873 0.107294
v -0.184157 0.656133 0.109016
v -0.170147 0.656188 0.105126
v -0.183317 0.639879 0.109373
v -0.169031 0.640164 0.105422
v -0.154046 0.642693 0.102226
v -0.167785 0.624356 0.105800
v -0.152845 0.626955 0.100876
v -0.137072 0.629959 0.104726
v -0.151669 0.611195 0.100182
v -0.135559 0.614780 0.102052
v -0.150339 0.595657 0.099939
v -0.133961 0.599757 0.099686
v -0.148648 0.580257 0.100164
v -0.132367 0.584814 0.097621
v -0.115475 0.587958 0.101673
v -0.130532 0.569866 0.095960
v -0.113529 0.573421 0.099103
v -0.097252 0.575179 0.098877
v -0.111234 0.558666 0.096492
v -0.095333 0.559915 0.096575
v -0.081334 0.560854 0.091436
v -0.093878 0.543871 0.094081
v -0.080304 0.544053 0.089561
v -0.068109 0.544291 0.082613
v -0.079904 0.526524 0.087687
v -0.067745 0.526572 0.081006
v -0.056244 0.526565 0.073026
v -0.067783 0.508690 0.079108
v -0.056167 0.509003 0.071023
v -0.045110 0.509480 0.061659
v -0.056356 0.492189 0.068713
v -0.045596 0.493228 0.058790
v -0.035799 0.494558 0.047437
v -0.045153 0.478586 0.057116
v -0.034693 0.480047 0.046073
v -0.024949 0.481739 0.034074
v -0.036918 0.468656 0.042679
v -0.026852 0.470256 0.031313
v -0.018122 0.472112 0.018839
v -0.016179 0.483586 0.021119
v -0.011205 0.473872 0.005479
v -0.008700 0.485489 0.007239
v -0.006971 0.475647 -0.008710
v -0.002866 0.487302 -0.007588
v -0.005264 0.477699 -0.022922
v -0.002117 0.488860 -0.022830
v -0.010637 0.477667 -0.036173
v -0.007341 0.489167 -0.036790
v -0.017697 0.477840 -0.049061
v -0.014363 0.489252 -0.050174
v -0.024565 0.477693 -0.062634
v -0.021651 0.489245 -0.063894
v -0.031388 0.477434 -0.076847
v -0.028829 0.489127 -0.078261
v -0.038584 0.477080 -0.091402
v -0.036284 0.488923 -0.093106
v -0.047449 0.476816 -0.105452
v -0.045197 0.488642 -0.107714
v -0.058513 0.476439 -0.118270
v -0.055872 0.488200 -0.121875
v -0.072165 0.475967 -0.129125
v -0.069905 0.487700 -0.133652
v -0.088205 0.475307 -0.137279
v -0.087661 0.487251 -0.140188
v -0.106390 0.474702 -0.138891
v -0.106813 0.486569 -0.141758
v -0.124291 0.474024 -0.134568
v -0.125508 0.485820 -0.137966
v -0.140982 0.473251 -0.128092
v -0.142459 0.485097 -0.130666
v -0.156099 0.472557 -0.119583
v -0.157447 0.484374 -0.121163
v -0.156828 0.498580 -0.118848
v -0.171023 0.483577 -0.110536
v -0.169531 0.497738 -0.107457
v -0.168174 0.512798 -0.105186
v -0.182676 0.497059 -0.097030
v -0.180946 0.512162 -0.094553
v -0.179327 0.527814 -0.093078
v -0.194475 0.511597 -0.084857
v -0.193088 0.527506 -0.083946
v -0.191687 0.543715 -0.083564
v -0.206512 0.527605 -0.074720
v -0.204820 0.544130 -0.074431
v -0.203228 0.560585 -0.073956
v -0.211700 0.544607 -0.060550
v -0.209791 0.560993 -0.059774
v -0.208061 0.577067 -0.058724
v -0.213580 0.561041 -0.043923
v -0.211720 0.576957 -0.042603
v -0.210106 0.592618 -0.041210
v -0.216819 0.576357 -0.027097
v -0.215206 0.591936 -0.025463
v -0.213904 0.607436 -0.024028
v -0.223857 0.591208 -0.011674
v -0.222607 0.606768 -0.010141
v -0.221475 0.622333 -0.008800
v -0.212644 0.622885 -0.022768
v -0.220652 0.637937 -0.007801
v -0.211601 0.638363 -0.021800
v -0.219956 0.653571 -0.007046
v -0.210492 0.653880 -0.020926
v -0.219006 0.669204 -0.006203
v -0.209465 0.669462 -0.020133
v -0.218351 0.684891 -0.005550
v -0.208574 0.685107 -0.019385
v -0.217821 0.700617 -0.004895
v -0.207998 0.700803 -0.018720
v -0.232547 0.684729 0.005858
v -0.231987 0.700537 0.006611
v -0.241189 0.683925 0.019031
v -0.240122 0.699818 0.019939
v -0.235215 0.682107 0.033021
v -0.234389 0.698096 0.034105
v -0.227080 0.680148 0.047176
v -0.226387 0.696274 0.048257
v -0.221975 0.678332 0.061772
v -0.221560 0.694617 0.062865
v -0.218611 0.676663 0.076188
v -0.218370 0.693115 0.077137
v -0.214179 0.675271 0.089081
v -0.218825 0.660326 0.075272
v -0.214169 0.658796 0.088401
v -0.206952 0.657680 0.099345
v -0.214289 0.642473 0.087824
v -0.206573 0.641254 0.098865
v -0.196360 0.640460 0.107032
v -0.206246 0.624981 0.098481
v -0.195588 0.624228 0.106869
v -0.182276 0.623878 0.109629
v -0.194734 0.608176 0.106682
v -0.181102 0.607998 0.109832
v -0.166475 0.608602 0.106340
v -0.179909 0.592189 0.109961
v -0.165111 0.592913 0.106980
v -0.178677 0.576443 0.110144
v -0.163547 0.577342 0.107555
v -0.177383 0.560852 0.110272
v -0.161774 0.561985 0.108051
v -0.146584 0.565018 0.100577
v -0.159694 0.546980 0.108301
v -0.143879 0.550141 0.101149
v -0.128006 0.554988 0.094875
v -0.140598 0.535670 0.101627
v -0.124949 0.539986 0.094109
v -0.108999 0.543184 0.093888
v -0.122203 0.524323 0.094412
v -0.107599 0.526423 0.091454
v -0.093298 0.526697 0.091353
v -0.107254 0.508514 0.090966
v -0.093628 0.508675 0.088583
v -0.080105 0.508544 0.085590
v -0.093613 0.491052 0.088921
v -0.080429 0.491184 0.083958
v -0.068056 0.491522 0.077109
v -0.080482 0.476342 0.083618
v -0.068111 0.476720 0.075907
v -0.056298 0.477459 0.067081
v -0.070186 0.465333 0.072067
v -0.058556 0.466064 0.063161
v -0.047409 0.467161 0.053401
v -0.082271 0.464942 0.080054
v -0.093441 0.476284 0.090083
v -0.094961 0.464836 0.086822
v -0.106774 0.476380 0.095878
v -0.108050 0.464832 0.092954
v -0.120697 0.476524 0.101184
v -0.121668 0.464884 0.098755
v -0.135825 0.476775 0.105697
v -0.136612 0.465217 0.103170
v -0.152620 0.477233 0.109309
v -0.152977 0.465566 0.107042
v -0.171113 0.477970 0.110692
v -0.170999 0.466341 0.108042
v -0.190284 0.478731 0.106791
v -0.189575 0.467134 0.104518
v -0.207348 0.479159 0.096659
v -0.206212 0.467441 0.095374
v -0.219841 0.479157 0.082467
v -0.218231 0.467229 0.081156
v -0.228972 0.478941 0.067244
v -0.227344 0.466984 0.066150
v -0.236043 0.478807 0.051930
v -0.233878 0.467085 0.050911
v -0.241545 0.478783 0.036462
v -0.239633 0.467030 0.035900
v -0.246127 0.478875 0.020760
v -0.243632 0.467173 0.020551
v -0.249317 0.479079 0.005051
v -0.246158 0.468092 0.005319
v -0.247355 0.478919 -0.009988
v -0.242770 0.467079 -0.009213
v -0.241668 0.479028 -0.024088
v -0.238211 0.467059 -0.023389
v -0.234791 0.479290 -0.037596
v -0.232670 0.467361 -0.037287
v -0.228081 0.479813 -0.051435
v -0.226668 0.467876 -0.051449
v -0.220890 0.480597 -0.065644
v -0.219344 0.468530 -0.065490
v -0.210696 0.481376 -0.078679
v -0.208663 0.469230 -0.077871
v -0.197817 0.482114 -0.089762
v -0.196632 0.470054 -0.089393
v -0.184340 0.482822 -0.100045
v -0.183393 0.470954 -0.099565
v -0.169988 0.471764 -0.109719
v -0.196002 0.496384 -0.086771
v -0.208879 0.495752 -0.075943
v -0.208013 0.511387 -0.075065
v -0.219030 0.495132 -0.063411
v -0.216911 0.511438 -0.061761
v -0.214135 0.528080 -0.061044
v -0.221829 0.511238 -0.046925
v -0.218535 0.528406 -0.045726
v -0.215798 0.544891 -0.044934
v -0.224190 0.528179 -0.031502
v -0.221196 0.544628 -0.030083
v -0.218770 0.560614 -0.028694
v -0.229429 0.544098 -0.016796
v -0.227240 0.560016 -0.015152
v -0.225359 0.575648 -0.013388
v -0.240572 0.559883 -0.004345
v -0.238706 0.575501 -0.002624
v -0.236914 0.590958 -0.000800
v -0.247581 0.574678 0.009761
v -0.246034 0.590093 0.011469
v -0.244612 0.605463 0.013324
v -0.235116 0.606360 0.001233
v -0.243583 0.620923 0.014915
v -0.233969 0.621876 0.002770
v -0.242925 0.636503 0.016136
v -0.233701 0.637518 0.003681
v -0.242583 0.652236 0.017135
v -0.233555 0.653222 0.004346
v -0.241769 0.668040 0.018061
v -0.233032 0.668947 0.005161
v -0.236944 0.650281 0.030985
v -0.236092 0.666158 0.032006
v -0.228376 0.648127 0.044994
v -0.227799 0.664096 0.046109
v -0.222736 0.646067 0.059598
v -0.222357 0.662142 0.060684
v -0.219049 0.644138 0.074365
v -0.223215 0.630124 0.058529
v -0.219426 0.628113 0.073506
v -0.214406 0.626314 0.087235
v -0.219893 0.612262 0.072623
v -0.214624 0.610357 0.086671
v -0.205928 0.608914 0.098107
v -0.214826 0.594617 0.086123
v -0.205669 0.593089 0.097853
v -0.193881 0.592300 0.106549
v -0.205413 0.577449 0.097721
v -0.193007 0.576549 0.106343
v -0.205183 0.561996 0.097630
v -0.192154 0.560937 0.106146
v -0.204985 0.546771 0.097441
v -0.191431 0.545551 0.106042
v -0.175975 0.545551 0.110100
v -0.190756 0.530637 0.105953
v -0.174354 0.530767 0.109985
v -0.157205 0.532498 0.108349
v -0.172446 0.516898 0.109901
v -0.154409 0.518597 0.108060
v -0.137285 0.521333 0.102302
v -0.152251 0.504986 0.107561
v -0.135273 0.506453 0.103145
v -0.120592 0.507749 0.096697
v -0.135321 0.491164 0.103974
v -0.120365 0.491180 0.099504
v -0.106896 0.491038 0.093869
v -0.152037 0.491270 0.107736
v -0.170553 0.491626 0.109228
v -0.170817 0.504134 0.109624
v -0.189549 0.504326 0.105650
v -0.189327 0.492143 0.104884
v -0.190034 0.516796 0.105775
v -0.205372 0.518046 0.096675
v -0.205795 0.505255 0.095857
v -0.205067 0.531953 0.097194
v -0.216019 0.534170 0.084380
v -0.216818 0.520138 0.083277
v -0.215539 0.548780 0.085017
v -0.222265 0.551047 0.069634
v -0.223090 0.536518 0.068700
v -0.215189 0.563783 0.085356
v -0.221617 0.565915 0.070351
v -0.226165 0.568077 0.054275
v -0.227223 0.553173 0.053318
v -0.215026 0.579077 0.085719
v -0.221022 0.581109 0.071032
v -0.225273 0.583250 0.055267
v -0.231083 0.585468 0.039861
v -0.232077 0.570237 0.038594
v -0.220442 0.596580 0.071772
v -0.224465 0.598684 0.056309
v -0.230348 0.600898 0.041241
v -0.239434 0.603290 0.027089
v -0.240235 0.587872 0.025449
v -0.223754 0.614327 0.057411
v -0.229614 0.616504 0.042569
v -0.238596 0.618832 0.028571
v -0.228896 0.632253 0.043796
v -0.237763 0.634499 0.029867
v -0.241080 0.572540 0.023814
v -0.248616 0.559066 0.008138
v -0.241897 0.557194 0.022316
v -0.233132 0.555153 0.037388
v -0.242547 0.541684 0.021039
v -0.234397 0.540085 0.036359
v -0.228519 0.538463 0.052331
v -0.235706 0.524778 0.035515
v -0.230045 0.523678 0.051328
v -0.224053 0.522184 0.067366
v -0.231848 0.508447 0.050679
v -0.225204 0.507701 0.066060
v -0.217705 0.506597 0.081863
v -0.225846 0.492660 0.065594
v -0.217732 0.492769 0.080859
v -0.205713 0.492588 0.094818
v -0.233445 0.492932 0.050791
v -0.238764 0.493050 0.035440
v -0.237195 0.508975 0.035130
v -0.243363 0.509515 0.019526
v -0.243625 0.493101 0.019529
v -0.242904 0.525847 0.019984
v -0.249586 0.526906 0.005500
v -0.250165 0.510140 0.004742
v -0.249033 0.543155 0.006711
v -0.242294 0.543964 -0.006033
v -0.244144 0.527589 -0.007625
v -0.232186 0.527703 -0.018617
v -0.236125 0.510646 -0.020979
v -0.246457 0.510544 -0.009092
v -0.240398 0.493772 -0.023121
v -0.248454 0.493758 -0.010169
v -0.249306 0.493585 0.004269
v -0.231966 0.493864 -0.035626
v -0.227918 0.510913 -0.033403
v -0.225268 0.494305 -0.049165
v -0.112184 0.891299 0.126843
v -0.100845 0.874242 0.122409
v -0.100745 0.891700 0.122699
v -0.090299 0.893016 0.118510
v -0.079985 0.895836 0.118141
v 0.126683 0.477718 -0.118950
v 0.112520 0.477099 -0.121348
v 0.097951 0.476466 -0.122764
v 0.083144 0.476081 -0.122413
v 0.068639 0.475960 -0.119706
v 0.054726 0.476072 -0.114861
v 0.042138 0.476314 -0.107643
v 0.032421 0.476716 -0.097054
v 0.024939 0.476994 -0.084798
v 0.019636 0.477188 -0.071778
v 0.017152 0.477522 -0.058268
v 0.015840 0.477952 -0.045143
v 0.014460 0.478586 -0.032850
v 0.014847 0.479402 -0.021084
v 0.023614 0.477675 -0.008811
v 0.034135 0.476343 0.004136
v 0.044583 0.475526 0.017068
v 0.055430 0.474654 0.029739
v 0.067071 0.473802 0.041731
v 0.167044 0.476968 -0.106607
v 0.154222 0.477384 -0.112330
v 0.140671 0.477672 -0.116401
v 0.178649 0.476003 -0.099181
v 0.189144 0.475098 -0.090323
v 0.199194 0.474322 -0.080987
v 0.208089 0.473705 -0.070507
v 0.215882 0.473329 -0.058761
v 0.221437 0.473336 -0.045114
v 0.225535 0.473725 -0.030223
v 0.228527 0.474649 -0.014824
v 0.230965 0.476281 0.000413
v 0.232639 0.475942 0.015810
v 0.233784 0.476174 0.031594
v 0.233769 0.476645 0.047385
v 0.232133 0.477157 0.063338
v 0.228141 0.477965 0.079381
v 0.220358 0.478727 0.093855
v 0.208569 0.478773 0.104866
v 0.192786 0.477864 0.110051
v 0.175650 0.476181 0.110267
v 0.159233 0.474597 0.105473
v 0.144506 0.473731 0.098482
v 0.130825 0.473266 0.091056
v 0.117580 0.472857 0.082880
v 0.104665 0.472640 0.073660
v 0.091875 0.472690 0.063701
v 0.079324 0.473086 0.053018
v 0.127258 0.569094 -0.099234
v 0.115813 0.568577 -0.101195
v 0.104034 0.568058 -0.102347
v 0.092054 0.567727 -0.102075
v 0.080326 0.567587 -0.099881
v 0.069073 0.567603 -0.095964
v 0.058841 0.567730 -0.090181
v 0.051021 0.568028 -0.081556
v 0.044976 0.568319 -0.071636
v 0.040666 0.568579 -0.061113
v 0.038696 0.568905 -0.050176
v 0.037652 0.569208 -0.039558
v 0.036549 0.569615 -0.029620
v 0.036608 0.570372 -0.020136
v 0.043942 0.568976 -0.010214
v 0.052435 0.567954 0.000269
v 0.060886 0.567178 0.010720
v 0.069644 0.566408 0.020974
v 0.079061 0.565782 0.030667
v 0.159906 0.568406 -0.089286
v 0.149529 0.568717 -0.093907
v 0.138572 0.569003 -0.097204
v 0.169287 0.567696 -0.083283
v 0.177757 0.566983 -0.076101
v 0.185902 0.566335 -0.068571
v 0.193080 0.565840 -0.060091
v 0.199407 0.565571 -0.050609
v 0.203878 0.565560 -0.039562
v 0.207192 0.565848 -0.027517
v 0.209599 0.566600 -0.015055
v 0.211580 0.567972 -0.002744
v 0.212927 0.567673 0.009702
v 0.213863 0.567871 0.022471
v 0.213855 0.568232 0.035234
v 0.212539 0.568572 0.048121
v 0.209350 0.569176 0.061125
v 0.203058 0.569746 0.072853
v 0.193550 0.569780 0.081834
v 0.180714 0.569068 0.085967
v 0.166834 0.567797 0.086155
v 0.153549 0.566548 0.082219
v 0.141654 0.565797 0.076540
v 0.130602 0.565359 0.070544
v 0.119894 0.565067 0.063941
v 0.109458 0.564966 0.056482
v 0.099114 0.565032 0.048433
v 0.088968 0.565318 0.039792
v 0.187575 0.542280 -0.070135
v 0.189890 0.518211 -0.072296
v 0.196101 0.494024 -0.078109
v 0.204654 0.493443 -0.068107
v 0.197584 0.517681 -0.063216
v 0.194977 0.541772 -0.061405
v 0.034897 0.545237 -0.040269
v 0.031075 0.521286 -0.041245
v 0.020662 0.497467 -0.043907
v 0.021894 0.497099 -0.056488
v 0.032200 0.520962 -0.052619
v 0.035979 0.544926 -0.051202
v 0.211990 0.542566 -0.015028
v 0.215279 0.518505 -0.014986
v 0.224386 0.494382 -0.014873
v 0.226517 0.495941 -0.000313
v 0.217416 0.519934 -0.001793
v 0.214021 0.543930 -0.002344
v 0.077553 0.541713 0.032057
v 0.075430 0.517619 0.034016
v 0.069755 0.493417 0.039255
v 0.058681 0.494154 0.027717
v 0.065339 0.518289 0.023627
v 0.067859 0.542357 0.022073
v 0.209504 0.541779 -0.027856
v 0.212682 0.517689 -0.028327
v 0.221502 0.493481 -0.029623
v 0.050126 0.543947 0.000755
v 0.046897 0.519944 0.001437
v 0.038245 0.495962 0.003228
v 0.028233 0.497174 -0.009223
v 0.037789 0.521055 -0.009786
v 0.041369 0.545014 -0.010031
v 0.216342 0.544231 0.036767
v 0.219900 0.520241 0.038932
v 0.229362 0.496303 0.044719
v 0.227714 0.496709 0.059966
v 0.218489 0.520613 0.052759
v 0.214976 0.544591 0.050044
v 0.127185 0.545114 -0.101731
v 0.127085 0.521158 -0.105152
v 0.126787 0.497315 -0.114497
v 0.140195 0.497214 -0.112150
v 0.139200 0.521066 -0.102962
v 0.138835 0.545026 -0.099623
v 0.216360 0.543860 0.023619
v 0.219901 0.519854 0.025240
v 0.229336 0.495861 0.029605
v 0.087753 0.541234 0.041457
v 0.086051 0.517120 0.043791
v 0.081464 0.492860 0.050087
v 0.195362 0.545808 0.084619
v 0.198106 0.521887 0.088824
v 0.204838 0.498034 0.099250
v 0.190107 0.497277 0.104629
v 0.184388 0.521128 0.093281
v 0.182219 0.545080 0.088936
v 0.115394 0.544590 -0.103735
v 0.114825 0.520612 -0.107237
v 0.113237 0.496700 -0.116680
v 0.205173 0.545778 0.075445
v 0.208324 0.521854 0.079259
v 0.216077 0.498006 0.088882
v 0.179197 0.542947 -0.077901
v 0.181174 0.518903 -0.080369
v 0.186439 0.494768 -0.086995
v 0.142025 0.541731 0.079305
v 0.142532 0.517637 0.083228
v 0.143932 0.493417 0.093477
v 0.130934 0.492857 0.086213
v 0.130672 0.517163 0.076761
v 0.130634 0.541275 0.073124
v 0.056761 0.543719 -0.092351
v 0.053808 0.519706 -0.095441
v 0.046064 0.495609 -0.103402
v 0.058069 0.495491 -0.110385
v 0.064768 0.519568 -0.101634
v 0.067275 0.543586 -0.098324
v 0.154293 0.542511 0.085125
v 0.155309 0.518448 0.089313
v 0.158047 0.494287 0.100156
v 0.206092 0.541484 -0.040259
v 0.209133 0.517382 -0.041223
v 0.217478 0.493113 -0.043810
v 0.153133 0.496879 -0.108137
v 0.150936 0.520762 -0.099431
v 0.150119 0.544733 -0.096228
v 0.170464 0.543682 -0.085285
v 0.172095 0.519668 -0.088053
v 0.176316 0.495596 -0.095410
v 0.108853 0.540870 0.058648
v 0.108013 0.516743 0.061663
v 0.105821 0.492412 0.069717
v 0.093478 0.492518 0.060333
v 0.096931 0.516815 0.053039
v 0.098202 0.540940 0.050356
v 0.215412 0.543676 0.010478
v 0.218890 0.519659 0.011553
v 0.228335 0.495663 0.014472
v 0.201476 0.541494 -0.051628
v 0.204339 0.517393 -0.053048
v 0.212008 0.493078 -0.056762
v 0.165323 0.496487 -0.102635
v 0.162048 0.520423 -0.094484
v 0.160802 0.544406 -0.091467
v 0.211647 0.545205 0.063394
v 0.215051 0.521254 0.066683
v 0.223937 0.497426 0.075326
v 0.167956 0.543785 0.089109
v 0.169535 0.519776 0.093466
v 0.173756 0.495765 0.104805
v 0.071287 0.495494 -0.115027
v 0.076819 0.519553 -0.105830
v 0.078860 0.543572 -0.102355
v 0.119605 0.540975 0.066324
v 0.119197 0.516852 0.069655
v 0.118208 0.492517 0.078489
v 0.038031 0.544591 -0.062456
v 0.034331 0.520613 -0.064329
v 0.024224 0.496718 -0.069445
v 0.029369 0.496404 -0.081890
v 0.038924 0.520335 -0.075613
v 0.042458 0.544322 -0.073294
v 0.085129 0.495679 -0.117623
v 0.089379 0.519702 -0.108178
v 0.090934 0.543716 -0.104614
v 0.033941 0.546397 -0.020252
v 0.030066 0.522492 -0.020422
v 0.019752 0.498758 -0.020969
v 0.019364 0.497978 -0.032131
v 0.029881 0.521738 -0.030596
v 0.033755 0.545672 -0.030033
v 0.036634 0.496040 -0.093531
v 0.045404 0.520023 -0.086237
v 0.048684 0.544022 -0.083506
v 0.103263 0.544056 -0.104912
v 0.102208 0.520056 -0.108471
v 0.099282 0.496085 -0.118061
v 0.048298 0.495044 0.015584
v 0.055949 0.519111 0.012641
v 0.058832 0.543147 0.011520
v -0.040099 0.472478 0.040419
v -0.030404 0.474063 0.029433
v -0.022005 0.475845 0.017425
v -0.015594 0.477538 0.004558
v -0.011721 0.479349 -0.009021
v -0.009890 0.481234 -0.022547
v -0.014908 0.481162 -0.035226
v -0.021792 0.481358 -0.047645
v -0.028346 0.481202 -0.060774
v -0.034903 0.480878 -0.074506
v -0.041953 0.480528 -0.088473
v -0.050565 0.480300 -0.101915
v -0.061348 0.479958 -0.114034
v -0.074454 0.479508 -0.124400
v -0.089697 0.478838 -0.132203
v -0.106900 0.478251 -0.133854
v -0.124054 0.477521 -0.129921
v -0.140133 0.476775 -0.123732
v -0.154804 0.476143 -0.115724
v -0.072277 0.469248 0.068826
v -0.061039 0.469947 0.060195
v -0.050269 0.471021 0.050751
v -0.083948 0.468869 0.076583
v -0.096195 0.468743 0.083206
v -0.108826 0.468690 0.089247
v -0.122034 0.468744 0.094822
v -0.136485 0.469067 0.099144
v -0.152290 0.469421 0.102775
v -0.169618 0.470130 0.103687
v -0.187384 0.470881 0.100264
v -0.203218 0.471144 0.091505
v -0.214944 0.470867 0.078038
v -0.223704 0.470654 0.063506
v -0.230186 0.470767 0.048848
v -0.235742 0.470731 0.034352
v -0.239529 0.471094 0.019554
v -0.241456 0.472018 0.004881
v -0.238406 0.471037 -0.009168
v -0.234091 0.470679 -0.022881
v -0.228936 0.471012 -0.036408
v -0.223167 0.471536 -0.050135
v -0.215903 0.472165 -0.063584
v -0.205625 0.472864 -0.075530
v -0.194043 0.473731 -0.086654
v -0.181364 0.474620 -0.096616
v -0.168348 0.475408 -0.106382
v -0.061246 0.576664 0.027788
v -0.053919 0.577795 0.019524
v -0.047586 0.579075 0.010468
v -0.042719 0.580353 0.000775
v -0.039875 0.581743 -0.009475
v -0.038318 0.583288 -0.019685
v -0.042259 0.583212 -0.029226
v -0.047459 0.583403 -0.038565
v -0.052385 0.583345 -0.048470
v -0.057319 0.583188 -0.058826
v -0.062621 0.582958 -0.069362
v -0.069107 0.582709 -0.079497
v -0.077232 0.582446 -0.088636
v -0.087114 0.582100 -0.096447
v -0.098597 0.581609 -0.102380
v -0.111591 0.581130 -0.103620
v -0.124524 0.580634 -0.100606
v -0.136646 0.580088 -0.095947
v -0.147702 0.579532 -0.089905
v -0.085492 0.574235 0.049202
v -0.077022 0.574787 0.042698
v -0.068901 0.575599 0.035585
v -0.094283 0.573903 0.055056
v -0.103517 0.573816 0.060033
v -0.113034 0.573817 0.064581
v -0.122973 0.573879 0.068809
v -0.133865 0.574109 0.072037
v -0.145766 0.574343 0.074822
v -0.158841 0.574866 0.075532
v -0.172269 0.575421 0.072975
v -0.184242 0.575717 0.066360
v -0.193038 0.575675 0.056148
v -0.199642 0.575540 0.045197
v -0.204503 0.575502 0.034136
v -0.208718 0.575417 0.023222
v -0.211542 0.575641 0.012059
v -0.213081 0.576439 0.000994
v -0.210696 0.575705 -0.009585
v -0.207464 0.575573 -0.019921
v -0.203572 0.575808 -0.030113
v -0.199227 0.576149 -0.040461
v -0.193777 0.576589 -0.050616
v -0.186000 0.577125 -0.059603
v -0.177279 0.577716 -0.068001
v -0.167705 0.578326 -0.075483
v -0.157902 0.578902 -0.082849
v -0.201087 0.550730 -0.054900
v -0.205670 0.517850 -0.057586
v -0.212442 0.493981 -0.061551
v -0.202406 0.494576 -0.072838
v -0.196569 0.518600 -0.068181
v -0.192467 0.551311 -0.064851
v -0.207123 0.550243 -0.043650
v -0.212069 0.517295 -0.045647
v -0.219544 0.493459 -0.048671
v -0.190318 0.549438 0.074428
v -0.194470 0.517093 0.079921
v -0.200357 0.492873 0.087720
v -0.211645 0.492838 0.074769
v -0.204858 0.517022 0.067981
v -0.200106 0.549418 0.063248
v -0.182800 0.551949 -0.074145
v -0.186313 0.519332 -0.078053
v -0.191260 0.495295 -0.083517
v -0.179157 0.496125 -0.093239
v -0.175048 0.519962 -0.086844
v -0.172199 0.552625 -0.082436
v -0.062858 0.549369 0.040498
v -0.058821 0.517010 0.043784
v -0.053135 0.492697 0.048411
v -0.063510 0.491647 0.057484
v -0.068356 0.516140 0.052180
v -0.071853 0.548417 0.048352
v -0.222392 0.550461 0.002270
v -0.228353 0.517658 0.003073
v -0.237232 0.493881 0.004263
v -0.234272 0.492934 -0.009164
v -0.225547 0.516773 -0.009363
v -0.219808 0.549711 -0.009448
v -0.082933 0.556833 -0.105666
v -0.080314 0.524291 -0.111442
v -0.076327 0.501100 -0.120261
v -0.063867 0.501505 -0.110162
v -0.068699 0.524712 -0.102269
v -0.071992 0.557202 -0.097008
v -0.101157 0.547300 0.067511
v -0.099547 0.515016 0.072605
v -0.097356 0.490383 0.079552
v -0.109481 0.490406 0.085463
v -0.110757 0.514987 0.077960
v -0.111680 0.547323 0.072559
v -0.122693 0.547402 0.077199
v -0.122480 0.515026 0.082887
v -0.122193 0.490508 0.090853
v -0.136090 0.490814 0.095073
v -0.135295 0.515257 0.086716
v -0.134733 0.547641 0.080808
v -0.049959 0.557959 -0.063975
v -0.045264 0.525673 -0.067258
v -0.038277 0.502472 -0.072166
v -0.031965 0.502649 -0.058919
v -0.039446 0.525903 -0.055092
v -0.044507 0.558102 -0.052503
v -0.220135 0.492689 0.060805
v -0.212615 0.516824 0.055083
v -0.207423 0.549301 0.051144
v -0.212860 0.549287 0.038930
v -0.218343 0.516715 0.042065
v -0.226446 0.492675 0.046701
v -0.231835 0.492575 0.032738
v -0.223259 0.516552 0.029209
v -0.217516 0.549241 0.026849
v -0.029057 0.557954 -0.020617
v -0.022986 0.525888 -0.021229
v -0.014164 0.502496 -0.022109
v -0.016004 0.500579 -0.009105
v -0.024682 0.524141 -0.009231
v -0.030681 0.556277 -0.009327
v -0.211932 0.549855 -0.032187
v -0.217175 0.516894 -0.033487
v -0.225152 0.493039 -0.035425
v -0.177137 0.549102 0.081732
v -0.180435 0.516760 0.087707
v -0.185110 0.492492 0.096152
v -0.166648 0.496927 -0.102734
v -0.163506 0.520550 -0.095469
v -0.161343 0.553273 -0.090597
v -0.137801 0.554605 -0.105114
v -0.138524 0.521923 -0.110855
v -0.139430 0.498483 -0.119372
v -0.124011 0.499209 -0.125423
v -0.124279 0.522565 -0.116329
v -0.124373 0.555210 -0.110275
v -0.220696 0.549555 0.014511
v -0.226570 0.516768 0.016082
v -0.235454 0.492870 0.018457
v -0.019792 0.498754 0.003943
v -0.028076 0.522511 0.002816
v -0.033887 0.554705 0.002005
v -0.074334 0.490933 0.065767
v -0.078319 0.515539 0.059849
v -0.081231 0.547759 0.055525
v -0.095653 0.556291 -0.112240
v -0.093810 0.523711 -0.118414
v -0.091032 0.500449 -0.127673
v -0.025669 0.502699 -0.046259
v -0.033632 0.526003 -0.043456
v -0.039059 0.558137 -0.041538
v -0.026035 0.497106 0.016287
v -0.033770 0.521026 0.014223
v -0.039262 0.553267 0.012729
v -0.046276 0.551840 0.022740
v -0.041216 0.519541 0.024873
v -0.034141 0.495480 0.027807
v -0.043400 0.494046 0.038427
v -0.049813 0.518219 0.034614
v -0.054369 0.550570 0.031892
v -0.053529 0.501842 -0.098478
v -0.059146 0.525043 -0.091534
v -0.062999 0.557479 -0.086878
v -0.045159 0.502176 -0.085590
v -0.051515 0.525360 -0.079630
v -0.055824 0.557734 -0.075647
v -0.107565 0.499852 -0.129312
v -0.109080 0.523148 -0.119872
v -0.110047 0.555760 -0.113614
v -0.019051 0.502477 -0.034301
v -0.027511 0.525834 -0.032461
v -0.033316 0.557929 -0.031187
v -0.150048 0.553990 -0.098421
v -0.151518 0.521271 -0.103754
v -0.153577 0.497756 -0.111737
v -0.151312 0.491125 0.098558
v -0.149310 0.515532 0.089929
v -0.147905 0.547917 0.083817
v -0.085586 0.490506 0.073160
v -0.088679 0.515152 0.066729
v -0.090960 0.547386 0.061980
v -0.162338 0.548489 0.084578
v -0.164676 0.516124 0.090738
v -0.168001 0.491790 0.099452
v -0.216232 0.549575 -0.020895
v -0.221749 0.516617 -0.021509
v -0.230115 0.492734 -0.022352
v 0.175851 1.066165 -0.028086
v 0.179795 1.066373 -0.015502
v 0.183629 1.064908 -0.002916
v 0.183987 1.062983 0.009640
v 0.179716 1.060719 0.019515
v 0.176360 1.061343 0.029535
v 0.174767 1.063122 0.040783
v 0.173589 1.062964 0.053049
v 0.170058 1.062388 0.065333
v 0.162459 1.061510 0.075674
v 0.151549 1.060491 0.082393
v 0.141443 1.058846 0.088575
v 0.131038 1.057197 0.094020
v 0.119666 1.056232 0.098067
v 0.109659 1.052991 0.104248
v 0.098297 1.052320 0.110836
v 0.087426 1.050622 0.115486
v 0.074346 1.049029 0.119736
v 0.059874 1.049375 0.120713
v 0.045339 1.047528 0.124381
v 0.031316 1.046205 0.129659
v 0.016217 1.046217 0.129111
v 0.002505 1.042538 0.133260
v -0.010415 1.042616 0.133381
v -0.021719 1.041206 0.127682
v -0.033053 1.039706 0.127241
v -0.043249 1.039189 0.124974
v -0.053431 1.039229 0.124480
v -0.063230 1.042310 0.121667
v -0.071811 1.043490 0.115609
v -0.081619 1.041012 0.112309
v -0.091365 1.045109 0.109801
v -0.100251 1.047208 0.106437
v -0.111237 1.045876 0.105880
v -0.119874 1.047831 0.099738
v -0.129035 1.048719 0.095298
v -0.139574 1.048069 0.093191
v -0.147481 1.050406 0.085975
v -0.157458 1.051866 0.080961
v -0.165199 1.053939 0.073374
v -0.172549 1.052974 0.066179
v -0.178387 1.051383 0.056725
v -0.180666 1.052130 0.046207
v -0.184250 1.052438 0.036369
v -0.187498 1.055434 0.027278
v -0.189217 1.055018 0.015796
v -0.183806 1.058377 0.006535
v -0.181168 1.060777 -0.004282
v -0.178683 1.063627 -0.016297
v -0.177244 1.064614 -0.027501
v -0.170316 1.068024 -0.038328
v -0.163402 1.070629 -0.048809
v -0.156441 1.073055 -0.059368
v -0.149610 1.075059 -0.069432
v -0.140209 1.078001 -0.078823
v -0.132423 1.079074 -0.089599
v -0.120918 1.081519 -0.095383
v -0.108324 1.083269 -0.100618
v -0.097733 1.082187 -0.108033
v -0.085371 1.083755 -0.112217
v -0.073540 1.083761 -0.115091
v -0.061445 1.081929 -0.115924
v -0.050198 1.079725 -0.117900
v -0.038821 1.081386 -0.117288
v -0.027110 1.081440 -0.116114
v -0.015100 1.080254 -0.118575
v -0.003268 1.080847 -0.114280
v 0.009405 1.080880 -0.113762
v 0.021648 1.081442 -0.114069
v 0.034360 1.081404 -0.115452
v 0.047420 1.082289 -0.115231
v 0.059917 1.082050 -0.116700
v 0.073323 1.082958 -0.114048
v 0.085983 1.082831 -0.112424
v 0.099346 1.080272 -0.110551
v 0.111268 1.078374 -0.105140
v 0.122236 1.077710 -0.097820
v 0.133926 1.075710 -0.092063
v 0.143908 1.073623 -0.083652
v 0.149108 1.072527 -0.071193
v 0.157529 1.070034 -0.061633
v 0.166217 1.066724 -0.052314
v 0.170412 1.065776 -0.039819
v 0.142770 0.927576 -0.021371
v 0.146901 0.927216 -0.011373
v 0.149366 0.926237 -0.000932
v 0.149341 0.924548 0.009229
v 0.147428 0.921625 0.017297
v 0.144391 0.923130 0.025524
v 0.142697 0.924885 0.034873
v 0.140691 0.925839 0.044707
v 0.137290 0.926209 0.054342
v 0.131226 0.925600 0.062275
v 0.122685 0.924036 0.067523
v 0.114247 0.922466 0.072358
v 0.105977 0.921016 0.077167
v 0.097239 0.919365 0.081414
v 0.088206 0.917592 0.085769
v 0.079780 0.916862 0.091551
v 0.069868 0.914921 0.094338
v 0.059783 0.913507 0.098544
v 0.048623 0.912312 0.101950
v 0.036212 0.910871 0.103932
v 0.024686 0.910809 0.108191
v 0.012663 0.909002 0.109422
v 0.001091 0.907392 0.111965
v -0.009649 0.907468 0.111052
v -0.019149 0.906251 0.107137
v -0.028312 0.905267 0.104970
v -0.036836 0.905290 0.103564
v -0.045179 0.905069 0.102300
v -0.053716 0.906502 0.101925
v -0.061326 0.906490 0.098140
v -0.068517 0.905665 0.093069
v -0.076209 0.907371 0.090395
v -0.084261 0.909243 0.088781
v -0.092471 0.911284 0.087542
v -0.099751 0.911889 0.083117
v -0.107257 0.912901 0.079117
v -0.114858 0.913879 0.075412
v -0.122327 0.914316 0.071224
v -0.130354 0.916004 0.067295
v -0.138160 0.917432 0.062918
v -0.142449 0.917057 0.055136
v -0.146313 0.916610 0.047164
v -0.149601 0.915859 0.039160
v -0.152424 0.916380 0.030873
v -0.155403 0.916192 0.023105
v -0.154939 0.918844 0.015372
v -0.152736 0.920874 0.006853
v -0.150786 0.922668 -0.002220
v -0.149348 0.925078 -0.011761
v -0.147249 0.927344 -0.021527
v -0.142211 0.929345 -0.030369
v -0.136651 0.931313 -0.039058
v -0.130486 0.933256 -0.047407
v -0.124447 0.935367 -0.055858
v -0.117365 0.937365 -0.063634
v -0.109432 0.939173 -0.070830
v -0.100819 0.940630 -0.077388
v -0.091201 0.941359 -0.082510
v -0.081340 0.941537 -0.086961
v -0.071661 0.941531 -0.091287
v -0.061932 0.941108 -0.094205
v -0.051955 0.939697 -0.093790
v -0.042335 0.938862 -0.094391
v -0.033137 0.939533 -0.095831
v -0.023684 0.938874 -0.094781
v -0.013892 0.938833 -0.095583
v -0.003953 0.939043 -0.092379
v 0.006377 0.939470 -0.090937
v 0.016819 0.940124 -0.090686
v 0.027364 0.940718 -0.090953
v 0.037963 0.941234 -0.091607
v 0.048659 0.941268 -0.091744
v 0.059435 0.941271 -0.091965
v 0.070035 0.940451 -0.090322
v 0.080722 0.939770 -0.088793
v 0.090188 0.938075 -0.084089
v 0.099400 0.936010 -0.078721
v 0.109412 0.934783 -0.074239
v 0.117316 0.933112 -0.067310
v 0.122455 0.931345 -0.057903
v 0.128981 0.929998 -0.049662
v 0.134547 0.928791 -0.040877
v 0.138601 0.927358 -0.031177
v 0.013489 0.937205 0.113802
v 0.014304 0.965403 0.118128
v 0.015507 0.993364 0.124148
v 0.016488 1.021299 0.128932
v 0.030003 1.023407 0.125235
v 0.028753 0.995306 0.121179
v 0.027302 0.967296 0.116588
v 0.025985 0.939030 0.112344
v 0.128158 0.952872 0.070067
v 0.133619 0.981705 0.072610
v 0.139080 1.010537 0.075152
v 0.144554 1.039330 0.077707
v 0.154457 1.041115 0.071487
v 0.148654 1.012281 0.069190
v 0.142828 0.983381 0.066866
v 0.137001 0.954480 0.064540
v -0.074412 0.971103 -0.095456
v -0.077164 1.000675 -0.099626
v -0.079915 1.030248 -0.103795
v -0.082544 1.059825 -0.107671
v -0.093583 1.059925 -0.102102
v -0.090819 1.030254 -0.098920
v -0.087659 1.000682 -0.094933
v -0.084499 0.971109 -0.090947
v -0.063634 0.934563 0.101957
v -0.065948 0.962654 0.105792
v -0.068246 0.990756 0.109573
v -0.070461 1.018735 0.112992
v -0.061507 1.018718 0.117216
v -0.059657 0.990753 0.113775
v -0.057686 0.962657 0.109856
v -0.055693 0.934566 0.105861
v 0.050920 0.940631 0.105895
v 0.053249 0.968968 0.109887
v 0.055490 0.997335 0.113694
v 0.057884 1.025561 0.117844
v 0.070958 1.027023 0.113902
v 0.068142 0.998705 0.109989
v 0.065365 0.970289 0.106224
v 0.062563 0.941900 0.102373
v 0.006923 0.968957 -0.095097
v 0.007470 0.998441 -0.099249
v 0.008016 1.027926 -0.103402
v 0.008563 1.057407 -0.107557
v -0.003504 1.056881 -0.109296
v -0.003621 1.027445 -0.105034
v -0.003731 0.997979 -0.100826
v -0.003839 0.968512 -0.096624
v -0.127227 0.942763 0.073928
v -0.132119 0.971184 0.076626
v -0.137014 0.999614 0.079326
v -0.141950 1.027968 0.082078
v -0.133164 1.027344 0.086906
v -0.128581 0.999069 0.084024
v -0.124007 0.970672 0.081154
v -0.119430 0.942268 0.078278
v -0.038112 0.933315 0.107625
v -0.039392 0.961356 0.111690
v -0.040649 0.989394 0.115643
v -0.041882 1.017377 0.119532
v -0.031924 1.017380 0.121445
v -0.031036 0.989421 0.117250
v -0.030140 0.961367 0.113226
v -0.029220 0.933327 0.109101
v 0.094273 0.967495 -0.087950
v 0.098362 0.996923 -0.091815
v 0.102451 1.026350 -0.095681
v 0.106538 1.055738 -0.099548
v 0.095449 1.057708 -0.104973
v 0.091775 1.028253 -0.100949
v 0.088082 0.998751 -0.096874
v 0.084390 0.969251 -0.092800
v -0.161200 0.947445 0.015704
v -0.167471 0.976060 0.016043
v -0.173722 1.004656 0.016373
v -0.180268 1.032972 0.016580
v -0.180351 1.030299 0.025766
v -0.174194 1.001771 0.025102
v -0.167952 0.973228 0.024436
v -0.161659 0.944729 0.023771
v 0.146893 0.954740 0.046285
v 0.153118 0.983650 0.047863
v 0.159341 1.012559 0.049440
v 0.165549 1.041401 0.051018
v 0.167906 1.040299 0.039530
v 0.161611 1.011481 0.038365
v 0.155303 0.982612 0.037203
v 0.148994 0.953741 0.036042
v -0.051671 1.017269 0.118159
v -0.050072 0.989206 0.114328
v -0.048450 0.961169 0.110352
v -0.046817 0.933136 0.106339
v -0.129428 0.964679 -0.058530
v -0.134410 0.993991 -0.061202
v -0.139378 1.023305 -0.063865
v -0.142713 1.052864 -0.064926
v -0.151046 1.050143 -0.056168
v -0.146196 1.020925 -0.054350
v -0.140960 0.991701 -0.052036
v -0.135723 0.962478 -0.049721
v 0.083382 0.945348 0.095005
v 0.087028 0.973875 0.098558
v 0.090606 1.002454 0.101916
v 0.094319 1.030887 0.105657
v 0.104265 1.031827 0.099104
v 0.100229 1.003327 0.095703
v 0.096243 0.974752 0.092456
v 0.092237 0.946189 0.089140
v -0.124278 1.026262 0.091247
v -0.120024 0.997987 0.088217
v -0.115768 0.969625 0.085183
v -0.111513 0.941263 0.082151
v -0.053873 0.969192 -0.098066
v -0.055791 0.998687 -0.102340
v -0.057710 1.028182 -0.106614
v -0.059639 1.057626 -0.110942
v -0.071276 1.059238 -0.111232
v -0.068951 1.029770 -0.107082
v -0.066611 1.000216 -0.102789
v -0.064271 0.970661 -0.098496
v -0.009758 0.935567 0.115383
v -0.009888 0.963699 0.119763
v -0.010163 0.991390 0.125050
v -0.011289 1.018428 0.132177
v 0.003295 1.018794 0.134068
v 0.002363 0.991683 0.126336
v 0.001749 0.963696 0.120727
v 0.001424 0.935562 0.116315
v -0.177107 1.030297 0.034869
v -0.170930 1.001881 0.033862
v -0.164763 0.973379 0.032866
v -0.158599 0.944868 0.031873
v 0.028798 0.970257 -0.095115
v 0.030232 0.999794 -0.099269
v 0.031666 1.029332 -0.103421
v 0.033099 1.058862 -0.107580
v 0.020772 1.058170 -0.107263
v 0.019783 1.028661 -0.103119
v 0.018796 0.999148 -0.098977
v 0.017808 0.969635 -0.094834
v -0.079155 0.935488 0.093908
v -0.082098 0.963617 0.097417
v -0.085039 0.991750 0.100914
v -0.087985 1.019780 0.104400
v -0.079009 1.017947 0.107587
v -0.076371 0.989895 0.103944
v -0.073762 0.961830 0.100359
v -0.071144 0.933772 0.096736
v -0.156940 1.048355 -0.046036
v -0.153040 1.018772 -0.044872
v -0.147646 0.989594 -0.042981
v -0.142148 0.960454 -0.041019
v 0.114285 0.964059 -0.077652
v 0.119191 0.993348 -0.081107
v 0.124099 1.022638 -0.084564
v 0.129354 1.051596 -0.088962
v 0.117338 1.053361 -0.093308
v 0.112846 1.024038 -0.089650
v 0.108373 0.994703 -0.086016
v 0.103897 0.965366 -0.082381
v -0.143664 0.945958 0.065211
v -0.149231 0.974515 0.067564
v -0.154747 1.003046 0.069867
v -0.160180 1.031422 0.072092
v -0.151314 1.029825 0.077457
v -0.146057 1.001481 0.074897
v -0.140824 0.972989 0.072364
v -0.135593 0.944495 0.069831
v 0.149082 0.956553 -0.022585
v 0.155392 0.985537 -0.023799
v 0.161669 1.014529 -0.024997
v 0.168049 1.043394 -0.026235
v 0.164260 1.042750 -0.037911
v 0.156922 1.014305 -0.036016
v 0.150872 0.985315 -0.034435
v 0.144738 0.956347 -0.032806
v -0.156883 0.951447 -0.002627
v -0.162979 0.980223 -0.003032
v -0.169073 1.009009 -0.003439
v -0.174393 1.037923 -0.003672
v -0.177173 1.035665 0.006831
v -0.171268 1.006972 0.006785
v -0.165093 0.978273 0.006807
v -0.158916 0.949573 0.006829
v -0.113779 0.968645 -0.074134
v -0.118126 0.998118 -0.077439
v -0.122471 1.027590 -0.080742
v -0.125114 1.057430 -0.082000
v -0.133884 1.055422 -0.073348
v -0.131407 1.025553 -0.072631
v -0.126730 0.996157 -0.069635
v -0.122047 0.966761 -0.066634
v 0.161536 1.041810 0.062238
v 0.155484 1.012968 0.060272
v 0.149405 0.984043 0.058287
v 0.143322 0.955117 0.056299
v -0.034259 0.969014 -0.100178
v -0.035382 0.998504 -0.104544
v -0.036506 1.027995 -0.108912
v -0.037615 1.057311 -0.113154
v -0.048396 1.056693 -0.111648
v -0.046870 1.027242 -0.107292
v -0.045359 0.997784 -0.102993
v -0.043848 0.968326 -0.098694
v 0.082803 1.028695 0.109124
v 0.079534 1.000316 0.105297
v 0.076337 0.971839 0.101755
v 0.073107 0.943390 0.098077
v 0.153915 0.950441 0.017725
v 0.160428 0.979150 0.018142
v 0.166940 1.007861 0.018561
v 0.173367 1.036674 0.018985
v 0.175640 1.039858 0.009472
v 0.169090 1.011099 0.009453
v 0.162507 0.982235 0.009366
v 0.155914 0.953373 0.009279
v 0.050994 0.970834 -0.095944
v 0.053327 1.000395 -0.100131
v 0.055660 1.029955 -0.104316
v 0.057995 1.059504 -0.108505
v 0.045490 1.059455 -0.108329
v 0.043608 1.029909 -0.104149
v 0.041727 1.000347 -0.099963
v 0.039845 0.970786 -0.095779
v -0.021494 1.018296 0.124615
v -0.020828 0.990459 0.120153
v -0.020214 0.962420 0.115609
v -0.019682 0.934339 0.111393
v 0.110723 0.949719 0.080106
v 0.115479 0.978424 0.083055
v 0.120234 1.007129 0.086003
v 0.124989 1.035783 0.088954
v 0.134679 1.037495 0.083358
v 0.129565 1.008768 0.080598
v 0.124460 0.980001 0.077852
v 0.119355 0.951235 0.075105
v 0.127938 0.960491 -0.060686
v 0.133384 0.989632 -0.063440
v 0.138777 1.018789 -0.066155
v 0.148051 1.045621 -0.072044
v 0.141602 1.047773 -0.082866
v 0.132961 1.020770 -0.076734
v 0.127751 0.991544 -0.073592
v 0.122508 0.962328 -0.070430
v -0.096082 0.939545 0.090863
v -0.099712 0.967840 0.094252
v -0.103322 0.996140 0.097539
v -0.106945 1.024313 0.100935
v -0.097410 1.022041 0.102591
v -0.094114 0.993885 0.099102
v -0.090835 0.965671 0.095683
v -0.087551 0.937463 0.092242
v 0.043532 1.023992 0.120486
v 0.041693 0.995796 0.116295
v 0.039864 0.967478 0.112192
v 0.038054 0.939198 0.108104
v -0.152212 0.945118 0.048844
v -0.158118 0.973638 0.050526
v -0.164021 1.002154 0.052208
v -0.169925 1.030597 0.053893
v -0.165452 1.031134 0.063243
v -0.159685 1.002682 0.061203
v -0.153941 0.974141 0.059181
v -0.148199 0.945603 0.057163
v -0.153189 0.956316 -0.022746
v -0.159121 0.985288 -0.023962
v -0.164977 1.014270 -0.025144
v -0.172206 1.042626 -0.026682
v -0.172818 1.040665 -0.015183
v -0.167390 1.011719 -0.014162
v -0.161415 0.982830 -0.013381
v -0.155382 0.953954 -0.012571
v -0.094777 0.970924 -0.086308
v -0.098354 1.000489 -0.090106
v -0.101931 1.030054 -0.093904
v -0.104785 1.059801 -0.096280
v -0.115678 1.059021 -0.090110
v -0.112768 1.029232 -0.088132
v -0.108785 0.999699 -0.084551
v -0.104802 0.970164 -0.080970
v 0.155936 0.955162 -0.001282
v 0.162531 0.984088 -0.001633
v 0.169113 1.013018 -0.001979
v 0.175663 1.041897 -0.002331
v 0.172797 1.043027 -0.014529
v 0.166325 1.014123 -0.013737
v 0.159864 0.985149 -0.012955
v 0.153378 0.956181 -0.012163
v -0.014202 0.968289 -0.099894
v -0.014511 0.997747 -0.104263
v -0.014821 1.027206 -0.108627
v -0.015126 1.056574 -0.112835
v -0.026566 1.056666 -0.112199
v -0.025854 1.027256 -0.107736
v -0.025130 0.997797 -0.103428
v -0.024406 0.968339 -0.099117
v 0.169949 1.038261 0.028619
v 0.163550 1.009504 0.027838
v 0.157178 0.980707 0.027075
v 0.150805 0.951910 0.026311
v 0.073278 0.969987 -0.094472
v 0.076514 0.999512 -0.098596
v 0.079749 1.029036 -0.102719
v 0.082989 1.058548 -0.106856
v 0.070585 1.059482 -0.108715
v 0.067799 1.029947 -0.104540
v 0.065009 1.000381 -0.100332
v 0.062219 0.970817 -0.096128
v 0.114773 1.033833 0.093926
v 0.110380 1.005266 0.090770
v 0.106000 0.976626 0.087664
v 0.101614 0.947991 0.084535
v 0.140498 0.957817 -0.042908
v 0.146464 0.986853 -0.044949
v 0.152285 1.015913 -0.046911
v 0.162180 1.042901 -0.051045
v 0.155375 1.044815 -0.062081
v 0.146057 1.017279 -0.056836
v 0.140426 0.988169 -0.054474
v 0.134695 0.959085 -0.052062
v -0.103697 0.940223 0.086340
v -0.107635 0.968542 0.089541
v -0.111574 0.996869 0.092738
v -0.115532 1.025118 0.095989
v -0.155639 0.944369 0.040499
v -0.161684 0.972855 0.041842
v -0.167727 1.001346 0.043185
v -0.173762 1.029823 0.044524
v -0.147944 0.958402 -0.031964
v -0.153677 0.987460 -0.033560
v -0.159242 1.016596 -0.035060
v -0.163681 1.045985 -0.035820
vn 0.2289 0.1759 0.9574
vn 0.4796 0.1137 0.8701
vn 0.3877 -0.0039 0.9218
vn 0.2991 -0.1543 0.9417
vn 0.2014 0.2655 0.9428
vn 0.4350 0.0552 0.8988
vn 0.0931 0.0094 0.9956
vn 0.0891 0.3838 0.9191
vn -0.0669 -0.1257 0.9898
vn 0.1591 -0.1210 0.9798
vn 0.2305 -0.2157 0.9489
vn 0.1451 -0.2895 0.9461
vn -0.1764 -0.1456 0.9735
vn -0.4425 -0.0059 0.8967
vn -0.2400 0.0537 0.9693
vn 0.0871 0.0755 0.9933
vn 0.0990 0.0817 0.9917
vn 0.1863 -0.0196 0.9823
vn 0.1211 -0.2883 0.9499
vn 0.8920 0.0185 -0.4516
vn 0.9513 0.0134 -0.3081
vn 0.9342 0.0521 -0.3530
vn 0.8580 0.0350 -0.5125
vn 0.8933 -0.1309 -0.4299
vn 0.9180 -0.1695 -0.3586
vn 0.8403 0.0100 -0.5420
vn 0.8367 -0.0037 -0.5476
vn 0.8766 -0.0207 -0.4807
vn 0.8386 0.0131 -0.5446
vn 0.8605 -0.1415 -0.4893
vn 0.6584 -0.2630 0.7052
vn 0.6221 -0.1142 0.7745
vn 0.7869 -0.1239 0.6045
vn 0.7992 -0.2868 0.5283
vn 0.1089 -0.7022 0.7036
vn 0.1542 -0.6043 0.7817
vn 0.1096 -0.5617 0.8201
vn 0.5898 -0.3438 0.7307
vn 0.5188 -0.2110 0.8284
vn 0.5392 -0.2025 0.8175
vn -0.4809 -0.0613 0.8746
vn -0.1936 -0.1464 0.9701
vn -0.1973 -0.1215 0.9728
vn -0.5059 -0.0532 0.8610
vn -0.5331 0.0083 0.8460
vn -0.5528 -0.1200 0.8246
vn -0.6083 -0.1234 0.7840
vn -0.6026 -0.1145 0.7898
vn -0.5500 -0.1083 0.8281
vn -0.5764 -0.1646 0.8004
vn -0.6343 -0.1538 0.7577
vn -0.5199 -0.1207 0.8456
vn -0.5150 -0.1806 0.8379
vn -0.5037 -0.1101 0.8568
vn -0.5080 -0.1105 0.8542
vn -0.5046 -0.1061 0.8568
vn 0.6272 -0.0193 0.7786
vn 0.3931 -0.0115 0.9194
vn 0.5803 -0.0397 0.8135
vn 0.3216 0.0256 0.9465
vn -0.9566 -0.0505 -0.2871
vn -0.9357 -0.0914 -0.3408
vn -0.8529 -0.0705 -0.5174
vn -0.8692 -0.0378 -0.4930
vn -0.9601 -0.1564 -0.2317
vn -0.9437 -0.1645 -0.2870
vn -0.9891 -0.0383 -0.1425
vn -0.9710 -0.1720 -0.1663
vn -0.8627 -0.0126 -0.5056
vn -0.9382 -0.0076 -0.3460
vn -0.9803 -0.0036 -0.1974
vn -0.9253 -0.0047 -0.3793
vn -0.9709 0.0029 -0.2393
vn -0.9991 -0.0000 -0.0418
vn -0.9994 -0.0186 -0.0292
vn -0.9978 -0.0613 -0.0234
vn -0.9951 -0.0642 0.0752
vn -0.9944 -0.0989 0.0379
vn -0.9667 -0.2511 -0.0487
vn -0.9728 -0.2093 -0.0993
vn -0.0661 -0.8373 -0.5427
vn -0.0842 -0.7338 -0.6741
vn -0.1108 -0.6224 -0.7748
vn -0.1368 -0.5236 -0.8409
vn 0.8221 -0.1658 -0.5446
vn -0.1657 -0.4667 -0.8688
vn 0.7796 -0.1927 -0.5959
vn -0.1851 -0.4503 -0.8735
vn -0.9229 -0.1833 -0.3386
vn -0.9120 -0.1124 -0.3944
vn -0.1916 -0.4258 -0.8843
vn -0.8984 -0.1959 -0.3930
vn -0.8852 -0.1284 -0.4472
vn -0.7886 -0.0993 -0.6068
vn -0.8230 -0.0879 -0.5611
vn -0.8713 -0.2060 -0.4454
vn -0.8535 -0.1420 -0.5014
vn -0.7497 -0.1094 -0.6527
vn -0.6196 -0.0780 -0.7810
vn -0.6577 -0.0730 -0.7498
vn -0.8167 -0.1539 -0.5562
vn -0.7065 -0.1180 -0.6978
vn -0.5769 -0.0821 -0.8127
vn -0.4387 -0.0533 -0.8970
vn -0.4711 -0.0524 -0.8805
vn -0.6587 -0.1242 -0.7421
vn -0.5314 -0.0851 -0.8428
vn -0.4046 -0.0526 -0.9130
vn -0.2466 -0.0278 -0.9687
vn -0.2781 -0.0321 -0.9600
vn -0.4837 -0.0870 -0.8709
vn -0.3676 -0.0518 -0.9285
vn -0.2148 -0.0258 -0.9763
vn -0.0457 -0.0048 -0.9989
vn -0.0705 -0.0068 -0.9975
vn -0.3294 -0.0502 -0.9428
vn -0.1831 -0.0228 -0.9828
vn -0.0221 -0.0011 -0.9998
vn 0.1219 0.0171 -0.9924
vn 0.1036 0.0130 -0.9945
vn -0.1517 -0.0182 -0.9883
vn -0.0003 0.0028 -1.0000
vn 0.1401 0.0203 -0.9899
vn 0.2938 0.0363 -0.9552
vn 0.2801 0.0334 -0.9594
vn 0.0191 0.0043 -0.9998
vn 0.1569 0.0204 -0.9874
vn 0.3049 0.0341 -0.9518
vn 0.4447 0.0428 -0.8947
vn 0.4418 0.0469 -0.8959
vn 0.1703 0.0121 -0.9853
vn 0.3115 0.0211 -0.9500
vn 0.4442 0.0247 -0.8956
vn 0.5631 0.0208 -0.8261
vn 0.5724 0.0436 -0.8188
vn 0.3114 -0.0160 -0.9501
vn 0.4401 -0.0162 -0.8978
vn 0.5569 -0.0140 -0.8305
vn 0.6561 -0.0060 -0.7547
vn 0.6588 0.0126 -0.7522
vn 0.4453 -0.0305 -0.8949
vn 0.5678 -0.0061 -0.8231
vn 0.6699 0.0242 -0.7420
vn 0.7515 0.0572 -0.6572
vn 0.7361 0.0088 -0.6768
vn 0.5958 0.0600 -0.8009
vn 0.6930 0.0989 -0.7141
vn 0.7685 0.1330 -0.6258
vn 0.8220 0.1629 -0.5456
vn 0.8096 0.0916 -0.5798
vn 0.7158 0.1672 -0.6780
vn 0.7819 0.1959 -0.5918
vn 0.8292 0.2174 -0.5150
vn 0.8600 0.2290 -0.4560
vn 0.8602 0.1864 -0.4746
vn 0.7970 0.2132 -0.5652
vn 0.8347 0.2195 -0.5051
vn 0.8625 0.2114 -0.4598
vn 0.8833 0.1989 -0.4244
vn 0.8818 0.2291 -0.4121
vn 0.8307 -0.0747 -0.5516
vn 0.8656 -0.0907 -0.4925
vn 0.8849 -0.0844 -0.4581
vn 0.8783 -0.1101 -0.4653
vn 0.8919 0.1830 -0.4136
vn 0.8595 -0.0853 -0.5039
vn 0.8683 -0.1313 -0.4784
vn 0.8663 -0.1442 -0.4784
vn 0.8936 -0.1335 -0.4285
vn 0.8886 -0.1448 -0.4353
vn 0.8692 0.0353 -0.4932
vn 0.8892 0.0351 -0.4561
vn 0.9165 0.0607 -0.3954
vn 0.9420 0.0786 -0.3264
vn 0.9305 -0.1064 -0.3504
vn 0.9008 -0.0522 -0.4311
vn 0.9247 -0.0308 -0.3795
vn 0.9455 -0.0221 -0.3250
vn 0.9748 -0.0071 -0.2229
vn 0.9655 0.0833 -0.2468
vn 0.3063 0.9437 -0.1249
vn 0.3953 0.9121 -0.1085
vn 0.3522 0.9328 -0.0762
vn 0.3243 0.9455 -0.0284
vn 0.9995 0.0253 -0.0198
vn 0.9919 0.0881 0.0918
vn 0.9894 0.1449 -0.0127
vn 0.9912 0.1068 -0.0786
vn 0.2459 0.9680 -0.0498
vn 0.1998 0.9794 -0.0293
vn 0.9723 0.1906 0.1352
vn 0.9410 0.2380 0.2405
vn 0.9334 0.3005 0.1959
vn 0.9750 0.2221 0.0014
vn 0.2248 0.9682 0.1096
vn 0.1793 0.9702 0.1631
vn 0.9136 0.2282 0.3367
vn 0.8365 0.1940 0.5124
vn 0.7992 0.2826 0.5305
vn 0.8795 0.3131 0.3583
vn 0.1410 0.9642 0.2244
vn 0.1102 0.9540 0.2788
vn 0.6920 0.1760 0.7001
vn 0.5653 0.2143 0.7966
vn 0.6056 0.2472 0.7564
vn 0.6955 0.2614 0.6693
vn 0.0174 0.9947 0.1011
vn -0.0717 0.9972 0.0208
vn 0.4959 0.2555 0.8300
vn 0.4636 0.2593 0.8473
vn 0.4742 0.2151 0.8537
vn 0.5140 0.2219 0.8286
vn 0.0027 0.9948 0.1019
vn -0.0558 0.9906 0.1246
vn 0.4062 0.2489 0.8792
vn 0.4160 0.2300 0.8798
vn 0.3672 0.1261 0.9216
vn 0.3950 0.1868 0.8995
vn -0.1235 0.9865 0.1074
vn -0.0683 0.9794 0.1898
vn 0.3932 0.2042 0.8965
vn 0.3229 0.1889 0.9274
vn 0.3345 0.0340 0.9418
vn 0.3902 0.0752 0.9177
vn -0.1051 0.9934 0.0465
vn 0.0082 0.9821 0.1880
vn 0.2819 0.1760 0.9432
vn 0.1951 0.1692 0.9661
vn 0.2414 -0.0141 0.9703
vn 0.2809 0.0053 0.9597
vn -0.0146 0.9654 0.2604
vn -0.0525 0.9755 0.2138
vn 0.2199 0.1705 0.9605
vn 0.1603 0.1292 0.9786
vn 0.1593 -0.0374 0.9865
vn 0.2182 -0.0233 0.9756
vn -0.0076 0.9229 0.3850
vn -0.0875 0.9492 0.3024
vn 0.0848 0.0718 0.9938
vn 0.0285 0.0133 0.9995
vn -0.0136 -0.0817 0.9966
vn 0.0670 -0.0534 0.9963
vn -0.0892 0.8822 0.4624
vn -0.0856 0.9216 0.3787
vn -0.1328 0.0143 0.9910
vn -0.1763 0.0749 0.9815
vn -0.1240 -0.0514 0.9909
vn -0.0654 -0.0872 0.9940
vn -0.0441 0.9844 0.1702
vn -0.0297 0.9956 0.0891
vn -0.1681 0.0875 0.9819
vn -0.1867 0.0723 0.9797
vn -0.1873 -0.0401 0.9815
vn -0.1993 -0.0358 0.9793
vn -0.0572 0.9953 0.0776
vn 0.0278 0.9932 0.1135
vn -0.1919 0.0587 0.9797
vn -0.3011 0.0652 0.9514
vn -0.2982 0.0213 0.9543
vn -0.1867 0.0015 0.9824
vn -0.0003 0.9245 0.3811
vn -0.0315 0.9654 0.2589
vn -0.3095 0.1180 0.9435
vn -0.2633 0.1992 0.9439
vn -0.2292 0.0109 0.9733
vn -0.2535 0.0002 0.9673
vn 0.0917 0.9937 0.0641
vn 0.1503 0.9876 0.0446
vn -0.2126 0.2209 0.9518
vn -0.2413 0.2259 0.9438
vn -0.2729 -0.0060 0.9620
vn -0.2632 0.0142 0.9646
vn -0.0212 0.9941 0.1065
vn -0.0005 0.9713 0.2380
vn -0.3654 0.2334 0.9011
vn -0.3674 0.2345 0.9000
vn -0.3687 0.1079 0.9233
vn -0.3348 0.0502 0.9410
vn 0.1425 0.9818 0.1253
vn -0.0152 0.9987 0.0485
vn -0.4163 0.2404 0.8769
vn -0.4602 0.2318 0.8570
vn -0.4704 0.1160 0.8748
vn -0.4628 0.1127 0.8793
vn 0.0739 0.9942 0.0775
vn 0.0428 0.9962 0.0758
vn -0.4922 0.2371 0.8376
vn -0.6347 0.2355 0.7360
vn -0.6460 0.1554 0.7473
vn -0.5090 0.1220 0.8521
vn -0.1443 0.9553 0.2580
vn -0.2736 0.8916 0.3608
vn -0.7082 0.1973 0.6779
vn -0.7708 0.2079 0.6021
vn -0.7862 0.2138 0.5798
vn -0.6809 0.2098 0.7017
vn -0.1158 0.9757 0.1860
vn -0.0896 0.9876 0.1291
vn -0.8874 0.2046 0.4132
vn -0.9615 0.1606 0.2229
vn -0.9588 0.1935 0.2079
vn -0.9066 0.1769 0.3830
vn -0.1494 0.9888 -0.0023
vn -0.3381 0.9325 -0.1271
vn -0.9920 0.1151 0.0520
vn -0.9946 0.1038 0.0064
vn -0.9824 0.1865 -0.0122
vn -0.9759 0.2134 0.0448
vn -0.3017 0.9415 -0.1504
vn -0.4038 0.8882 0.2193
vn -0.9964 0.0737 -0.0418
vn -0.9844 0.0584 -0.1657
vn -0.9701 0.0829 -0.2280
vn -0.9850 0.1361 -0.1062
vn -0.3804 0.8744 0.3012
vn -0.3872 0.9141 0.1208
vn -0.9774 0.0334 -0.2089
vn -0.9736 0.0009 -0.2281
vn -0.9449 -0.0594 -0.3219
vn -0.9590 0.0220 -0.2826
vn -0.3943 0.9159 0.0751
vn -0.4364 0.8974 0.0645
vn -0.9305 -0.0099 -0.3661
vn -0.8657 -0.0079 -0.5005
vn -0.8599 -0.0897 -0.5025
vn -0.9011 -0.1038 -0.4211
vn -0.3608 0.9323 0.0253
vn -0.3952 0.9074 -0.1433
vn -0.8105 0.0173 -0.5855
vn -0.8036 0.0319 -0.5943
vn -0.8170 -0.0133 -0.5764
vn -0.8275 -0.0407 -0.5599
vn -0.3415 0.9363 -0.0823
vn -0.4261 0.9026 -0.0618
vn -0.7990 0.0470 -0.5994
vn -0.7397 0.0749 -0.6687
vn -0.7644 0.0762 -0.6402
vn -0.8128 0.0183 -0.5822
vn -0.3225 0.9419 -0.0937
vn -0.2555 0.9649 -0.0608
vn -0.6750 0.1070 -0.7300
vn -0.5908 0.1478 -0.7932
vn -0.6391 0.1871 -0.7461
vn -0.6930 0.1326 -0.7086
vn -0.3254 0.9348 -0.1423
vn -0.1810 0.9676 -0.1761
vn -0.5069 0.2008 -0.8383
vn -0.3878 0.2332 -0.8917
vn -0.3812 0.2802 -0.8810
vn -0.5456 0.2468 -0.8009
vn -0.0786 0.9821 -0.1711
vn -0.0431 0.9753 -0.2168
vn -0.2542 0.2247 -0.9407
vn -0.1362 0.2206 -0.9658
vn -0.1505 0.3217 -0.9348
vn -0.2447 0.3005 -0.9219
vn 0.0024 0.9425 -0.3342
vn 0.0349 0.9966 -0.0746
vn -0.0984 0.2439 -0.9648
vn -0.1020 0.2646 -0.9590
vn -0.0827 0.2662 -0.9604
vn -0.0882 0.3082 -0.9472
vn 0.0090 0.9990 -0.0436
vn -0.0700 0.9865 -0.1480
vn -0.0478 0.2737 -0.9606
vn -0.0109 0.2857 -0.9583
vn 0.0140 0.2239 -0.9745
vn -0.0569 0.2482 -0.9670
vn 0.0229 0.9964 -0.0813
vn 0.0632 0.9906 -0.1215
vn 0.0702 0.3099 -0.9482
vn 0.0974 0.3563 -0.9293
vn 0.0171 0.2396 -0.9707
vn 0.0245 0.2045 -0.9786
vn -0.0844 0.9950 0.0532
vn -0.0052 0.9986 0.0525
vn 0.0261 0.3876 -0.9214
vn 0.0231 0.3896 -0.9207
vn 0.0182 0.2765 -0.9608
vn 0.0118 0.2702 -0.9627
vn 0.0652 0.9925 0.1038
vn 0.0354 0.9954 0.0888
vn 0.0146 0.3750 -0.9269
vn -0.0028 0.3553 -0.9348
vn 0.0217 0.2919 -0.9562
vn 0.0183 0.2915 -0.9564
vn 0.0315 0.9984 0.0471
vn 0.0174 0.9997 0.0180
vn 0.0707 0.3321 -0.9406
vn 0.1610 0.3050 -0.9386
vn 0.1488 0.3339 -0.9308
vn 0.0795 0.2990 -0.9510
vn 0.0631 0.9883 -0.1387
vn 0.1579 0.9843 -0.0794
vn 0.2089 0.2749 -0.9385
vn 0.3156 0.2285 -0.9210
vn 0.3678 0.3135 -0.8755
vn 0.2412 0.3480 -0.9059
vn 0.1751 0.9488 -0.2630
vn 0.2054 0.9649 -0.1635
vn 0.5074 0.1855 -0.8415
vn 0.6244 0.1190 -0.7720
vn 0.6688 0.2083 -0.7137
vn 0.5345 0.2501 -0.8073
vn 0.3089 0.9500 -0.0451
vn 0.4472 0.8602 -0.2451
vn 0.6537 0.0163 -0.7566
vn 0.7652 -0.0520 -0.6417
vn 0.7861 0.1545 -0.5985
vn 0.7166 0.1970 -0.6691
vn 0.4764 0.8374 -0.2678
vn 0.4085 0.9004 -0.1499
vn 0.8098 -0.0452 -0.5850
vn 0.8112 -0.0479 -0.5828
vn 0.8410 0.0821 -0.5348
vn 0.8130 0.1211 -0.5695
vn 0.5148 0.8512 -0.1021
vn 0.4578 0.8751 -0.1573
vn 0.8621 -0.0695 -0.5020
vn 0.3234 0.9237 -0.2052
vn 0.8197 -0.0486 -0.5708
vn 0.8086 -0.0206 -0.5880
vn 0.8094 -0.0565 -0.5845
vn 0.7306 -0.0365 -0.6819
vn 0.7297 0.0074 -0.6838
vn 0.6540 -0.0089 -0.7564
vn 0.6609 0.0163 -0.7503
vn 0.5640 -0.0080 -0.8257
vn 0.5723 0.0362 -0.8192
vn 0.4167 -0.0114 -0.9090
vn 0.4152 0.0841 -0.9058
vn 0.2744 0.0056 -0.9616
vn 0.2647 0.1208 -0.9567
vn 0.1292 0.0357 -0.9910
vn 0.1259 0.1392 -0.9822
vn 0.0245 0.0543 -0.9982
vn 0.0448 0.1207 -0.9917
vn -0.0170 0.0354 -0.9992
vn 0.0200 0.0918 -0.9956
vn -0.0381 0.0044 -0.9993
vn -0.0117 0.0675 -0.9976
vn -0.0243 -0.0183 -0.9995
vn -0.0003 0.0482 -0.9988
vn -0.0275 -0.0482 -0.9985
vn 0.0002 0.0395 -0.9992
vn -0.0512 -0.0617 -0.9968
vn -0.0391 0.0289 -0.9988
vn 0.0048 -0.0671 -0.9977
vn 0.0114 0.0178 -0.9998
vn 0.0516 -0.0745 -0.9959
vn 0.0435 0.0260 -0.9987
vn 0.0257 -0.0379 -0.9990
vn -0.0492 0.0539 -0.9973
vn 0.0221 0.0219 -0.9995
vn -0.0419 0.0921 -0.9949
vn -0.0252 0.0408 -0.9988
vn -0.0489 0.1291 -0.9904
vn -0.1426 0.0548 -0.9883
vn -0.1654 0.1423 -0.9759
vn -0.2746 0.0591 -0.9597
vn -0.2693 0.1335 -0.9537
vn -0.4035 0.0357 -0.9143
vn -0.3948 0.1100 -0.9122
vn -0.5337 0.0286 -0.8452
vn -0.5576 0.0854 -0.8257
vn -0.6662 0.0419 -0.7446
vn -0.6712 0.0563 -0.7391
vn -0.7405 0.0253 -0.6716
vn -0.7152 0.0192 -0.6987
vn -0.8058 -0.0005 -0.5922
vn -0.7860 -0.0453 -0.6165
vn -0.8401 -0.0010 -0.5424
vn -0.8210 -0.1013 -0.5619
vn -0.8446 -0.0074 -0.5353
vn -0.8154 -0.1321 -0.5636
vn -0.8697 -0.0389 -0.4921
vn -0.8296 -0.1667 -0.5329
vn -0.8839 -0.0738 -0.4619
vn -0.8491 -0.1983 -0.4896
vn -0.8881 -0.0779 -0.4529
vn -0.8687 -0.2086 -0.4492
vn -0.8902 -0.0621 -0.4514
vn -0.8926 -0.1720 -0.4167
vn -0.9173 -0.0496 -0.3952
vn -0.9251 -0.1143 -0.3622
vn -0.9436 -0.0122 -0.3310
vn -0.9515 -0.0860 -0.2955
vn -0.9730 0.0423 -0.2268
vn -0.9795 -0.0636 -0.1914
vn -0.9930 0.0552 -0.1045
vn -0.9962 -0.0212 -0.0848
vn -0.9989 0.0399 -0.0254
vn -0.9988 0.0473 0.0113
vn -0.9719 0.0795 0.2218
vn -0.9703 0.0681 0.2323
vn -0.9249 0.1164 0.3619
vn -0.9302 0.0593 0.3621
vn -0.8512 0.1300 0.5084
vn -0.8454 0.0910 0.5263
vn -0.7052 0.1779 0.6863
vn -0.6831 0.1203 0.7204
vn -0.6240 0.2303 0.7467
vn -0.6301 0.1405 0.7637
vn -0.4824 0.2414 0.8421
vn -0.5069 0.1486 0.8491
vn -0.4170 0.2516 0.8734
vn -0.4411 0.1326 0.8876
vn -0.3348 0.2028 0.9202
vn -0.4410 0.0922 0.8928
vn -0.2334 0.1214 0.9648
vn -0.3251 0.0343 0.9451
vn -0.1586 0.0727 0.9847
vn -0.2347 -0.0309 0.9716
vn -0.1628 0.0021 0.9867
vn -0.2495 -0.0788 0.9652
vn -0.1884 -0.1319 0.9732
vn -0.2870 -0.0966 0.9530
vn -0.1635 -0.2245 0.9607
vn -0.1935 -0.1190 0.9739
vn -0.3015 -0.2067 0.9308
vn -0.2609 -0.1281 0.9568
vn -0.3144 -0.1533 0.9368
vn -0.3008 -0.1209 0.9460
vn -0.2587 -0.0957 0.9612
vn -0.1812 -0.1098 0.9773
vn -0.2565 0.0067 0.9665
vn -0.1922 -0.0835 0.9778
vn -0.1478 0.0518 0.9877
vn -0.1766 -0.1034 0.9788
vn -0.0672 0.0790 0.9946
vn -0.0771 -0.1624 0.9837
vn -0.0302 0.0939 0.9951
vn -0.0419 -0.1912 0.9807
vn 0.0130 0.0538 0.9985
vn -0.0135 -0.2167 0.9762
vn 0.0720 -0.2240 0.9719
vn 0.1804 -0.2232 0.9579
vn 0.1879 -0.2118 0.9591
vn 0.2482 -0.2472 0.9366
vn 0.2456 -0.2552 0.9352
vn 0.2549 -0.2657 0.9297
vn 0.2671 -0.2237 0.9373
vn 0.2868 -0.2642 0.9208
vn 0.2709 -0.2007 0.9414
vn 0.3220 -0.2322 0.9178
vn 0.2424 -0.1200 0.9627
vn 0.3516 -0.1747 0.9197
vn 0.2540 -0.0334 0.9666
vn 0.3226 -0.1127 0.9398
vn 0.3091 0.0336 0.9504
vn 0.3802 -0.0492 0.9236
vn 0.4096 0.1076 0.9059
vn 0.4831 0.0128 0.8755
vn 0.4978 0.1496 0.8543
vn 0.5213 0.0671 0.8507
vn 0.6082 0.1442 0.7806
vn 0.6230 0.1071 0.7749
vn 0.7371 0.1355 0.6620
vn 0.7359 0.1207 0.6663
vn 0.8482 0.1124 0.5176
vn 0.8356 0.1086 0.5385
vn 0.9300 0.0766 0.3594
vn 0.9222 0.1024 0.3730
vn 0.9847 0.0601 0.1637
vn 0.9813 0.0992 0.1647
vn 0.9954 0.0822 -0.0493
vn 0.9928 0.0987 -0.0674
vn 0.9883 0.0653 -0.1379
vn 0.9947 0.0671 -0.0776
vn 0.9718 -0.0235 -0.2346
vn 0.9899 0.0032 -0.1416
vn 0.9364 -0.0981 -0.3368
vn 0.9564 -0.0671 -0.2841
vn 0.9111 -0.1377 -0.3885
vn 0.9122 0.1901 -0.3629
vn 0.9022 0.1706 -0.3962
vn 0.8970 0.1690 -0.4085
vn 0.8903 0.2184 -0.3996
vn 0.8917 0.2171 -0.3971
vn 0.8917 0.2226 -0.3941
vn 0.8932 0.2065 -0.3994
vn 0.8965 0.2027 -0.3941
vn 0.8866 0.1985 -0.4177
vn 0.8969 0.1677 -0.4093
vn 0.8875 0.1469 -0.4367
vn 0.8562 0.1226 -0.5020
vn 0.8784 0.0848 -0.4703
vn 0.8472 0.0506 -0.5289
vn 0.7971 0.0274 -0.6033
vn 0.8372 0.0147 -0.5468
vn 0.7937 0.0059 -0.6083
vn 0.7338 0.0071 -0.6793
vn 0.7972 0.0195 -0.6034
vn 0.7414 0.0251 -0.6706
vn 0.6702 0.0354 -0.7413
vn 0.7501 0.0353 -0.6604
vn 0.6814 0.0440 -0.7306
vn 0.5785 0.0496 -0.8142
vn 0.6898 0.0473 -0.7224
vn 0.5821 0.0505 -0.8116
vn 0.4370 0.0457 -0.8983
vn 0.5827 0.0505 -0.8111
vn 0.4292 0.0429 -0.9022
vn 0.2649 0.0291 -0.9638
vn 0.4186 0.0412 -0.9072
vn 0.2482 0.0265 -0.9683
vn 0.0854 0.0106 -0.9963
vn 0.2301 0.0240 -0.9729
vn 0.0674 0.0082 -0.9977
vn -0.0981 -0.0104 -0.9951
vn 0.0486 0.0046 -0.9988
vn -0.1270 -0.0133 -0.9918
vn -0.3079 -0.0327 -0.9509
vn -0.1527 -0.0134 -0.9882
vn -0.3367 -0.0300 -0.9411
vn -0.5044 -0.0501 -0.8620
vn -0.3636 -0.0299 -0.9311
vn -0.5360 -0.0464 -0.8430
vn -0.6917 -0.0659 -0.7191
vn -0.5612 -0.0394 -0.8267
vn -0.7204 -0.0520 -0.6916
vn -0.5770 -0.0291 -0.8162
vn -0.7379 -0.0334 -0.6741
vn -0.5819 -0.0204 -0.8130
vn -0.7399 -0.0189 -0.6724
vn -0.5779 -0.0172 -0.8159
vn -0.7309 -0.0132 -0.6824
vn -0.8502 -0.0082 -0.5264
vn -0.7189 -0.0119 -0.6950
vn -0.8400 -0.0078 -0.5426
vn -0.9193 -0.0066 -0.3936
vn -0.8314 -0.0079 -0.5556
vn -0.9158 -0.0087 -0.4016
vn -0.9601 -0.0058 -0.2797
vn -0.9648 -0.0009 -0.2631
vn -0.9972 -0.0012 -0.0749
vn -0.9984 0.0032 -0.0556
vn -0.9817 -0.0243 0.1888
vn -0.9867 -0.0323 0.1591
vn -0.9922 -0.0430 0.1168
vn -0.9859 -0.0833 0.1453
vn -0.9897 -0.0927 0.1091
vn -0.9913 -0.1004 0.0854
vn -0.9846 -0.1127 0.1339
vn -0.9836 -0.1188 0.1357
vn -0.9809 -0.1492 0.1245
vn -0.9897 -0.1254 0.0686
vn -0.9429 -0.3239 0.0773
vn -0.9569 -0.2902 0.0074
vn -0.0000 -0.9882 -0.1531
vn -0.0318 -0.9310 -0.3637
vn 0.9491 -0.2670 -0.1670
vn 0.9352 -0.2492 -0.2514
vn 0.9277 -0.2165 -0.3042
vn 0.9765 -0.0704 -0.2039
vn 0.9755 -0.0376 -0.2167
vn 0.9839 -0.0359 -0.1751
vn 0.9842 0.0137 -0.1766
vn 0.9912 -0.0199 -0.1307
vn 0.9877 0.0323 -0.1532
vn 0.9131 0.0478 -0.4050
vn 0.9880 0.0453 -0.1479
vn 0.8906 0.0405 -0.4529
vn 0.8272 0.0099 -0.5618
vn 0.8371 0.0183 -0.5467
vn 0.8450 0.0079 -0.5347
vn 0.8403 0.0080 -0.5421
vn 0.8079 0.0180 -0.5890
vn 0.8035 0.0165 -0.5951
vn 0.7987 0.0154 -0.6016
vn 0.6857 0.0214 -0.7275
vn 0.6802 0.0191 -0.7328
vn 0.6725 0.0131 -0.7400
vn 0.7934 0.0114 -0.6085
vn 0.6607 0.0053 -0.7506
vn 0.7867 0.0052 -0.6174
vn 0.6433 -0.0065 -0.7656
vn 0.7792 -0.0040 -0.6267
vn 0.8264 -0.0127 -0.5629
vn 0.8582 -0.0435 -0.5115
vn 0.7726 -0.0110 -0.6348
vn 0.8127 -0.0233 -0.5823
vn 0.8345 -0.0668 -0.5469
vn 0.7937 -0.0351 -0.6073
vn 0.8041 -0.0905 -0.5876
vn 0.7347 -0.2122 -0.6443
vn 0.7672 -0.1166 -0.6307
vn 0.6910 -0.2298 -0.6854
vn -0.2001 -0.4081 -0.8907
vn 0.6467 -0.2545 -0.7191
vn -0.1984 -0.4101 -0.8902
vn -0.8386 -0.2211 -0.4979
vn -0.1963 -0.4056 -0.8928
vn -0.7971 -0.2348 -0.5564
vn -0.7739 -0.1649 -0.6115
vn -0.7482 -0.2481 -0.6153
vn -0.7229 -0.1768 -0.6679
vn -0.6055 -0.1300 -0.7851
vn -0.6623 -0.1849 -0.7260
vn -0.5469 -0.1328 -0.8266
vn -0.4338 -0.0870 -0.8968
vn -0.4835 -0.1343 -0.8650
vn -0.3825 -0.0869 -0.9199
vn -0.2888 -0.0479 -0.9562
vn -0.3296 -0.0868 -0.9401
vn -0.2453 -0.0465 -0.9683
vn -0.1210 -0.0162 -0.9925
vn -0.2011 -0.0497 -0.9783
vn -0.0915 -0.0206 -0.9956
vn 0.0371 -0.0013 -0.9993
vn -0.0663 -0.0435 -0.9969
vn 0.0519 -0.0300 -0.9982
vn 0.1799 -0.0202 -0.9835
vn 0.0648 -0.0821 -0.9945
vn 0.1937 -0.0668 -0.9788
vn 0.3164 -0.0490 -0.9473
vn 0.2196 -0.0513 -0.9742
vn 0.3428 -0.0183 -0.9392
vn 0.4716 0.0197 -0.8816
vn 0.3758 0.0621 -0.9246
vn 0.5074 0.0937 -0.8566
vn 0.6289 0.1314 -0.7663
vn 0.5382 0.1773 -0.8239
vn 0.6512 0.1932 -0.7339
vn 0.7319 0.2018 -0.6508
vn 0.4019 0.1567 -0.9022
vn 0.2468 0.0380 -0.9683
vn 0.2692 0.1387 -0.9530
vn 0.1034 0.0170 -0.9945
vn 0.1267 0.1202 -0.9846
vn -0.0190 -0.0060 -0.9998
vn 0.0088 0.0995 -0.9950
vn -0.0916 -0.0346 -0.9952
vn -0.0557 0.0769 -0.9955
vn -0.1156 -0.0675 -0.9910
vn -0.0710 0.0494 -0.9963
vn -0.1157 -0.1008 -0.9881
vn -0.0660 0.0150 -0.9977
vn -0.1155 -0.1312 -0.9846
vn -0.0705 -0.0221 -0.9973
vn -0.0906 -0.1551 -0.9837
vn -0.0632 -0.0503 -0.9967
vn 0.0441 -0.1462 -0.9883
vn 0.0146 -0.0503 -0.9986
vn 0.1950 -0.0977 -0.9759
vn 0.1083 -0.0126 -0.9940
vn 0.2292 -0.0560 -0.9718
vn 0.1481 0.0460 -0.9879
vn 0.1497 -0.0337 -0.9882
vn 0.1019 0.0974 -0.9900
vn 0.0219 -0.0111 -0.9997
vn 0.0006 0.1309 -0.9914
vn -0.1021 0.0162 -0.9946
vn -0.1141 0.1492 -0.9822
vn -0.2530 0.0478 -0.9663
vn -0.2700 0.1588 -0.9497
vn -0.3722 0.0866 -0.9241
vn -0.3998 0.1699 -0.9007
vn -0.4574 0.1323 -0.8793
vn -0.4976 0.1969 -0.8447
vn -0.6334 0.1716 -0.7546
vn -0.6479 0.2195 -0.7294
vn -0.7518 0.1861 -0.6326
vn -0.7516 0.2181 -0.6225
vn -0.7770 0.2047 -0.5953
vn -0.7947 0.2236 -0.5643
vn -0.8113 0.2263 -0.5390
vn -0.8240 0.2450 -0.5110
vn -0.8221 0.2392 -0.5167
vn -0.8300 0.2720 -0.4870
vn -0.8672 0.2521 -0.4294
vn -0.8680 0.2770 -0.4120
vn -0.8986 0.2600 -0.3536
vn -0.8926 0.2515 -0.3742
vn -0.8998 0.2416 -0.3633
vn -0.8883 0.2266 -0.3994
vn -0.8814 0.2215 -0.4171
vn -0.8822 0.2180 -0.4174
vn -0.8835 0.2325 -0.4066
vn -0.8942 0.2329 -0.3823
vn -0.8877 0.2556 -0.3828
vn -0.9005 0.2657 -0.3443
vn -0.9191 0.2888 -0.2680
vn -0.9200 0.3124 -0.2366
vn -0.9490 0.3091 -0.0617
vn -0.9437 0.3245 -0.0650
vn -0.9545 0.2978 -0.0185
vn -0.9451 0.3255 -0.0272
vn -0.9382 0.2961 0.1793
vn -0.9162 0.3507 0.1939
vn -0.8895 0.3000 0.3448
vn -0.8643 0.3606 0.3506
vn -0.8206 0.3128 0.4782
vn -0.7858 0.3795 0.4884
vn -0.7112 0.3209 0.6254
vn -0.6794 0.3832 0.6258
vn -0.6303 0.3404 0.6977
vn -0.5847 0.4035 0.7038
vn -0.4796 0.3653 0.7978
vn -0.4429 0.4082 0.7983
vn -0.3509 0.3369 0.8737
vn -0.3804 0.4031 0.8323
vn -0.2238 0.3008 0.9271
vn -0.2206 0.3816 0.8976
vn -0.0980 0.2922 0.9513
vn -0.1316 0.3469 0.9286
vn 0.0363 0.2593 0.9651
vn -0.0602 0.2974 0.9529
vn 0.2030 0.1977 0.9590
vn 0.0304 0.1888 0.9815
vn 0.2362 0.0721 0.9690
vn 0.0293 0.0229 0.9993
vn -0.0371 -0.0498 0.9981
vn -0.1017 -0.1123 0.9885
vn -0.5115 -0.0539 0.8576
vn -0.4110 -0.0892 0.9073
vn -0.5332 0.0423 0.8450
vn -0.3992 0.0491 0.9155
vn -0.4101 0.1139 0.9049
vn -0.3480 0.1547 0.9246
vn -0.3717 0.1187 0.9207
vn -0.3351 0.2267 0.9145
vn -0.2740 0.1148 0.9549
vn -0.1956 0.2987 0.9341
vn -0.2474 0.1513 0.9570
vn -0.1374 0.3764 0.9162
vn -0.1234 0.2309 0.9651
vn -0.0375 0.4200 0.9067
vn 0.0167 0.2935 0.9558
vn 0.0276 0.4234 0.9055
vn 0.1449 0.2608 0.9545
vn -0.0214 0.0522 0.9984
vn 0.2116 0.0389 0.9766
vn 0.3246 -0.0345 0.9452
vn 0.2705 0.1171 0.9556
vn 0.4239 -0.0444 0.9046
vn 0.4457 -0.0361 0.8945
vn 0.4539 0.0303 0.8905
vn 0.5146 -0.0240 0.8571
vn 0.2610 0.1021 0.9599
vn 0.2840 0.0517 0.9574
vn 0.0296 0.1324 0.9908
vn 0.0070 0.0538 0.9985
vn -0.0020 0.0531 0.9986
vn -0.0159 0.0653 0.9977
vn 0.0492 0.0948 0.9943
vn 0.1185 0.1029 0.9876
vn 0.0553 0.0172 0.9983
vn 0.1882 0.0543 0.9806
vn 0.1681 -0.0441 0.9848
vn 0.0453 0.1746 0.9836
vn 0.1717 0.1310 0.9764
vn -0.0569 0.2453 0.9678
vn 0.0661 0.2179 0.9737
vn 0.0847 0.3109 0.9467
vn 0.1305 0.3176 0.9392
vn 0.1764 0.3435 0.9224
vn 0.1995 0.3753 0.9052
vn 0.3267 0.3703 0.8696
vn 0.3085 0.4083 0.8591
vn 0.4944 0.3757 0.7839
vn 0.4551 0.4087 0.7911
vn 0.6307 0.3560 0.6896
vn 0.5826 0.3778 0.7196
vn 0.7316 0.3207 0.6016
vn 0.6959 0.3470 0.6288
vn 0.8328 0.2969 0.4672
vn 0.8112 0.3328 0.4808
vn 0.9019 0.2900 0.3200
vn 0.8888 0.3199 0.3283
vn 0.9431 0.2991 0.1449
vn 0.9407 0.3052 0.1481
vn 0.9516 0.3032 -0.0499
vn 0.9572 0.2867 -0.0405
vn 0.9359 0.2873 -0.2038
vn 0.9480 0.2637 -0.1781
vn 0.9105 0.2574 -0.3236
vn 0.9296 0.2266 -0.2906
vn 0.8944 0.2317 -0.3826
vn 0.9045 0.2494 -0.3459
vn 0.8877 0.2290 -0.3993
vn 0.8870 0.2149 -0.4087
vn 0.8862 0.2166 -0.4095
vn 0.8828 0.2048 -0.4228
vn 0.8910 0.1875 -0.4136
vn 0.8805 0.1847 -0.4365
vn 0.8834 0.1637 -0.4391
vn 0.8872 0.1270 -0.4435
vn 0.8742 0.1215 -0.4702
vn 0.8697 0.0808 -0.4868
vn 0.8612 0.0405 -0.5066
vn 0.8525 0.0495 -0.5204
vn 0.8488 0.0285 -0.5279
vn 0.8329 0.0200 -0.5530
vn 0.8431 0.0300 -0.5370
vn 0.8335 0.0264 -0.5519
vn 0.8021 0.0289 -0.5965
vn 0.8350 0.0291 -0.5495
vn 0.8075 0.0321 -0.5891
vn 0.7584 0.0394 -0.6506
vn 0.8125 0.0340 -0.5820
vn 0.7662 0.0412 -0.6413
vn 0.6965 0.0489 -0.7158
vn 0.7731 0.0415 -0.6329
vn 0.7022 0.0487 -0.7103
vn 0.5810 0.0497 -0.8124
vn 0.7062 0.0489 -0.7064
vn 0.5776 0.0487 -0.8149
vn 0.4060 0.0394 -0.9130
vn 0.5715 0.0485 -0.8191
vn 0.3916 0.0372 -0.9194
vn 0.2111 0.0211 -0.9772
vn 0.3755 0.0341 -0.9262
vn 0.1923 0.0179 -0.9812
vn 0.0286 0.0018 -0.9996
vn 0.1745 0.0153 -0.9845
vn 0.0083 -0.0004 -1.0000
vn -0.1748 -0.0154 -0.9845
vn -0.0110 -0.0018 -0.9999
vn -0.1948 -0.0163 -0.9807
vn -0.3857 -0.0285 -0.9222
vn -0.2109 -0.0155 -0.9774
vn -0.4007 -0.0240 -0.9159
vn -0.2209 -0.0142 -0.9752
vn -0.4073 -0.0190 -0.9131
vn -0.2260 -0.0138 -0.9740
vn -0.4070 -0.0177 -0.9133
vn -0.2280 -0.0146 -0.9736
vn -0.4023 -0.0169 -0.9153
vn -0.5700 -0.0155 -0.8215
vn -0.3957 -0.0151 -0.9182
vn -0.5609 -0.0138 -0.8278
vn -0.7077 -0.0105 -0.7064
vn -0.5508 -0.0137 -0.8345
vn -0.6971 -0.0098 -0.7169
vn -0.8242 -0.0082 -0.5663
vn -0.6863 -0.0091 -0.7272
vn -0.8181 -0.0081 -0.5750
vn -0.9105 -0.0118 -0.4134
vn -0.9129 -0.0105 -0.4081
vn -0.9541 -0.0143 -0.2990
vn -0.9565 -0.0095 -0.2916
vn -0.9923 -0.0087 -0.1235
vn -0.9953 -0.0037 -0.0972
vn -0.9809 -0.0117 0.1941
vn -0.9797 -0.0156 0.1999
vn -0.9563 -0.0393 0.2899
vn -0.9690 -0.0504 0.2418
vn -0.9793 -0.0661 0.1914
vn -0.9827 -0.0921 0.1608
vn -0.9852 -0.1015 0.1385
vn -0.9853 -0.1092 0.1311
vn -0.9568 -0.1251 0.2624
vn -0.9569 -0.1269 0.2612
vn -0.9587 -0.1295 0.2534
vn -0.9050 -0.1411 0.4012
vn -0.9067 -0.1475 0.3952
vn -0.9123 -0.1599 0.3770
vn -0.9614 -0.1391 0.2373
vn -0.9205 -0.1941 0.3392
vn -0.9619 -0.1740 0.2109
vn -0.8735 -0.3826 0.3012
vn -0.9190 -0.3546 0.1721
vn 0.0874 -0.9203 0.3813
vn 0.0551 -0.9924 0.1101
vn 0.9489 -0.2923 0.1188
vn 0.9596 -0.2775 -0.0455
vn 0.9847 -0.1226 0.1242
vn 0.9936 -0.1061 -0.0399
vn 0.9849 -0.0883 -0.1487
vn 0.9963 -0.0810 -0.0302
vn 0.9869 -0.0629 -0.1487
vn 0.9967 -0.0770 -0.0274
vn 0.9873 -0.0558 -0.1489
vn 0.9969 -0.0736 -0.0294
vn 0.9898 -0.0431 -0.1361
vn 0.9972 0.0026 -0.0749
vn 0.9946 -0.0210 -0.1012
vn 0.9994 0.0299 -0.0163
vn 0.9840 0.0572 -0.1685
vn 0.9983 0.0512 0.0290
vn 0.9751 0.0589 -0.2136
vn 0.8415 0.0244 -0.5397
vn 0.8659 0.0338 -0.4991
vn 0.8244 0.0032 -0.5660
vn 0.8237 0.0055 -0.5671
vn 0.8572 0.0113 -0.5149
vn 0.8508 0.0095 -0.5255
vn 0.8158 0.0236 -0.5779
vn 0.8120 0.0210 -0.5833
vn 0.6957 0.0295 -0.7177
vn 0.6935 0.0268 -0.7200
vn 0.6902 0.0235 -0.7233
vn 0.5359 0.0277 -0.8438
vn 0.5315 0.0255 -0.8467
vn 0.5247 0.0231 -0.8510
vn 0.3315 0.0240 -0.9432
vn 0.3272 0.0223 -0.9447
vn 0.3206 0.0218 -0.9470
vn 0.5151 0.0209 -0.8569
vn 0.3096 0.0218 -0.9506
vn 0.5008 0.0166 -0.8654
vn 0.2933 0.0207 -0.9558
vn 0.4809 0.0112 -0.8767
vn 0.2737 0.0193 -0.9616
vn 0.4538 0.0046 -0.8911
vn 0.2507 0.0209 -0.9678
vn 0.4163 -0.0014 -0.9092
vn 0.6192 -0.0171 -0.7851
vn 0.3694 -0.0040 -0.9293
vn 0.5888 -0.0204 -0.8080
vn 0.7652 -0.0126 -0.6436
vn 0.5531 -0.0221 -0.8328
vn 0.7536 -0.0150 -0.6571
vn 0.7678 -0.0517 -0.6386
vn 0.7354 -0.0213 -0.6773
vn 0.7332 -0.0730 -0.6761
vn 0.7246 -0.1457 -0.6735
vn 0.6890 -0.0981 -0.7181
vn 0.6762 -0.1745 -0.7157
vn 0.5977 -0.2768 -0.7524
vn 0.6236 -0.2050 -0.7544
vn 0.5479 -0.2959 -0.7825
vn -0.1863 -0.3990 -0.8978
vn 0.5004 -0.3137 -0.8069
vn -0.1707 -0.3918 -0.9041
vn -0.6926 -0.2564 -0.6742
vn -0.1432 -0.3922 -0.9087
vn -0.6259 -0.2663 -0.7331
vn -0.5920 -0.1910 -0.7830
vn -0.5429 -0.2768 -0.7929
vn -0.5119 -0.1971 -0.8361
vn -0.4159 -0.1363 -0.8991
vn -0.4224 -0.2015 -0.8837
vn -0.3450 -0.1383 -0.9284
vn -0.2751 -0.0889 -0.9573
vn -0.2742 -0.1433 -0.9509
vn -0.2227 -0.0985 -0.9699
vn -0.1610 -0.0657 -0.9848
vn -0.1803 -0.1174 -0.9766
vn -0.1343 -0.0987 -0.9860
vn -0.0515 -0.0903 -0.9946
vn -0.1185 -0.1053 -0.9874
vn -0.0404 -0.0930 -0.9948
vn 0.0820 -0.0764 -0.9937
vn -0.1506 -0.1204 -0.9812
vn -0.2101 -0.1513 -0.9659
vn -0.1598 -0.1449 -0.9765
vn -0.2351 -0.2020 -0.9507
vn -0.1641 -0.1798 -0.9699
vn -0.2220 -0.2653 -0.9383
vn -0.1396 -0.2226 -0.9649
vn 0.0608 -0.3044 -0.9506
vn 0.0677 -0.2330 -0.9701
vn 0.3262 -0.2783 -0.9034
vn 0.2737 -0.1903 -0.9428
vn 0.3008 -0.2604 -0.9174
vn 0.2697 -0.1642 -0.9488
vn 0.1965 -0.2383 -0.9511
vn 0.1716 -0.1517 -0.9734
vn 0.1222 -0.1829 -0.9755
vn 0.0541 -0.1176 -0.9916
vn 0.0117 -0.0937 -0.9955
vn -0.0631 -0.0590 -0.9963
vn -0.1899 -0.0174 -0.9816
vn -0.2218 -0.0011 -0.9751
vn -0.2809 0.0307 -0.9593
vn -0.3296 0.0488 -0.9429
vn -0.3920 0.0756 -0.9169
vn -0.4185 0.0986 -0.9028
vn -0.6508 0.0927 -0.7536
vn -0.6336 0.1307 -0.7625
vn -0.7523 0.0772 -0.6543
vn -0.7478 0.1367 -0.6497
vn -0.7585 0.0713 -0.6478
vn -0.7652 0.1456 -0.6271
vn -0.7969 0.0812 -0.5986
vn -0.8060 0.1564 -0.5708
vn -0.8147 0.1012 -0.5710
vn -0.8232 0.1659 -0.5429
vn -0.8379 0.1351 -0.5288
vn -0.8579 0.1882 -0.4782
vn -0.8996 0.1657 -0.4039
vn -0.9020 0.2136 -0.3751
vn -0.9221 0.1763 -0.3444
vn -0.9150 0.2154 -0.3411
vn -0.8905 0.1800 -0.4178
vn -0.8866 0.2043 -0.4149
vn -0.8834 0.1834 -0.4313
vn -0.8818 0.2047 -0.4248
vn -0.8843 0.1907 -0.4261
vn -0.8864 0.2160 -0.4094
vn -0.9244 0.2221 -0.3101
vn -0.9253 0.2447 -0.2899
vn -0.9655 0.2481 -0.0786
vn -0.9598 0.2708 -0.0733
vn -0.9695 0.2366 0.0642
vn -0.9659 0.2577 0.0231
vn -0.9609 0.2180 0.1708
vn -0.9543 0.2458 0.1698
vn -0.9106 0.2153 0.3528
vn -0.9039 0.2488 0.3480
vn -0.8587 0.2127 0.4662
vn -0.8474 0.2499 0.4685
vn -0.7744 0.2276 0.5904
vn -0.7430 0.2690 0.6128
vn -0.6684 0.2387 0.7045
vn -0.6603 0.2766 0.6982
vn -0.5499 0.2301 0.8029
vn -0.5289 0.2833 0.8000
vn -0.3422 0.2255 0.9122
vn -0.3230 0.2710 0.9068
vn -0.2224 0.2088 0.9523
vn -0.2347 0.2565 0.9376
vn -0.0660 0.1646 0.9842
vn -0.0719 0.2430 0.9674
vn 0.1218 0.1258 0.9845
vn 0.0932 0.2184 0.9714
vn 0.3172 0.0894 0.9441
vn 0.2817 0.1952 0.9395
vn 0.4366 0.0703 0.8969
vn 0.3747 0.1453 0.9157
vn 0.1346 0.0643 0.9888
vn 0.0309 0.0563 0.9979
vn -0.4934 0.0235 0.8695
vn -0.5411 0.0073 0.8410
vn -0.6604 -0.0021 0.7509
vn -0.6220 0.0343 0.7823
vn -0.4662 0.0060 0.8847
vn -0.4401 0.0642 0.8957
vn -0.2980 -0.0138 0.9545
vn -0.3405 0.0424 0.9393
vn -0.1999 -0.0755 0.9769
vn -0.2632 -0.0122 0.9647
vn -0.2368 -0.1549 0.9591
vn -0.2895 -0.0448 0.9561
vn -0.2846 -0.2053 0.9364
vn -0.2448 -0.0085 0.9695
vn -0.0501 -0.2077 0.9769
vn -0.2268 -0.3212 0.9195
vn -0.0488 -0.3626 0.9307
vn 0.2061 -0.3375 0.9185
vn 0.2397 -0.1932 0.9514
vn 0.1343 -0.2602 0.9562
vn 0.2809 -0.1559 0.9470
vn 0.1520 -0.1187 0.9812
vn 0.3280 -0.0505 0.9433
vn 0.2735 0.0393 0.9611
vn 0.3915 0.0593 0.9183
vn 0.1358 0.1541 0.9787
vn 0.2140 0.1444 0.9661
vn -0.0377 0.1762 0.9836
vn -0.0044 0.2171 0.9761
vn -0.0623 0.1242 0.9903
vn -0.0885 0.2595 0.9617
vn -0.0609 0.1568 0.9858
vn -0.1349 0.2379 0.9619
vn -0.1625 0.1671 0.9725
vn -0.1341 0.1082 0.9850
vn -0.1601 0.1546 0.9749
vn -0.1578 0.1524 0.9756
vn -0.1199 0.2038 0.9716
vn -0.0647 0.1455 0.9872
vn 0.0461 0.2111 0.9764
vn 0.0709 0.2635 0.9621
vn 0.1980 0.2497 0.9479
vn 0.1832 0.2898 0.9394
vn 0.3840 0.2643 0.8847
vn 0.3584 0.3050 0.8823
vn 0.5587 0.2700 0.7842
vn 0.5344 0.3076 0.7873
vn 0.6897 0.2694 0.6721
vn 0.6709 0.3008 0.6778
vn 0.7824 0.2633 0.5644
vn 0.7645 0.2866 0.5773
vn 0.8515 0.2580 0.4564
vn 0.8441 0.2785 0.4582
vn 0.9074 0.2605 0.3297
vn 0.9031 0.2830 0.3229
vn 0.9520 0.2615 0.1592
vn 0.9439 0.2911 0.1557
vn 0.9658 0.2553 -0.0445
vn 0.9553 0.2917 -0.0482
vn 0.9411 0.2420 -0.2363
vn 0.9344 0.2759 -0.2253
vn 0.9060 0.2265 -0.3576
vn 0.9498 0.2136 -0.2286
vn 0.9088 0.2060 -0.3630
vn 0.8887 0.1950 -0.4150
vn 0.9105 0.1835 -0.3706
vn 0.8907 0.1634 -0.4241
vn 0.8817 0.1468 -0.4484
vn 0.8889 0.1294 -0.4394
vn 0.8805 0.1067 -0.4619
vn 0.8640 0.0797 -0.4972
vn 0.8755 0.0794 -0.4767
vn 0.8561 0.0594 -0.5134
vn 0.8409 0.0415 -0.5396
vn 0.8531 0.0468 -0.5197
vn 0.8348 0.0374 -0.5493
vn 0.8391 0.0314 -0.5430
vn 0.8326 0.0354 -0.5528
vn 0.8360 0.0326 -0.5477
vn 0.8360 0.0310 -0.5479
vn 0.8335 0.0342 -0.5515
vn 0.8364 0.0326 -0.5472
vn 0.8167 0.0348 -0.5761
vn 0.8363 0.0343 -0.5472
vn 0.8198 0.0362 -0.5715
vn 0.7790 0.0426 -0.6256
vn 0.8225 0.0377 -0.5675
vn 0.7842 0.0447 -0.6189
vn 0.7080 0.0508 -0.7044
vn 0.7893 0.0456 -0.6123
vn 0.7084 0.0517 -0.7039
vn 0.5624 0.0476 -0.8255
vn 0.7077 0.0513 -0.7046
vn 0.5511 0.0459 -0.8331
vn 0.3583 0.0314 -0.9331
vn 0.5390 0.0454 -0.8411
vn 0.3410 0.0304 -0.9396
vn 0.1576 0.0139 -0.9874
vn 0.3238 0.0296 -0.9457
vn 0.1410 0.0123 -0.9899
vn -0.0277 -0.0031 -0.9996
vn 0.1245 0.0109 -0.9922
vn -0.0410 -0.0044 -0.9991
vn 0.1101 0.0085 -0.9939
vn -0.0510 -0.0047 -0.9987
vn 0.0985 0.0056 -0.9951
vn -0.0582 -0.0067 -0.9983
vn 0.0885 0.0032 -0.9961
vn -0.0624 -0.0072 -0.9980
vn -0.2275 -0.0130 -0.9737
vn -0.0643 -0.0081 -0.9979
vn -0.2250 -0.0134 -0.9743
vn -0.3887 -0.0151 -0.9212
vn -0.2205 -0.0151 -0.9753
vn -0.3811 -0.0158 -0.9244
vn -0.5400 -0.0137 -0.8416
vn -0.3734 -0.0158 -0.9275
vn -0.5286 -0.0140 -0.8488
vn -0.6747 -0.0084 -0.7381
vn -0.5179 -0.0123 -0.8553
vn -0.6629 -0.0088 -0.7487
vn -0.8065 -0.0076 -0.5911
vn -0.8126 -0.0070 -0.5828
vn -0.9074 -0.0124 -0.4201
vn -0.9087 -0.0123 -0.4173
vn -0.9532 -0.0201 -0.3017
vn -0.9532 -0.0180 -0.3019
vn -0.9848 -0.0208 -0.1725
vn -0.9885 -0.0150 -0.1502
vn -0.9914 -0.0107 0.1307
vn -0.9852 -0.0101 0.1712
vn -0.9360 -0.0131 0.3518
vn -0.9440 -0.0247 0.3291
vn -0.9540 -0.0497 0.2957
vn -0.9684 -0.0645 0.2410
vn -0.9774 -0.0807 0.1954
vn -0.9570 -0.1067 0.2699
vn -0.9582 -0.1151 0.2618
vn -0.9577 -0.1217 0.2607
vn -0.9046 -0.1324 0.4052
vn -0.9043 -0.1352 0.4049
vn -0.9046 -0.1373 0.4036
vn -0.8197 -0.1409 0.5551
vn -0.8145 -0.1413 0.5627
vn -0.8105 -0.1426 0.5681
vn -0.7003 -0.1297 0.7019
vn -0.6929 -0.1291 0.7094
vn -0.6962 -0.1359 0.7049
vn -0.8117 -0.1491 0.5647
vn -0.7203 -0.1558 0.6760
vn -0.8258 -0.1638 0.5397
vn -0.7624 -0.2147 0.6105
vn -0.8511 -0.2061 0.4828
vn -0.7135 -0.4306 0.5527
vn -0.8047 -0.4070 0.4321
vn 0.1003 -0.8148 0.5710
vn 0.8994 -0.3018 0.3161
vn 0.9250 -0.1298 0.3571
vn 0.7612 -0.0927 0.6418
vn 0.9134 -0.1058 0.3931
vn 0.9852 -0.0992 0.1394
vn 0.9120 -0.0982 0.3983
vn 0.9853 -0.0929 0.1432
vn 0.9171 -0.0946 0.3873
vn 0.9862 -0.0891 0.1397
vn 0.9249 -0.0953 0.3679
vn 0.9872 -0.0865 0.1340
vn 0.9975 -0.0644 -0.0283
vn 0.9877 -0.0844 0.1316
vn 0.9986 -0.0507 -0.0136
vn 0.9990 0.0049 -0.0445
vn 0.9991 -0.0372 0.0200
vn 0.9994 0.0257 0.0250
vn 0.9969 0.0636 0.0469
vn 0.9947 0.0399 0.0943
vn 0.9972 0.0672 0.0331
vn 0.9339 0.0442 -0.3549
vn 0.9590 0.0519 -0.2787
vn 0.8083 0.0054 -0.5888
vn 0.8220 0.0126 -0.5694
vn 0.8361 0.0024 -0.5485
vn 0.8286 0.0018 -0.5598
vn 0.8701 0.0165 -0.4926
vn 0.8638 0.0133 -0.5036
vn 0.8208 0.0272 -0.5706
vn 0.8189 0.0254 -0.5734
vn 0.6975 0.0309 -0.7160
vn 0.6971 0.0306 -0.7164
vn 0.5350 0.0298 -0.8443
vn 0.5368 0.0298 -0.8432
vn 0.5374 0.0294 -0.8428
vn 0.3295 0.0244 -0.9438
vn 0.3323 0.0247 -0.9429
vn 0.3332 0.0242 -0.9426
vn 0.0299 0.0164 -0.9994
vn 0.0307 0.0155 -0.9994
vn 0.0291 0.0173 -0.9994
vn -0.3869 0.0133 -0.9220
vn -0.4041 0.0150 -0.9146
vn -0.4240 0.0166 -0.9055
vn 0.0225 0.0174 -0.9996
vn -0.4481 0.0179 -0.8938
vn 0.0124 0.0176 -0.9998
vn -0.4751 0.0216 -0.8797
vn -0.0025 0.0211 -0.9998
vn -0.5034 0.0234 -0.8638
vn -0.0241 0.0232 -0.9994
vn -0.5331 0.0231 -0.8457
vn -0.0511 0.0227 -0.9984
vn -0.5650 0.0230 -0.8248
vn -0.0825 0.0248 -0.9963
vn -0.5960 0.0255 -0.8026
vn -0.1155 0.0297 -0.9929
vn 0.2227 0.0248 -0.9746
vn -0.1517 0.0321 -0.9879
vn 0.1899 0.0261 -0.9815
vn 0.3158 -0.0068 -0.9488
vn 0.1543 0.0289 -0.9876
vn 0.2580 -0.0078 -0.9661
vn 0.5113 -0.0238 -0.8591
vn 0.1980 -0.0067 -0.9802
vn 0.4632 -0.0240 -0.8859
vn 0.7081 -0.0308 -0.7054
vn 0.4108 -0.0294 -0.9112
vn 0.6679 -0.0476 -0.7427
vn 0.6345 -0.1284 -0.7622
vn 0.6123 -0.0738 -0.7872
vn 0.5697 -0.1640 -0.8053
vn 0.5694 -0.2368 -0.7872
vn 0.4944 -0.1987 -0.8462
vn 0.5149 -0.2679 -0.8143
vn 0.4563 -0.3339 -0.8248
vn 0.4584 -0.2950 -0.8383
vn 0.4146 -0.3513 -0.8395
vn -0.1010 -0.3917 -0.9145
vn 0.3800 -0.3620 -0.8512
vn -0.0432 -0.3858 -0.9216
vn -0.4418 -0.2853 -0.8506
vn 0.0181 -0.3586 -0.9333
vn -0.3283 -0.2844 -0.9007
vn -0.3264 -0.2043 -0.9229
vn 0.3549 -0.3412 -0.8704
vn 0.3982 -0.3193 -0.8599
vn 0.3423 -0.3161 -0.8848
vn 0.3209 -0.2608 -0.9105
vn 0.2444 -0.2746 -0.9300
vn 0.3425 -0.1721 -0.9236
vn 0.2262 -0.1991 -0.9535
vn 0.1761 -0.0850 -0.9807
vn 0.0994 -0.0990 -0.9901
vn -0.1119 -0.0208 -0.9935
vn -0.1562 -0.0218 -0.9875
vn -0.1576 0.0318 -0.9870
vn -0.2240 0.0280 -0.9742
vn -0.3616 0.0676 -0.9299
vn -0.3739 0.0690 -0.9249
vn -0.6941 0.0587 -0.7175
vn -0.6740 0.0694 -0.7355
vn -0.7938 0.0293 -0.6075
vn -0.7703 0.0397 -0.6365
vn -0.7591 0.0120 -0.6509
vn -0.7552 0.0245 -0.6551
vn -0.7631 0.0193 -0.6460
vn -0.7809 0.0338 -0.6237
vn -0.7657 0.0506 -0.6412
vn -0.7937 0.0626 -0.6051
vn -0.7916 0.0844 -0.6052
vn -0.8126 0.1029 -0.5736
vn -0.8974 0.0995 -0.4299
vn -0.8970 0.1304 -0.4225
vn -0.9207 0.1054 -0.3758
vn -0.9229 0.1397 -0.3589
vn -0.8870 0.1156 -0.4471
vn -0.8896 0.1503 -0.4314
vn -0.8882 0.1248 -0.4421
vn -0.8861 0.1587 -0.4355
vn -0.8804 0.1354 -0.4545
vn -0.8829 0.1648 -0.4396
vn -0.9195 0.1662 -0.3563
vn -0.9222 0.1950 -0.3338
vn -0.9795 0.1920 -0.0603
vn -0.9727 0.2209 -0.0716
vn -0.9758 0.1754 0.1306
vn -0.9738 0.2054 0.0973
vn -0.9665 0.1527 0.2062
vn -0.9654 0.1805 0.1880
vn -0.9322 0.1555 0.3268
vn -0.9212 0.1801 0.3448
vn -0.8762 0.1750 0.4491
vn -0.8649 0.1923 0.4636
vn -0.8043 0.1871 0.5640
vn -0.7947 0.2018 0.5724
vn -0.6956 0.1859 0.6939
vn -0.6821 0.2109 0.7002
vn -0.5494 0.1710 0.8179
vn -0.5497 0.2039 0.8101
vn -0.3829 0.1453 0.9123
vn -0.3718 0.1856 0.9096
vn -0.2002 0.1164 0.9728
vn -0.2031 0.1583 0.9663
vn -0.0184 0.0786 0.9967
vn -0.0471 0.0981 0.9941
vn 0.1490 0.0328 0.9883
vn 0.1322 0.0338 0.9907
vn 0.2968 0.0083 0.9549
vn 0.3219 0.0056 0.9468
vn 0.3838 0.0206 0.9232
vn 0.4217 0.0158 0.9066
vn 0.2221 0.0525 0.9736
vn 0.2040 0.0431 0.9780
vn -0.2597 0.0443 0.9647
vn -0.3824 0.0261 0.9236
vn -0.6043 -0.0159 0.7966
vn -0.6526 -0.0267 0.7572
vn -0.5091 -0.0582 0.8587
vn -0.4932 -0.0464 0.8687
vn -0.2361 -0.0996 0.9666
vn -0.2665 -0.0705 0.9612
vn -0.0300 -0.1877 0.9818
vn -0.1228 -0.1406 0.9824
vn -0.0026 -0.2843 0.9587
vn -0.1220 -0.2413 0.9627
vn -0.1315 -0.3584 0.9243
vn 0.0971 -0.2956 0.9504
vn -0.0234 -0.3680 0.9295
vn -0.0068 -0.4139 0.9103
vn -0.0285 -0.3989 0.9165
vn 0.0726 -0.3938 0.9163
vn 0.1448 -0.3739 0.9161
vn -0.0743 -0.3530 0.9327
vn -0.0006 -0.3182 0.9480
vn -0.1585 -0.3282 0.9312
vn -0.0437 -0.2208 0.9743
vn -0.0551 -0.3283 0.9430
vn 0.0820 -0.0983 0.9918
vn 0.0072 -0.3517 0.9361
vn 0.0544 -0.0458 0.9975
vn -0.0125 -0.3271 0.9449
vn -0.0016 -0.1144 0.9934
vn -0.1015 -0.2090 0.9726
vn -0.0200 -0.1713 0.9850
vn -0.1736 -0.0934 0.9804
vn -0.0787 -0.1301 0.9884
vn -0.0702 0.0704 0.9950
vn -0.0708 -0.0461 0.9964
vn -0.0485 0.0557 0.9973
vn -0.1055 0.1716 0.9795
vn 0.0529 0.0693 0.9962
vn 0.0312 0.1353 0.9903
vn 0.0222 0.1698 0.9852
vn 0.2199 0.1484 0.9642
vn 0.2110 0.2029 0.9562
vn 0.4099 0.1759 0.8950
vn 0.4015 0.2245 0.8879
vn 0.5733 0.2026 0.7939
vn 0.5702 0.2415 0.7852
vn 0.7112 0.2197 0.6678
vn 0.7011 0.2498 0.6679
vn 0.8130 0.2164 0.5405
vn 0.7967 0.2432 0.5532
vn 0.8801 0.1979 0.4316
vn 0.8639 0.2286 0.4488
vn 0.9331 0.1754 0.3140
vn 0.9195 0.2159 0.3286
vn 0.9741 0.1615 0.1584
vn 0.9652 0.2078 0.1590
vn 0.9848 0.1736 -0.0045
vn 0.9774 0.2089 -0.0332
vn 0.9596 0.1928 -0.2049
vn 0.9878 0.1523 0.0331
vn 0.9691 0.1694 -0.1793
vn 0.9118 0.1539 -0.3807
vn 0.9746 0.1650 -0.1515
vn 0.9066 0.1506 -0.3943
vn 0.8778 0.1110 -0.4660
vn 0.9008 0.1441 -0.4096
vn 0.8568 0.0985 -0.5061
vn 0.8680 0.0629 -0.4926
vn 0.8351 0.0796 -0.5444
vn 0.8581 0.0513 -0.5110
vn 0.8529 0.0390 -0.5206
vn 0.8473 0.0431 -0.5294
vn 0.8543 0.0347 -0.5187
vn 0.8328 0.0351 -0.5524
vn 0.8546 0.0350 -0.5180
vn 0.8347 0.0352 -0.5496
vn 0.8315 0.0357 -0.5544
vn 0.8367 0.0368 -0.5464
vn 0.8299 0.0369 -0.5566
vn 0.8360 0.0356 -0.5476
vn 0.8291 0.0381 -0.5579
vn 0.8354 0.0372 -0.5483
vn 0.8248 0.0387 -0.5642
vn 0.8347 0.0390 -0.5494
vn 0.8266 0.0403 -0.5613
vn 0.7937 0.0465 -0.6065
vn 0.8285 0.0423 -0.5584
vn 0.7969 0.0479 -0.6023
vn 0.7057 0.0515 -0.7066
vn 0.7992 0.0501 -0.5989
vn 0.7023 0.0525 -0.7100
vn 0.5265 0.0451 -0.8490
vn 0.6971 0.0531 -0.7150
vn 0.5140 0.0442 -0.8567
vn 0.3074 0.0286 -0.9512
vn 0.5009 0.0440 -0.8644
vn 0.2913 0.0262 -0.9563
vn 0.4865 0.0439 -0.8726
vn 0.2744 0.0236 -0.9613
vn 0.4712 0.0423 -0.8810
vn 0.2572 0.0211 -0.9661
vn 0.4551 0.0407 -0.8895
vn 0.2404 0.0188 -0.9705
vn 0.0796 0.0017 -0.9968
vn 0.2249 0.0157 -0.9743
vn 0.0719 -0.0005 -0.9974
vn -0.0658 -0.0102 -0.9978
vn 0.0658 -0.0032 -0.9978
vn -0.0662 -0.0115 -0.9977
vn -0.2146 -0.0149 -0.9766
vn -0.0644 -0.0130 -0.9978
vn -0.2067 -0.0144 -0.9783
vn -0.3654 -0.0138 -0.9307
vn -0.1972 -0.0147 -0.9803
vn -0.3555 -0.0128 -0.9346
vn -0.5088 -0.0111 -0.8608
vn -0.3448 -0.0136 -0.9386
vn -0.5002 -0.0125 -0.8658
vn -0.6429 -0.0096 -0.7659
vn -0.6528 -0.0099 -0.7574
vn -0.7918 -0.0082 -0.6107
vn -0.7993 -0.0097 -0.6009
vn -0.9048 -0.0140 -0.4256
vn -0.9060 -0.0138 -0.4230
vn -0.9556 -0.0262 -0.2935
vn -0.9539 -0.0229 -0.2992
vn -0.9803 -0.0366 -0.1939
vn -0.9819 -0.0283 -0.1874
vn -0.9995 -0.0243 0.0216
vn -0.9969 -0.0126 0.0772
vn -0.9418 -0.0067 0.3361
vn -0.9350 -0.0023 0.3546
vn -0.9113 -0.0275 0.4108
vn -0.9339 -0.0361 0.3556
vn -0.9312 -0.0820 0.3552
vn -0.9448 -0.0907 0.3149
vn -0.9528 -0.0982 0.2872
vn -0.9048 -0.1265 0.4066
vn -0.9058 -0.1270 0.4042
vn -0.9054 -0.1290 0.4044
vn -0.8361 -0.1362 0.5314
vn -0.8312 -0.1357 0.5392
vn -0.8255 -0.1384 0.5472
vn -0.7354 -0.1320 0.6647
vn -0.7245 -0.1314 0.6767
vn -0.7121 -0.1317 0.6896
vn -0.6288 -0.1186 0.7685
vn -0.6169 -0.1166 0.7784
vn -0.6068 -0.1145 0.7866
vn -0.5494 -0.1077 0.8286
vn -0.5473 -0.1080 0.8299
vn -0.4972 -0.1043 0.8613
vn -0.4976 -0.1088 0.8606
vn -0.4442 -0.1014 0.8902
vn -0.4413 -0.1065 0.8910
vn -0.4385 -0.1109 0.8919
vn -0.3654 -0.1068 0.9247
vn -0.3688 -0.1061 0.9235
vn -0.3628 -0.1098 0.9254
vn -0.4374 -0.1129 0.8922
vn -0.3547 -0.1165 0.9277
vn -0.4416 -0.1126 0.8901
vn -0.3572 -0.1163 0.9267
vn -0.4547 -0.0969 0.8854
vn -0.4920 -0.0921 0.8657
vn -0.4717 -0.1384 0.8708
vn -0.4633 -0.0883 0.8818
vn -0.4551 -0.1276 0.8813
vn -0.4115 -0.2118 0.8865
vn -0.3847 -0.2922 0.8756
vn -0.4468 -0.2329 0.8638
vn -0.3945 -0.1814 0.9008
vn -0.3483 -0.2415 0.9057
vn -0.3179 -0.3075 0.8969
vn -0.2972 -0.3861 0.8732
vn -0.3695 -0.3703 0.8523
vn -0.2836 -0.2872 0.9149
vn -0.2616 -0.3583 0.8962
vn -0.2420 -0.4037 0.8823
vn -0.1632 -0.4470 0.8795
vn -0.2194 -0.4626 0.8590
vn -0.2152 -0.3404 0.9153
vn -0.1901 -0.3824 0.9042
vn -0.1161 -0.4280 0.8963
vn 0.0759 -0.4370 0.8962
vn 0.0758 -0.4664 0.8813
vn -0.1384 -0.3833 0.9132
vn -0.0744 -0.4168 0.9059
vn 0.0633 -0.4173 0.9066
vn 0.2070 -0.3661 0.9073
vn 0.2627 -0.3844 0.8850
vn -0.0380 -0.4056 0.9133
vn 0.0418 -0.4044 0.9136
vn 0.1482 -0.3653 0.9190
vn 0.2090 -0.3264 0.9218
vn 0.2347 -0.3176 0.9187
vn 0.0175 -0.4071 0.9132
vn 0.0770 -0.3649 0.9278
vn 0.1721 -0.3043 0.9369
vn 0.1078 -0.2442 0.9637
vn 0.0557 -0.2174 0.9745
vn 0.0068 -0.3988 0.9170
vn -0.1164 -0.3942 0.9116
vn -0.1064 -0.3771 0.9200
vn -0.1189 -0.3952 0.9108
vn -0.1540 -0.3995 0.9037
vn -0.1007 -0.3365 0.9363
vn -0.0717 -0.4372 0.8965
vn -0.1604 -0.2063 0.9653
vn -0.0565 -0.3766 0.9246
vn -0.2224 -0.1319 0.9660
vn -0.1352 -0.2070 0.9690
vn -0.2528 -0.1166 0.9605
vn -0.2116 -0.0812 0.9740
vn -0.2422 -0.0821 0.9668
vn -0.2210 -0.0483 0.9741
vn -0.1376 -0.0455 0.9894
vn -0.1295 -0.0378 0.9909
vn -0.1188 -0.0342 0.9923
vn 0.0321 -0.0185 0.9993
vn 0.0370 -0.0039 0.9993
vn 0.0488 0.0162 0.9987
vn 0.2147 0.0252 0.9764
vn 0.2215 0.0531 0.9737
vn 0.2236 0.0959 0.9700
vn 0.3965 0.0889 0.9137
vn 0.4068 0.1305 0.9041
vn 0.5637 0.1273 0.8161
vn 0.5703 0.1646 0.8048
vn 0.7222 0.1551 0.6741
vn 0.7182 0.1866 0.6704
vn 0.8397 0.1613 0.5185
vn 0.8278 0.1880 0.5286
vn 0.9089 0.1476 0.3901
vn 0.8952 0.1725 0.4110
vn 0.9540 0.1275 0.2713
vn 0.9445 0.1500 0.2923
vn 0.9794 0.1206 0.1621
vn 0.9778 0.1370 0.1585
vn 0.9876 0.1402 0.0700
vn 0.9808 0.0974 0.1692
vn 0.9871 0.1196 0.1066
vn 0.9816 0.1525 -0.1151
vn 0.9857 0.0896 0.1429
vn 0.9894 0.1217 -0.0790
vn 0.8994 0.1163 -0.4214
vn 0.9946 0.0921 -0.0481
vn 0.8987 0.0961 -0.4279
vn 0.8155 0.0678 -0.5748
vn 0.9008 0.0829 -0.4263
vn 0.7982 0.0694 -0.5984
vn 0.8344 0.0473 -0.5491
vn 0.7882 0.0777 -0.6105
vn 0.8184 0.0617 -0.5714
vn 0.8503 0.0421 -0.5246
vn 0.8023 0.0642 -0.5935
vn 0.8431 0.0441 -0.5359
vn 0.8378 0.0378 -0.5446
vn 0.8371 0.0425 -0.5454
vn 0.8387 0.0390 -0.5432
vn 0.8287 0.0401 -0.5583
vn 0.8391 0.0416 -0.5423
vn 0.8284 0.0418 -0.5585
vn 0.8339 0.0409 -0.5505
vn 0.8286 0.0434 -0.5582
vn 0.8331 0.0429 -0.5515
vn 0.8305 0.0445 -0.5553
vn 0.8324 0.0451 -0.5524
vn 0.8325 0.0466 -0.5520
vn 0.8012 0.0519 -0.5961
vn 0.8343 0.0488 -0.5492
vn 0.8026 0.0531 -0.5941
vn 0.6911 0.0538 -0.7207
vn 0.8032 0.0547 -0.5932
vn 0.6856 0.0550 -0.7259
vn 0.8029 0.0566 -0.5934
vn 0.6798 0.0552 -0.7313
vn 0.8018 0.0598 -0.5946
vn 0.6721 0.0563 -0.7383
vn 0.8002 0.0630 -0.5964
vn 0.6618 0.0572 -0.7475
vn 0.4374 0.0382 -0.8984
vn 0.6503 0.0582 -0.7574
vn 0.4182 0.0376 -0.9076
vn 0.2097 0.0130 -0.9777
vn 0.3974 0.0359 -0.9169
vn 0.1949 0.0094 -0.9808
vn 0.0611 -0.0061 -0.9981
vn 0.1835 0.0055 -0.9830
vn 0.0575 -0.0071 -0.9983
vn -0.0613 -0.0136 -0.9980
vn 0.0556 -0.0093 -0.9984
vn -0.0575 -0.0147 -0.9982
vn -0.1870 -0.0150 -0.9822
vn -0.0527 -0.0165 -0.9985
vn -0.1760 -0.0156 -0.9843
vn -0.3338 -0.0126 -0.9426
vn -0.1637 -0.0170 -0.9864
vn -0.3215 -0.0125 -0.9468
vn -0.4840 -0.0107 -0.8750
vn -0.4917 -0.0106 -0.8707
vn -0.6234 -0.0090 -0.7819
vn -0.6326 -0.0084 -0.7744
vn -0.7791 -0.0105 -0.6268
vn -0.7849 -0.0086 -0.6196
vn -0.9040 -0.0204 -0.4270
vn -0.9042 -0.0161 -0.4269
vn -0.9601 -0.0347 -0.2775
vn -0.9579 -0.0300 -0.2854
vn -0.9811 -0.0500 -0.1868
vn -0.9802 -0.0432 -0.1934
vn -0.9973 -0.0506 -0.0534
vn -0.9990 -0.0386 -0.0223
vn -0.9662 -0.0320 0.2559
vn -0.9535 -0.0215 0.3006
vn -0.8839 -0.0295 0.4668
vn -0.8935 -0.0273 0.4482
vn -0.8850 -0.0724 0.4599
vn -0.9107 -0.0756 0.4060
vn -0.8847 -0.1247 0.4492
vn -0.8954 -0.1260 0.4270
vn -0.9017 -0.1265 0.4134
vn -0.8480 -0.1450 0.5098
vn -0.8447 -0.1407 0.5164
vn -0.8405 -0.1381 0.5239
vn -0.7630 -0.1394 0.6312
vn -0.7539 -0.1368 0.6427
vn -0.7448 -0.1344 0.6537
vn -0.6637 -0.1276 0.7370
vn -0.6523 -0.1248 0.7477
vn -0.6406 -0.1213 0.7583
vn -0.5740 -0.1127 0.8110
vn -0.5642 -0.1100 0.8183
vn -0.5556 -0.1084 0.8243
vn -0.5057 -0.1027 0.8566
vn -0.5010 -0.1022 0.8594
vn -0.4386 -0.1051 0.8925
vn -0.4437 -0.1015 0.8904
vn -0.2947 -0.1256 0.9473
vn -0.3242 -0.1175 0.9387
vn -0.3495 -0.1105 0.9304
vn -0.1041 -0.1367 0.9851
vn -0.1336 -0.1339 0.9820
vn -0.1747 -0.1283 0.9762
vn 0.0081 -0.1265 0.9919
vn 0.0289 -0.1363 0.9902
vn 0.0187 -0.1393 0.9901
vn -0.2178 -0.1201 0.9686
vn -0.0170 -0.1379 0.9903
vn -0.2507 -0.1151 0.9612
vn -0.0637 -0.1315 0.9893
vn -0.2658 -0.1148 0.9572
vn -0.1036 -0.1272 0.9865
vn -0.2653 -0.1203 0.9566
vn -0.1236 -0.1296 0.9838
vn -0.2655 -0.1258 0.9559
vn -0.3800 -0.1051 0.9190
vn -0.2808 -0.1187 0.9524
vn -0.4038 -0.1007 0.9093
vn -0.4401 -0.1202 0.8899
vn -0.4022 -0.1033 0.9097
vn -0.3888 -0.1410 0.9105
vn -0.3274 -0.2052 0.9223
vn -0.3192 -0.1845 0.9296
vn -0.2619 -0.2720 0.9260
vn -0.2346 -0.3175 0.9188
vn -0.2219 -0.2228 0.9493
vn -0.1792 -0.2477 0.9521
vn -0.1498 -0.3235 0.9343
vn -0.2557 -0.2119 0.9432
vn -0.3695 -0.1085 0.9229
vn -0.3052 -0.1484 0.9406
vn -0.3080 -0.0778 0.9482
vn -0.2852 -0.0804 0.9551
vn -0.1418 -0.0726 0.9872
vn -0.1460 -0.0489 0.9881
vn 0.0390 -0.0685 0.9969
vn 0.0307 -0.0372 0.9988
vn 0.0285 -0.0236 0.9993
vn 0.1997 -0.0270 0.9795
vn 0.1975 -0.0061 0.9803
vn 0.2044 0.0080 0.9789
vn 0.3670 0.0129 0.9301
vn 0.3725 0.0384 0.9272
vn 0.3841 0.0586 0.9214
vn 0.5502 0.0664 0.8324
vn 0.5554 0.0943 0.8262
vn 0.7286 0.0863 0.6795
vn 0.7246 0.1225 0.6782
vn 0.8603 0.0941 0.5010
vn 0.8509 0.1302 0.5089
vn 0.9326 0.0878 0.3501
vn 0.9218 0.1183 0.3691
vn 0.9691 0.0731 0.2354
vn 0.9622 0.1010 0.2531
vn 0.9819 0.0686 0.1764
vn 0.9747 0.0499 0.2181
vn 0.9823 0.0455 0.1819
vn 0.9827 0.0615 0.1746
vn 0.9820 0.0370 0.1851
vn 0.9797 0.0443 0.1957
vn 0.9974 0.0678 -0.0223
vn 0.9775 0.0338 0.2083
vn 0.9985 0.0550 -0.0056
vn 0.9050 0.0765 -0.4184
vn 0.9988 0.0491 0.0061
vn 0.9085 0.0769 -0.4107
vn 0.7837 0.0806 -0.6159
vn 0.9110 0.0742 -0.4056
vn 0.7773 0.0772 -0.6244
vn 0.7879 0.0591 -0.6130
vn 0.7704 0.0723 -0.6334
vn 0.7755 0.0600 -0.6285
vn 0.8321 0.0460 -0.5527
vn 0.7646 0.0670 -0.6410
vn 0.8261 0.0512 -0.5613
vn 0.8385 0.0436 -0.5432
vn 0.8186 0.0554 -0.5716
vn 0.8371 0.0467 -0.5451
vn 0.8286 0.0458 -0.5579
vn 0.8357 0.0493 -0.5469
vn 0.8284 0.0485 -0.5581
vn 0.8318 0.0477 -0.5530
vn 0.8279 0.0516 -0.5585
vn 0.8313 0.0507 -0.5534
vn 0.8357 0.0515 -0.5468
vn 0.8309 0.0540 -0.5538
vn 0.8367 0.0543 -0.5450
vn 0.8303 0.0577 -0.5544
vn 0.8375 0.0579 -0.5433
vn 0.8296 0.0616 -0.5550
vn 0.8384 0.0615 -0.5416
vn 0.8285 0.0666 -0.5560
vn 0.8387 0.0652 -0.5406
vn 0.7980 0.0651 -0.5991
vn 0.8381 0.0701 -0.5410
vn 0.7952 0.0688 -0.6024
vn 0.6387 0.0603 -0.7671
vn 0.7924 0.0725 -0.6057
vn 0.6254 0.0604 -0.7780
vn 0.3753 0.0310 -0.9264
vn 0.6099 0.0601 -0.7902
vn 0.3526 0.0277 -0.9354
vn 0.1753 0.0024 -0.9845
vn 0.3321 0.0222 -0.9430
vn 0.1691 -0.0008 -0.9856
vn 0.0548 -0.0116 -0.9984
vn 0.1660 -0.0030 -0.9861
vn 0.0533 -0.0130 -0.9985
vn -0.0478 -0.0188 -0.9987
vn 0.0507 -0.0176 -0.9986
vn -0.0433 -0.0231 -0.9988
vn -0.1496 -0.0189 -0.9886
vn -0.0369 -0.0273 -0.9989
vn -0.1356 -0.0206 -0.9906
vn -0.3019 -0.0179 -0.9532
vn -0.3099 -0.0140 -0.9507
vn -0.4743 -0.0208 -0.8801
vn -0.4783 -0.0154 -0.8780
vn -0.5957 -0.0154 -0.8031
vn -0.6112 -0.0110 -0.7914
vn -0.7641 -0.0098 -0.6450
vn -0.7728 -0.0069 -0.6346
vn -0.9103 -0.0228 -0.4132
vn -0.9059 -0.0192 -0.4230
vn -0.9655 -0.0463 -0.2564
vn -0.9623 -0.0385 -0.2692
vn -0.9854 -0.0710 -0.1550
vn -0.9831 -0.0581 -0.1738
vn -0.9927 -0.0862 -0.0839
vn -0.9951 -0.0645 -0.0750
vn -0.9883 -0.0669 0.1369
vn -0.9783 -0.0453 0.2024
vn -0.8910 -0.0414 0.4521
vn -0.8823 -0.0337 0.4694
vn -0.8306 -0.0622 0.5534
vn -0.8572 -0.0681 0.5104
vn -0.8459 -0.1138 0.5210
vn -0.8681 -0.1221 0.4811
vn -0.8371 -0.1589 0.5235
vn -0.8463 -0.1564 0.5092
vn -0.8490 -0.1503 0.5065
vn -0.7872 -0.1636 0.5947
vn -0.7796 -0.1538 0.6071
vn -0.7716 -0.1456 0.6192
vn -0.6969 -0.1447 0.7024
vn -0.6857 -0.1367 0.7150
vn -0.6747 -0.1307 0.7264
vn -0.6064 -0.1241 0.7855
vn -0.5953 -0.1193 0.7946
vn -0.5846 -0.1159 0.8030
vn -0.5182 -0.1125 0.8478
vn -0.5144 -0.1081 0.8507
vn -0.5101 -0.1048 0.8537
vn -0.4189 -0.1142 0.9008
vn -0.4297 -0.1099 0.8963
vn -0.2457 -0.1308 0.9605
vn -0.2667 -0.1307 0.9549
vn -0.1317 -0.1143 0.9847
vn -0.0999 -0.1297 0.9865
vn -0.0915 -0.1370 0.9863
vn -0.1982 -0.0732 0.9774
vn -0.1114 -0.0967 0.9891
vn -0.0403 -0.1136 0.9927
vn -0.3373 -0.0251 0.9411
vn -0.2588 -0.0496 0.9647
vn -0.1688 -0.0709 0.9831
vn -0.2890 0.0002 0.9573
vn -0.2691 -0.0115 0.9630
vn -0.2268 -0.0274 0.9735
vn -0.0729 -0.0933 0.9930
vn -0.1585 -0.0455 0.9863
vn 0.0165 -0.1123 0.9935
vn -0.0701 -0.0689 0.9952
vn 0.0858 -0.1265 0.9882
vn 0.0242 -0.0930 0.9954
vn 0.1209 -0.1343 0.9835
vn 0.1119 -0.1101 0.9876
vn 0.1180 -0.1371 0.9835
vn 0.1780 -0.1195 0.9768
vn 0.0921 -0.1354 0.9865
vn 0.2091 -0.1164 0.9709
vn 0.0657 -0.1258 0.9899
vn -0.1283 -0.1271 0.9836
vn 0.0497 -0.1039 0.9933
vn -0.1328 -0.1072 0.9853
vn -0.3011 -0.1010 0.9482
vn 0.2128 -0.0949 0.9725
vn 0.2066 -0.0599 0.9766
vn 0.3276 -0.0596 0.9429
vn 0.3587 -0.0364 0.9327
vn 0.3671 -0.0132 0.9301
vn 0.5323 0.0068 0.8465
vn 0.5479 0.0091 0.8365
vn 0.5505 0.0325 0.8342
vn 0.7297 0.0360 0.6828
vn 0.7318 0.0516 0.6795
vn 0.8689 0.0525 0.4922
vn 0.8657 0.0644 0.4964
vn 0.9471 0.0516 0.3166
vn 0.9409 0.0623 0.3330
vn 0.9783 0.0420 0.2031
vn 0.9520 0.0527 0.3016
vn 0.9815 0.0421 0.1869
vn 0.9824 0.0314 0.1841
vn 0.9853 0.0383 0.1663
vn 0.9837 0.0235 0.1785
vn 0.9753 0.0237 0.2198
vn 0.9851 0.0209 0.1704
vn 0.9733 0.0161 0.2289
vn 0.9990 0.0411 0.0174
vn 0.9722 0.0125 0.2336
vn 0.9991 0.0341 0.0261
vn 0.9124 0.0660 -0.4040
vn 0.9986 0.0357 0.0398
vn 0.9128 0.0781 -0.4008
vn 0.7617 0.0825 -0.6426
vn 0.9159 0.0862 -0.3921
vn 0.7495 0.0934 -0.6554
vn 0.7522 0.0741 -0.6548
vn 0.7397 0.0950 -0.6662
vn 0.7374 0.0786 -0.6709
vn 0.8109 0.0582 -0.5823
vn 0.7241 0.0828 -0.6847
vn 0.8024 0.0649 -0.5932
vn 0.8339 0.0538 -0.5494
vn 0.7925 0.0753 -0.6052
vn 0.8300 0.0599 -0.5545
vn 0.8273 0.0551 -0.5590
vn 0.8246 0.0654 -0.5619
vn 0.8263 0.0593 -0.5600
vn 0.8195 0.0699 -0.5688
vn 0.8248 0.0639 -0.5619
vn 0.8139 0.0780 -0.5757
vn 0.8224 0.0700 -0.5646
vn 0.8068 0.0875 -0.5844
vn 0.8193 0.0775 -0.5682
vn 0.8268 0.0728 -0.5578
vn 0.8151 0.0861 -0.5729
vn 0.8243 0.0798 -0.5605
vn 0.8364 0.0753 -0.5430
vn 0.8205 0.0883 -0.5648
vn 0.8330 0.0811 -0.5473
vn 0.7893 0.0756 -0.6093
vn 0.8280 0.0899 -0.5535
vn 0.7842 0.0809 -0.6152
vn 0.5925 0.0578 -0.8035
vn 0.7757 0.0886 -0.6248
vn 0.5713 0.0562 -0.8188
vn 0.3150 0.0168 -0.9490
vn 0.5479 0.0521 -0.8349
vn 0.3017 0.0091 -0.9534
vn 0.1663 -0.0078 -0.9860
vn 0.2940 -0.0012 -0.9558
vn 0.1671 -0.0132 -0.9859
vn 0.0458 -0.0240 -0.9987
vn 0.1632 -0.0325 -0.9861
vn 0.0382 -0.0424 -0.9984
vn -0.0250 -0.0397 -0.9989
vn 0.0396 -0.0355 -0.9986
vn -0.0089 -0.0164 -0.9998
vn -0.1163 0.0083 -0.9932
vn -0.1264 -0.0300 -0.9915
vn -0.3045 0.0384 -0.9518
vn -0.3046 -0.0363 -0.9518
vn -0.4638 0.0612 -0.8838
vn -0.4695 -0.0434 -0.8819
vn -0.5795 0.0629 -0.8126
vn -0.5811 -0.0358 -0.8130
vn -0.7598 0.0579 -0.6476
vn -0.7563 -0.0313 -0.6534
vn -0.9134 0.0592 -0.4027
vn -0.9135 -0.0380 -0.4051
vn -0.9709 0.0572 -0.2327
vn -0.9691 -0.0512 -0.2414
vn -0.9903 0.0504 -0.1296
vn -0.9882 -0.0690 -0.1367
vn -0.9970 0.0415 -0.0658
vn -0.9933 -0.0881 -0.0753
vn -0.9990 0.0333 0.0291
vn -0.9950 -0.0742 0.0672
vn -0.9328 0.0265 0.3595
vn -0.9100 -0.0400 0.4127
vn -0.8062 0.0320 0.5908
vn -0.8110 -0.0416 0.5836
vn -0.8038 0.0286 0.5942
vn -0.8238 -0.0759 0.5617
vn -0.8002 -0.0056 0.5997
vn -0.8212 -0.1234 0.5571
vn -0.7779 -0.0514 0.6263
vn -0.7891 -0.1657 0.5914
vn -0.7923 -0.1769 0.5840
vn -0.7237 -0.1816 0.6658
vn -0.7169 -0.1717 0.6757
vn -0.7076 -0.1551 0.6894
vn -0.6416 -0.1581 0.7506
vn -0.6304 -0.1410 0.7634
vn -0.6182 -0.1309 0.7751
vn -0.5359 -0.1279 0.8345
vn -0.5280 -0.1206 0.8406
vn -0.5223 -0.1158 0.8448
vn -0.3879 -0.1235 0.9134
vn -0.3966 -0.1227 0.9097
vn -0.4076 -0.1198 0.9053
vn -0.2379 -0.1252 0.9632
vn -0.2353 -0.1299 0.9632
vn -0.2521 -0.0763 0.9647
vn -0.1841 -0.0971 0.9781
vn -0.4361 0.0027 0.8999
vn -0.3699 -0.0205 0.9288
vn -0.2880 -0.0458 0.9565
vn -0.4489 0.0238 0.8932
vn -0.4374 0.0142 0.8991
vn -0.3998 -0.0015 0.9166
vn -0.2377 0.0165 0.9712
vn -0.2676 0.0179 0.9634
vn -0.2882 0.0099 0.9575
vn 0.1760 0.0054 0.9844
vn 0.1491 0.0061 0.9888
vn 0.1221 0.0102 0.9925
vn 0.5508 0.0088 0.8346
vn 0.5464 0.0117 0.8374
vn 0.5388 0.0094 0.8424
vn 0.0929 0.0064 0.9957
vn 0.5284 0.0132 0.8489
vn 0.0653 0.0048 0.9979
vn 0.5118 0.0192 0.8589
vn 0.0479 0.0034 0.9988
vn 0.4919 0.0172 0.8705
vn 0.0482 -0.0110 0.9988
vn 0.4726 0.0192 0.8811
vn 0.0718 -0.0259 0.9971
vn 0.4577 0.0183 0.8889
vn 0.1228 -0.0390 0.9917
vn 0.4534 0.0132 0.8912
vn 0.1939 -0.0564 0.9794
vn 0.4698 0.0080 0.8827
vn 0.2691 -0.0679 0.9607
vn 0.5021 0.0066 0.8648
vn 0.7426 0.0497 0.6679
vn 0.7310 0.0508 0.6804
vn 0.7268 0.0434 0.6855
vn 0.8809 0.0555 0.4701
vn 0.8735 0.0551 0.4837
vn 0.9567 0.0506 0.2868
vn 0.8889 0.0525 0.4551
vn 0.9615 0.0485 0.2706
vn 0.9888 0.0369 0.1446
vn 0.9659 0.0479 0.2544
vn 0.9916 0.0377 0.1241
vn 0.9868 0.0207 0.1609
vn 0.9943 0.0329 0.1018
vn 0.9888 0.0112 0.1488
vn 0.9708 0.0034 0.2400
vn 0.9912 0.0037 0.1324
vn 0.9679 -0.0070 0.2512
vn 0.9972 0.0322 0.0680
vn 0.9644 -0.0053 0.2645
vn 0.9944 0.0302 0.1012
vn 0.9214 0.0830 -0.3797
vn 0.9917 0.0234 0.1262
vn 0.9279 0.0721 -0.3659
vn 0.7359 0.0912 -0.6709
vn 0.9365 0.0649 -0.3446
vn 0.7367 0.0948 -0.6695
vn 0.7148 0.0924 -0.6933
vn 0.7444 0.0961 -0.6607
vn 0.7067 0.1016 -0.7002
vn 0.7812 0.0828 -0.6187
vn 0.6994 0.1012 -0.7075
vn 0.7704 0.0852 -0.6319
vn 0.6932 0.1085 -0.7125
vn 0.7604 0.0940 -0.6426
vn 0.6884 0.1175 -0.7158
vn 0.7500 0.1049 -0.6531
vn 0.6887 0.1212 -0.7149
vn 0.7387 0.1149 -0.6642
vn 0.7982 0.0977 -0.5944
vn 0.7273 0.1264 -0.6745
vn 0.7882 0.1102 -0.6054
vn 0.8096 0.0968 -0.5790
vn 0.7776 0.1236 -0.6165
vn 0.8026 0.1101 -0.5862
vn 0.8146 0.0992 -0.5714
vn 0.7939 0.1271 -0.5946
vn 0.8058 0.1132 -0.5813
vn 0.8218 0.1017 -0.5606
vn 0.7920 0.1334 -0.5957
vn 0.8126 0.1165 -0.5711
vn 0.7642 0.0956 -0.6378
vn 0.7949 0.1380 -0.5908
vn 0.7465 0.1015 -0.6576
vn 0.5222 0.0418 -0.8518
vn 0.7138 0.0783 -0.6959
vn 0.4913 0.0079 -0.8710
vn 0.2917 -0.0258 -0.9561
vn 0.4477 0.0464 -0.8930
vn 0.2722 0.0032 -0.9622
vn 0.1442 -0.0314 -0.9891
vn 0.2232 -0.2507 -0.9420
vn 0.1304 -0.2556 -0.9579
vn 0.0722 -0.2126 -0.9745
vn 0.0369 -0.9685 -0.2462
vn 0.0506 -0.9529 -0.2989
vn 0.0345 -0.9366 -0.3488
vn 0.0146 -0.1637 -0.9864
vn -0.0102 -0.9267 -0.3756
vn -0.0969 -0.1398 -0.9854
vn -0.0921 -0.9274 -0.3627
vn -0.2776 -0.1111 -0.9543
vn -0.1862 -0.9193 -0.3468
vn -0.4513 -0.0730 -0.8894
vn -0.2672 -0.9049 -0.3314
vn -0.5986 -0.0726 -0.7978
vn -0.3158 -0.9198 -0.2330
vn -0.7725 -0.1046 -0.6263
vn -0.3645 -0.9217 -0.1324
vn -0.9082 -0.1014 -0.4060
vn -0.4123 -0.9086 -0.0659
vn -0.9699 -0.0703 -0.2332
vn -0.3983 -0.9171 -0.0183
vn -0.9907 -0.0543 -0.1247
vn -0.3881 -0.9215 0.0146
vn -0.9969 -0.0420 -0.0668
vn -0.4262 -0.9021 0.0684
vn -0.9995 -0.0241 0.0201
vn -0.4944 -0.8512 0.1762
vn -0.9451 -0.0361 0.3248
vn -0.3176 -0.9427 0.1021
vn -0.8162 -0.0621 0.5744
vn -0.2811 -0.9502 0.1348
vn -0.7935 -0.0790 0.6035
vn -0.2692 -0.9519 0.1463
vn -0.7823 -0.1074 0.6135
vn -0.2610 -0.9533 0.1521
vn -0.7566 -0.1407 0.6386
vn -0.2359 -0.9583 0.1612
vn -0.7125 -0.1758 0.6793
vn -0.7297 -0.0869 0.6782
vn -0.6613 -0.1999 0.7230
vn -0.6686 -0.0961 0.7374
vn -0.6527 -0.1729 0.7377
vn -0.5994 -0.0775 0.7967
vn -0.5665 -0.1478 0.8107
vn -0.5464 -0.1423 0.8253
vn -0.4552 -0.0885 0.8860
vn -0.4043 -0.1167 0.9071
vn -0.3872 -0.1210 0.9140
vn -0.3608 -0.0562 0.9309
vn -0.2974 -0.0901 0.9505
vn -0.2574 -0.1120 0.9598
vn -0.4033 -0.0144 0.9149
vn -0.3282 -0.0468 0.9434
vn -0.4980 0.0359 0.8665
vn -0.4801 0.0237 0.8769
vn -0.3880 0.0134 0.9216
vn -0.4170 0.0254 0.9085
vn -0.4398 0.0282 0.8976
vn -0.1564 -0.0036 0.9877
vn -0.1778 0.0053 0.9841
vn -0.2065 0.0113 0.9784
vn 0.2020 -0.0015 0.9794
vn 0.2022 0.0006 0.9793
vn 0.1948 0.0043 0.9808
vn 0.5402 0.0117 0.8414
vn 0.5448 0.0132 0.8384
vn 0.5496 0.0104 0.8354
vn 0.7740 0.0283 0.6326
vn 0.7739 0.0268 0.6327
vn 0.7741 0.0241 0.6325
vn 0.9162 0.0388 0.3989
vn 0.9149 0.0376 0.4020
vn 0.9135 0.0396 0.4049
vn 0.7747 0.0248 0.6318
vn 0.9119 0.0401 0.4085
vn 0.7771 0.0254 0.6288
vn 0.9100 0.0394 0.4128
vn 0.7803 0.0268 0.6248
vn 0.9085 0.0400 0.4160
vn 0.7813 0.0285 0.6235
vn 0.9069 0.0399 0.4194
vn 0.7798 0.0296 0.6253
vn 0.9040 0.0401 0.4255
vn 0.7750 0.0334 0.6310
vn 0.9001 0.0433 0.4336
vn 0.7665 0.0376 0.6412
vn 0.8952 0.0491 0.4429
vn 0.7556 0.0442 0.6536
vn 0.9699 0.0442 0.2394
vn 0.9734 0.0417 0.2253
vn 0.9967 0.0300 0.0759
vn 0.9762 0.0433 0.2124
vn 0.9981 0.0344 0.0508
vn 0.9936 0.0085 0.1123
vn 0.9989 0.0360 0.0299
vn 0.9953 0.0161 0.0953
vn 0.9620 0.0005 0.2730
vn 0.9960 0.0286 0.0847
vn 0.9633 0.0065 0.2682
vn 0.9896 0.0148 0.1429
vn 0.9687 -0.0002 0.2483
vn 0.9888 -0.0053 0.1493
vn 0.9470 0.0471 -0.3177
vn 0.9886 -0.0269 0.1482
vn 0.9583 0.0238 -0.2847
vn 0.7616 0.0860 -0.6424
vn 0.9696 0.0366 -0.2420
vn 0.7781 0.0975 -0.6205
vn 0.9797 0.0425 -0.1959
vn 0.7891 0.1064 -0.6050
vn 0.9885 0.0207 -0.1500
vn 0.8050 0.0950 -0.5857
vn 0.9951 -0.0030 -0.0990
vn 0.8345 0.0823 -0.5448
vn 0.6964 0.1262 -0.7065
vn 0.8713 0.0859 -0.4832
vn 0.7090 0.1324 -0.6927
vn 0.7177 0.1364 -0.6828
vn 0.7200 0.1479 -0.6780
vn 0.7108 0.1501 -0.6872
vn 0.7680 0.1403 -0.6249
vn 0.7071 0.1670 -0.6871
vn 0.7617 0.1605 -0.6277
vn 0.7831 0.1502 -0.6035
vn 0.7589 0.1912 -0.6225
vn 0.7691 0.1834 -0.6122
vn 0.7705 0.1635 -0.6161
vn 0.7516 0.2063 -0.6265
vn 0.7419 0.1815 -0.6455
vn 0.7639 0.1405 -0.6299
vn 0.7111 0.2043 -0.6728
vn 0.7183 0.1630 -0.6764
vn 0.6558 0.1012 -0.7482
vn 0.6740 -0.0340 -0.7380
vn 0.5798 -0.1313 -0.8042
vn 0.3851 -0.2144 -0.8976
vn 0.1684 -0.9510 -0.2592
vn 0.0807 -0.9682 -0.2366
vn 0.0311 -0.9699 -0.2415
vn 0.2135 -0.9346 -0.2843
vn 0.6957 0.0272 -0.7178
vn 0.2256 -0.9280 -0.2966
vn 0.7302 0.0542 -0.6811
vn 0.2710 -0.9091 -0.3165
vn 0.7767 0.0443 -0.6283
vn 0.2978 -0.9109 -0.2855
vn 0.8395 -0.0197 -0.5430
vn 0.3385 -0.9115 -0.2336
vn 0.9044 -0.1197 -0.4096
vn 0.3202 -0.9375 -0.1362
vn 0.9546 -0.1786 -0.2384
vn 0.3147 -0.9482 -0.0431
vn 0.9913 -0.1232 -0.0463
vn 0.3373 -0.9390 0.0673
vn 0.9999 0.0058 -0.0134
vn 0.3975 -0.9166 0.0422
vn 0.9930 0.0727 -0.0934
vn 0.4125 -0.9101 -0.0407
vn 0.9952 0.0529 -0.0820
vn 0.4282 -0.9035 -0.0186
vn 0.9995 0.0169 0.0251
vn 0.4322 -0.9014 0.0265
vn 0.9829 0.0114 0.1839
vn 0.4373 -0.8929 0.1073
vn 0.9212 0.0279 0.3881
vn 0.4483 -0.8656 0.2231
vn 0.7865 0.0348 0.6166
vn 0.4188 -0.8397 0.3457
vn 0.5321 0.0140 0.8466
vn 0.3183 -0.8261 0.4650
vn 0.1715 -0.0142 0.9851
vn 0.1357 -0.8629 0.4868
vn -0.1346 -0.0267 0.9905
vn -0.0001 -0.8829 0.4695
vn -0.3247 -0.0473 0.9446
vn -0.0667 -0.9203 0.3855
vn -0.4200 -0.0839 0.9036
vn -0.1021 -0.9440 0.3139
vn -0.4795 -0.1115 0.8704
vn -0.1294 -0.9497 0.2853
vn -0.5239 -0.1358 0.8409
vn -0.1442 -0.9537 0.2639
vn -0.5610 -0.1710 0.8100
vn -0.1523 -0.9608 0.2315
vn -0.6083 -0.1988 0.7684
vn -0.1738 -0.9636 0.2030
vn -0.2034 -0.9631 0.1763
vn -0.5256 -0.0215 0.8505
vn -0.4998 0.0461 0.8649
vn -0.4393 -0.0006 0.8984
vn -0.4875 0.0655 0.8707
vn -0.4944 0.0452 0.8680
vn -0.4668 0.0219 0.8841
vn -0.4503 0.0147 0.8927
vn -0.4874 0.0378 0.8724
vn -0.3329 -0.0314 0.9424
vn -0.3584 -0.0058 0.9335
vn -0.1518 -0.0520 0.9871
vn -0.1521 -0.0297 0.9879
vn -0.1482 -0.0154 0.9888
vn 0.1751 -0.0192 0.9844
vn 0.1836 -0.0060 0.9830
vn 0.1958 -0.0029 0.9806
vn 0.5355 0.0156 0.8444
vn 0.5365 0.0145 0.8438
vn 0.5378 0.0110 0.8430
vn 0.7747 0.0263 0.6318
vn 0.7737 0.0233 0.6331
vn 0.7740 0.0255 0.6327
vn 0.9159 0.0374 0.3996
vn 0.9172 0.0376 0.3966
vn 0.9171 0.0391 0.3966
vn 0.9867 0.0500 0.1547
vn 0.9867 0.0491 0.1547
vn 0.9865 0.0477 0.1569
vn 0.9979 0.0510 -0.0406
vn 0.9985 0.0467 -0.0277
vn 0.9989 0.0444 -0.0132
vn 0.9858 0.0463 0.1613
vn 0.9990 0.0445 0.0001
vn 0.9845 0.0471 0.1687
vn 0.9989 0.0467 0.0089
vn 0.9829 0.0459 0.1781
vn 0.9990 0.0413 0.0160
vn 0.9812 0.0432 0.1883
vn 0.9788 0.0438 0.2001
vn 0.9969 0.0320 0.0716
vn 0.9985 0.0221 0.0493
vn 0.9753 -0.0158 0.2205
vn 0.9997 0.0170 0.0184
vn 0.9810 -0.0257 0.1923
vn 0.9874 -0.0277 0.1561
vn 0.9863 -0.0243 0.1635
vn 0.9836 -0.0278 0.1779
vn 0.9913 -0.0169 0.1303
vn 0.9802 -0.0370 0.1946
vn 0.9958 -0.0042 0.0918
vn 0.9805 -0.0410 0.1922
vn 0.9982 0.0241 0.0556
vn 0.9844 -0.0143 0.1756
vn 0.9990 0.0084 -0.0440
vn 0.9877 0.0157 0.1554
vn 0.9994 0.0349 0.0082
vn 0.9024 0.1078 -0.4171
vn 0.9974 0.0577 0.0439
vn 0.9233 0.1251 -0.3632
vn 0.7252 0.1658 -0.6682
vn 0.9331 0.1152 -0.3408
vn 0.7338 0.1682 -0.6582
vn 0.7121 0.1886 -0.6763
vn 0.7755 0.1405 -0.6155
vn 0.7325 0.2092 -0.6478
vn 0.7525 0.2200 -0.6207
vn 0.7763 0.1934 -0.6000
vn 0.7481 0.2320 -0.6218
vn 0.7313 0.2263 -0.6434
vn 0.8504 0.0906 -0.5184
vn 0.9571 -0.0077 -0.2897
vn 0.9421 0.0386 -0.3330
vn 0.9990 -0.0069 0.0433
vn 0.9999 -0.0060 0.0116
vn 0.9965 0.0633 0.0550
vn 0.9890 0.0592 0.1352
vn 0.9926 0.0137 0.1210
vn 0.9891 0.0402 0.1417
vn 0.9984 0.0557 0.0134
vn 0.9975 0.0708 0.0049
vn 0.9986 0.0448 0.0289
vn 0.9925 0.0690 -0.1007
vn 0.9910 0.0735 -0.1116
vn 0.9943 0.0587 -0.0892
vn 0.9966 0.0653 -0.0504
vn 0.9962 0.0714 -0.0500
vn 0.9966 0.0420 -0.0708
vn 0.9972 0.0570 -0.0482
vn 0.9861 0.0541 0.1573
vn 0.9985 0.0297 -0.0453
vn 0.9997 0.0205 -0.0154
vn 0.9145 0.0376 0.4028
vn 0.9851 0.0559 0.1627
vn 0.9153 0.0356 0.4012
vn 0.9842 0.0546 0.1685
vn 0.9960 0.0747 -0.0482
vn 0.9841 0.0515 0.1702
vn 0.9964 0.0735 -0.0431
vn 0.9895 0.0812 -0.1199
vn 0.9976 0.0635 -0.0275
vn 0.9892 0.0805 -0.1227
vn 0.9983 0.0554 -0.0180
vn 0.9817 0.1516 -0.1150
vn 0.9886 0.1362 -0.0637
vn 0.9952 0.0684 0.0706
vn 0.9920 0.1261 -0.0032
vn 0.9782 0.1061 0.1785
vn 0.9845 0.0321 0.1727
vn 0.9219 0.0133 0.3873
vn 0.9194 0.0973 0.3810
vn 0.9179 0.0329 0.3954
vn 0.7866 0.0179 0.6173
vn 0.7919 -0.0015 0.6106
vn 0.7795 0.0271 0.6258
vn 0.5395 0.0004 0.8420
vn 0.1761 -0.0499 0.9831
vn 0.5449 -0.0266 0.8381
vn 0.1674 0.0385 0.9851
vn 0.5383 0.0603 0.8406
vn 0.7892 0.0830 0.6085
vn -0.1513 0.0358 0.9878
vn -0.3258 0.0422 0.9445
vn -0.4213 0.0507 0.9055
vn 0.2897 -0.3068 0.9066
vn 0.2599 -0.3742 0.8902
vn 0.3132 -0.4188 0.8523
vn 0.2903 -0.4389 0.8503
vn 0.2927 -0.4837 0.8248
vn 0.2977 -0.4729 0.8293
vn 0.0677 -0.4995 0.8637
vn 0.3369 -0.4376 0.8337
vn 0.0640 -0.5223 0.8504
vn -0.2928 -0.4689 0.8333
vn 0.0748 -0.5171 0.8526
vn -0.3692 -0.4567 0.8094
vn -0.4415 -0.3398 0.8305
vn -0.4428 -0.4411 0.7806
vn -0.5192 -0.2917 0.8033
vn -0.5230 -0.4380 0.7312
vn -0.6018 -0.2601 0.7552
vn -0.6141 -0.4395 0.6555
vn -0.6780 -0.2324 0.6973
vn 0.0891 -0.5252 0.8463
vn 0.5107 -0.3342 0.7921
vn 0.4191 -0.3605 0.8333
vn 0.3837 -0.2108 0.8991
vn 0.4628 -0.1613 0.8717
vn 0.3131 -0.3738 0.8731
vn 0.2910 -0.3480 0.8912
vn 0.3656 -0.1210 0.9229
vn 0.2391 -0.5063 0.8286
vn 0.1810 -0.4888 0.8534
vn 0.2886 -0.3070 0.9069
vn 0.2072 -0.2979 0.9318
vn 0.1702 -0.2645 0.9492
vn 0.1602 -0.4177 0.8943
vn 0.2053 -0.2935 0.9336
vn 0.3479 -0.1353 0.9277
vn 0.3169 -0.2241 0.9216
vn 0.1404 -0.2722 0.9520
vn 0.1188 -0.2176 0.9688
vn 0.2298 -0.1527 0.9612
vn 0.2370 -0.0042 0.9715
vn 0.1382 -0.0757 0.9875
vn 0.0375 -0.0906 0.9952
vn 0.0888 -0.1051 0.9905
vn 0.3151 0.1566 0.9361
vn 0.2500 0.0910 0.9640
vn 0.0682 0.0052 0.9977
vn -0.0673 -0.0180 0.9976
vn -0.0514 -0.0415 0.9978
vn 0.3153 0.0754 0.9460
vn 0.1367 0.0526 0.9892
vn -0.0511 0.0267 0.9983
vn -0.2075 0.0351 0.9776
vn -0.2003 0.0075 0.9797
vn 0.1643 0.0470 0.9853
vn -0.0224 0.0625 0.9978
vn -0.2058 0.0762 0.9756
vn -0.3801 0.1063 0.9188
vn -0.3715 0.0680 0.9259
vn -0.5381 0.1074 0.8360
vn -0.5313 0.0733 0.8440
vn -0.3630 0.0411 0.9309
vn -0.5465 0.1412 0.8255
vn -0.6996 0.1667 0.6948
vn -0.7005 0.1404 0.6997
vn -0.8275 0.1493 0.5412
vn -0.8399 0.1124 0.5309
vn -0.7040 0.1006 0.7030
vn -0.8147 0.1707 0.5542
vn -0.8904 0.1552 0.4279
vn -0.9034 0.1368 0.4064
vn -0.9483 0.1198 0.2938
vn -0.9563 0.0919 0.2777
vn -0.9160 0.1055 0.3869
vn -0.9408 0.1379 0.3098
vn -0.9670 0.1341 0.2166
vn -0.9681 0.1152 0.2226
vn -0.9722 0.1333 0.1924
vn -0.9680 0.1118 0.2249
vn -0.9690 0.0902 0.2301
vn -0.9750 0.1516 0.1623
vn -0.9847 0.1671 -0.0497
vn -0.9877 0.1503 -0.0425
vn -0.9087 0.1226 -0.3990
vn -0.8983 0.1006 -0.4277
vn -0.9906 0.1311 -0.0383
vn -0.9156 0.1413 -0.3765
vn -0.8739 0.1082 -0.4740
vn -0.8637 0.0860 -0.4966
vn -0.8832 0.0678 -0.4640
vn -0.8780 0.0456 -0.4765
vn -0.8524 0.0631 -0.5190
vn -0.8872 0.0923 -0.4520
vn -0.8841 0.0805 -0.4603
vn -0.8804 0.0561 -0.4709
vn -0.9201 0.0562 -0.3875
vn -0.9235 0.0421 -0.3813
vn -0.8781 0.0374 -0.4769
vn -0.9190 0.0756 -0.3870
vn -0.9023 0.0837 -0.4229
vn -0.9120 0.0733 -0.4036
vn -0.7735 0.0805 -0.6286
vn -0.7723 0.0735 -0.6310
vn -0.9225 0.0606 -0.3813
vn -0.7794 0.0826 -0.6211
vn -0.7349 0.0523 -0.6762
vn -0.7033 0.0543 -0.7089
vn -0.7273 0.0226 -0.6859
vn -0.7107 0.0257 -0.7030
vn -0.6743 0.0543 -0.7365
vn -0.7451 0.0190 -0.6667
vn -0.7678 0.0116 -0.6406
vn -0.7772 0.0144 -0.6291
vn -0.8283 0.0250 -0.5597
vn -0.8360 0.0239 -0.5481
vn -0.7856 0.0172 -0.6185
vn -0.8142 0.0270 -0.5799
vn -0.7056 0.0518 -0.7067
vn -0.7080 0.0425 -0.7049
vn -0.3287 0.0533 -0.9429
vn -0.3037 0.0460 -0.9517
vn -0.7016 0.0350 -0.7117
vn -0.3485 0.0625 -0.9352
vn -0.0902 0.0327 -0.9954
vn -0.0301 0.0324 -0.9990
vn 0.0052 -0.0150 -0.9999
vn 0.0706 -0.0136 -0.9974
vn 0.0210 0.0330 -0.9992
vn -0.0560 -0.0176 -0.9983
vn 0.2389 -0.0622 -0.9690
vn 0.2979 -0.0491 -0.9533
vn 0.5399 -0.1011 -0.8356
vn 0.3554 -0.0410 -0.9338
vn 0.4495 -0.1311 -0.8836
vn 0.4095 -0.2292 -0.8830
vn 0.1362 -0.0095 -0.9906
vn 0.1144 0.0336 -0.9929
vn 0.0688 0.0343 -0.9970
vn -0.2324 0.0452 -0.9716
vn -0.2717 0.0463 -0.9613
vn -0.6732 0.0343 -0.7386
vn -0.6894 0.0345 -0.7236
vn -0.8412 0.0239 -0.5401
vn -0.8398 0.0234 -0.5423
vn -0.7983 0.0221 -0.6019
vn -0.7927 0.0191 -0.6094
vn -0.6849 0.0297 -0.7280
vn -0.6960 0.0277 -0.7175
vn -0.6273 0.0490 -0.7773
vn -0.6486 0.0529 -0.7593
vn -0.7657 0.0657 -0.6398
vn -0.7711 0.0712 -0.6328
vn -0.9347 0.0605 -0.3503
vn -0.9303 0.0591 -0.3619
vn -0.9382 0.0410 -0.3435
vn -0.9295 0.0372 -0.3669
vn -0.8846 0.0207 -0.4660
vn -0.8792 0.0238 -0.4758
vn -0.8688 0.0151 -0.4950
vn -0.8727 0.0263 -0.4876
vn -0.8257 0.0307 -0.5632
vn -0.8398 0.0445 -0.5410
vn -0.8703 0.0659 -0.4881
vn -0.8848 0.0815 -0.4587
vn -0.9957 0.0869 -0.0323
vn -0.9936 0.1072 -0.0354
vn -0.9551 0.0635 0.2893
vn -0.9623 0.0847 0.2585
vn -0.9657 0.0415 0.2564
vn -0.9684 0.0623 0.2413
vn -0.9668 0.0378 0.2526
vn -0.9626 0.0610 0.2639
vn -0.9346 0.0470 0.3525
vn -0.9266 0.0720 0.3692
vn -0.8551 0.0490 0.5162
vn -0.8490 0.0769 0.5227
vn -0.7148 0.0360 0.6984
vn -0.7097 0.0677 0.7012
vn -0.5390 0.0177 0.8421
vn -0.5321 0.0491 0.8452
vn -0.3642 0.0025 0.9313
vn -0.3586 0.0251 0.9332
vn -0.1970 -0.0106 0.9804
vn -0.1925 -0.0022 0.9813
vn -0.0324 -0.0343 0.9989
vn -0.2155 -0.0339 0.9759
vn -0.0452 -0.0395 0.9982
vn 0.1294 -0.0659 0.9894
vn -0.0732 -0.0709 0.9948
vn 0.1058 -0.0743 0.9916
vn 0.2766 -0.0868 0.9571
vn 0.0707 -0.1077 0.9917
vn 0.2341 -0.0937 0.9677
vn 0.3688 -0.0622 0.9274
vn 0.1778 -0.1305 0.9754
vn 0.3065 -0.0856 0.9480
vn 0.3969 -0.0304 0.9173
vn 0.4073 -0.0504 0.9119
vn 0.4134 -0.0080 0.9105
vn 0.3864 -0.0748 0.9193
vn 0.4138 -0.0445 0.9093
vn 0.4051 -0.0597 0.9123
vn 0.4433 -0.1070 0.8899
vn 0.3924 -0.1207 0.9119
vn 0.4708 -0.1561 0.8683
vn 0.3820 -0.1434 0.9129
vn 0.4908 -0.1289 0.8617
vn 0.5407 -0.1188 0.8328
vn 0.4798 -0.1002 0.8716
vn 0.5346 -0.0623 0.8428
vn 0.6058 -0.0685 0.7927
vn 0.5240 -0.0838 0.8476
vn 0.6074 -0.0786 0.7905
vn 0.7561 -0.0900 0.6483
vn 0.6043 -0.0903 0.7916
vn 0.7586 -0.0887 0.6455
vn 0.6002 -0.0897 0.7948
vn 0.7691 -0.0903 0.6328
vn 0.6046 -0.0835 0.7922
vn 0.7861 -0.0904 0.6114
vn 0.9339 -0.0956 0.3444
vn 0.8050 -0.0924 0.5860
vn 0.9428 -0.0958 0.3194
vn 0.9872 -0.0820 0.1369
vn 0.9494 -0.0997 0.2977
vn 0.9848 -0.0794 0.1542
vn 0.9971 -0.0235 0.0717
vn 0.9796 -0.0748 0.1864
vn 0.9904 -0.0092 0.1380
vn 0.9874 0.0496 0.1501
vn 0.9782 0.0009 0.2078
vn 0.9823 0.0493 0.1806
vn 0.9960 0.0462 -0.0761
vn 0.9981 0.0615 -0.0099
vn 0.8749 0.0145 -0.4841
vn 0.9039 0.0319 -0.4267
vn 0.7986 -0.0034 -0.6019
vn 0.8001 0.0006 -0.5998
vn 0.8579 0.0075 -0.5137
vn 0.8462 0.0037 -0.5328
vn 0.8808 0.0251 -0.4729
vn 0.8758 0.0202 -0.4822
vn 0.8217 0.0337 -0.5689
vn 0.8216 0.0298 -0.5693
vn 0.6958 0.0353 -0.7174
vn 0.6970 0.0323 -0.7163
vn 0.5286 0.0317 -0.8483
vn 0.5325 0.0305 -0.8459
vn 0.3099 0.0218 -0.9505
vn 0.3190 0.0229 -0.9475
vn 0.3253 0.0242 -0.9453
vn 0.0119 0.0111 -0.9999
vn 0.0208 0.0134 -0.9997
vn 0.0274 0.0150 -0.9995
vn -0.3521 0.0094 -0.9359
vn -0.3609 0.0127 -0.9325
vn -0.3727 0.0150 -0.9278
vn -0.6779 0.0281 -0.7346
vn -0.6955 0.0282 -0.7180
vn -0.7137 0.0271 -0.7000
vn -0.8050 0.0443 -0.5916
vn -0.8117 0.0432 -0.5825
vn -0.8174 0.0406 -0.5746
vn -0.7325 0.0264 -0.6803
vn -0.8216 0.0377 -0.5688
vn -0.7503 0.0262 -0.6606
vn -0.8237 0.0368 -0.5658
vn -0.7672 0.0275 -0.6409
vn -0.8242 0.0347 -0.5652
vn -0.7823 0.0280 -0.6223
vn -0.8237 0.0324 -0.5661
vn -0.7947 0.0272 -0.6064
vn -0.8220 0.0302 -0.5687
vn -0.8055 0.0263 -0.5920
vn -0.8191 0.0299 -0.5728
vn -0.8156 0.0260 -0.5781
vn -0.8150 0.0307 -0.5787
vn -0.8248 0.0279 -0.5648
vn -0.8093 0.0296 -0.5866
vn -0.8329 0.0273 -0.5527
vn -0.6257 0.0262 -0.7797
vn -0.8390 0.0250 -0.5435
vn -0.6521 0.0284 -0.7576
vn -0.1908 0.0368 -0.9809
vn -0.8035 0.0263 -0.5947
vn -0.6770 0.0314 -0.7353
vn -0.6787 0.0307 -0.7338
vn -0.5963 0.0424 -0.8017
vn -0.6104 0.0449 -0.7908
vn -0.7489 0.0545 -0.6605
vn -0.7576 0.0587 -0.6500
vn -0.9341 0.0544 -0.3528
vn -0.9355 0.0572 -0.3487
vn -0.9542 0.0433 -0.2961
vn -0.9470 0.0430 -0.3183
vn -0.9038 0.0225 -0.4273
vn -0.8935 0.0210 -0.4486
vn -0.8675 0.0102 -0.4973
vn -0.8675 0.0094 -0.4974
vn -0.7962 0.0246 -0.6045
vn -0.8114 0.0222 -0.5841
vn -0.8346 0.0595 -0.5476
vn -0.8535 0.0594 -0.5177
vn -0.9970 0.0734 -0.0251
vn -0.9963 0.0813 -0.0296
vn -0.9354 0.0426 0.3511
vn -0.9458 0.0535 0.3202
vn -0.9559 0.0208 0.2930
vn -0.9612 0.0294 0.2744
vn -0.9714 0.0158 0.2370
vn -0.9696 0.0250 0.2435
vn -0.9495 0.0265 0.3128
vn -0.9417 0.0351 0.3347
vn -0.8615 0.0313 0.5067
vn -0.8580 0.0363 0.5124
vn -0.7005 0.0029 0.7137
vn -0.7128 0.0146 0.7012
vn -0.5377 -0.0386 0.8423
vn -0.5438 -0.0127 0.8392
vn -0.3973 -0.0587 0.9158
vn -0.3792 -0.0281 0.9249
vn -0.2390 -0.0647 0.9689
vn -0.4193 -0.0914 0.9032
vn -0.2698 -0.0854 0.9591
vn -0.0869 -0.0948 0.9917
vn -0.3266 -0.1211 0.9374
vn -0.0980 -0.1053 0.9896
vn 0.0725 -0.1266 0.9893
vn -0.1624 -0.1221 0.9791
vn 0.1023 -0.1059 0.9891
vn 0.1765 -0.1423 0.9740
vn 0.0902 -0.0893 0.9919
vn 0.2362 -0.1045 0.9661
vn 0.2264 -0.1520 0.9621
vn 0.2402 -0.1392 0.9607
vn 0.2927 -0.1418 0.9456
vn 0.3435 -0.0877 0.9351
vn 0.2787 -0.1143 0.9536
vn 0.2762 -0.1571 0.9482
vn 0.3571 -0.0675 0.9316
vn 0.3033 -0.1422 0.9422
vn 0.3678 -0.1504 0.9176
vn 0.3665 -0.1047 0.9245
vn 0.3625 -0.1567 0.9187
vn 0.4465 -0.1259 0.8859
vn 0.3871 -0.1308 0.9127
vn 0.4214 -0.1457 0.8951
vn 0.5061 -0.1142 0.8549
vn 0.4208 -0.1201 0.8992
vn 0.4882 -0.1098 0.8658
vn 0.4405 -0.0740 0.8947
vn 0.4813 -0.0874 0.8722
vn 0.4693 -0.0326 0.8824
vn 0.4921 -0.0628 0.8682
vn 0.6190 -0.0793 0.7814
vn 0.5179 -0.0505 0.8539
vn 0.6417 -0.0792 0.7628
vn 0.8239 -0.0982 0.5582
vn 0.6687 -0.0813 0.7391
vn 0.8447 -0.1038 0.5250
vn 0.9528 -0.1041 0.2852
vn 0.8666 -0.1060 0.4877
vn 0.9528 -0.1020 0.2861
vn 0.9707 -0.0652 0.2313
vn 0.9482 -0.0950 0.3031
vn 0.9580 -0.0515 0.2822
vn 0.9639 0.0058 0.2663
vn 0.9427 -0.0306 0.3323
vn 0.9525 0.0126 0.3043
vn 0.9853 0.0339 0.1672
vn 0.9821 0.0412 0.1838
vn 0.9753 0.0214 -0.2200
vn 0.9883 0.0312 -0.1493
vn 0.8331 -0.0073 -0.5530
vn 0.8513 0.0012 -0.5246
vn 0.8173 -0.0047 -0.5762
vn 0.8045 -0.0048 -0.5939
vn 0.8818 0.0197 -0.4713
vn 0.8701 0.0134 -0.4926
vn 0.8861 0.0343 -0.4622
vn 0.8843 0.0300 -0.4660
vn 0.8218 0.0372 -0.5686
vn 0.8218 0.0360 -0.5686
vn 0.6929 0.0367 -0.7201
vn 0.6941 0.0369 -0.7189
vn 0.5189 0.0314 -0.8543
vn 0.5236 0.0331 -0.8513
vn 0.2876 0.0194 -0.9576
vn 0.2987 0.0228 -0.9541
vn -0.0221 0.0048 -0.9997
vn -0.0101 0.0081 -0.9999
vn 0.0019 0.0085 -1.0000
vn -0.3398 0.0044 -0.9405
vn -0.3434 0.0049 -0.9392
vn -0.3469 0.0074 -0.9379
vn -0.6212 0.0238 -0.7833
vn -0.6399 0.0250 -0.7680
vn -0.6591 0.0265 -0.7516
vn -0.7747 0.0515 -0.6302
vn -0.7868 0.0503 -0.6152
vn -0.7968 0.0477 -0.6023
vn -0.7347 0.0567 -0.6760
vn -0.7315 0.0518 -0.6799
vn -0.7269 0.0467 -0.6852
vn -0.5649 0.0429 -0.8240
vn -0.5613 0.0395 -0.8267
vn -0.5583 0.0386 -0.8287
vn -0.7209 0.0452 -0.6915
vn -0.5563 0.0385 -0.8301
vn -0.7145 0.0428 -0.6984
vn -0.5554 0.0362 -0.8308
vn -0.7078 0.0394 -0.7053
vn -0.5553 0.0359 -0.8309
vn -0.7005 0.0375 -0.7126
vn -0.5572 0.0375 -0.8295
vn -0.6932 0.0363 -0.7199
vn -0.5613 0.0375 -0.8268
vn -0.6868 0.0345 -0.7260
vn -0.5671 0.0387 -0.8227
vn -0.6821 0.0330 -0.7305
vn -0.5749 0.0409 -0.8172
vn -0.6794 0.0331 -0.7331
vn -0.5845 0.0412 -0.8104
vn -0.6778 0.0325 -0.7346
vn -0.7297 0.0515 -0.6819
vn -0.7399 0.0511 -0.6707
vn -0.9277 0.0557 -0.3692
vn -0.9316 0.0523 -0.3596
vn -0.9634 0.0496 -0.2634
vn -0.9595 0.0450 -0.2783
vn -0.9235 0.0329 -0.3821
vn -0.9140 0.0270 -0.4048
vn -0.8669 0.0234 -0.4979
vn -0.8674 0.0162 -0.4974
vn -0.7701 0.0347 -0.6370
vn -0.7815 0.0304 -0.6231
vn -0.8240 0.0414 -0.5650
vn -0.8251 0.0458 -0.5631
vn -0.9991 0.0255 -0.0329
vn -0.9990 0.0362 -0.0254
vn -0.9325 0.0117 0.3610
vn -0.9310 0.0191 0.3645
vn -0.9453 0.0087 0.3261
vn -0.9505 0.0134 0.3104
vn -0.9719 0.0044 0.2354
vn -0.9721 0.0088 0.2342
vn -0.9614 0.0059 0.2752
vn -0.9566 0.0148 0.2910
vn -0.8881 0.0130 0.4594
vn -0.8718 0.0227 0.4893
vn -0.6617 -0.0152 0.7496
vn -0.6799 -0.0071 0.7332
vn -0.4439 -0.0865 0.8919
vn -0.5078 -0.0669 0.8588
vn -0.4231 -0.1329 0.8963
vn -0.3628 -0.0776 0.9286
vn -0.3612 -0.1553 0.9195
vn -0.3891 -0.1723 0.9050
vn -0.2381 -0.1326 0.9621
vn -0.4000 -0.1887 0.8969
vn -0.2757 -0.1558 0.9485
vn -0.3314 -0.1701 0.9280
vn -0.3625 -0.1882 0.9128
vn 0.0013 -0.1109 0.9938
vn -0.3811 -0.1985 0.9030
vn -0.1218 -0.1492 0.9813
vn 0.2762 -0.0506 0.9598
vn 0.2862 -0.0587 0.9564
vn -0.2215 -0.1756 0.9592
vn 0.2111 -0.0694 0.9750
vn 0.4136 -0.0287 0.9100
vn 0.1259 -0.0990 0.9871
vn 0.4269 -0.0120 0.9042
vn 0.4381 -0.0514 0.8975
vn 0.4023 -0.0204 0.9153
vn 0.4862 -0.0053 0.8738
vn 0.4344 -0.0733 0.8977
vn 0.5019 0.0120 0.8648
vn 0.4799 -0.0211 0.8771
vn 0.4962 0.0037 0.8682
vn 0.5074 0.0052 0.8617
vn 0.4829 -0.0143 0.8755
vn 0.5178 0.0021 0.8555
vn 0.4964 -0.0175 0.8679
vn 0.5221 -0.0142 0.8528
vn 0.5174 -0.0280 0.8553
vn 0.5465 -0.0541 0.8357
vn 0.5356 -0.0382 0.8436
vn 0.5716 -0.0601 0.8184
vn 0.6965 -0.0846 0.7126
vn 0.5953 -0.0648 0.8009
vn 0.7262 -0.0907 0.6815
vn 0.8846 -0.1085 0.4535
vn 0.7582 -0.0997 0.6443
vn 0.8956 -0.1083 0.4315
vn 0.9375 -0.0803 0.3387
vn 0.8964 -0.1001 0.4317
vn 0.9193 -0.0569 0.3895
vn 0.9281 -0.0076 0.3723
vn 0.8967 -0.0283 0.4417
vn 0.9191 0.0100 0.3940
vn 0.9473 0.0232 0.3196
vn 0.9472 0.0196 0.3199
vn 0.9969 0.0153 0.0767
vn 0.9906 0.0264 0.1341
vn 0.9313 -0.0125 -0.3641
vn 0.9565 0.0082 -0.2916
vn 0.8216 -0.0206 -0.5696
vn 0.8207 -0.0168 -0.5711
vn 0.8583 0.0107 -0.5130
vn 0.8363 -0.0023 -0.5482
vn 0.8979 0.0371 -0.4385
vn 0.8916 0.0277 -0.4520
vn 0.8843 0.0387 -0.4653
vn 0.8863 0.0378 -0.4616
vn 0.8232 0.0355 -0.5667
vn 0.8220 0.0379 -0.5682
vn 0.6921 0.0323 -0.7211
vn 0.6921 0.0358 -0.7209
vn 0.5100 0.0221 -0.8599
vn 0.5141 0.0269 -0.8573
vn 0.2709 0.0069 -0.9626
vn 0.2783 0.0128 -0.9604
vn -0.0465 -0.0107 -0.9989
vn -0.0333 -0.0023 -0.9994
vn -0.3349 -0.0135 -0.9422
vn -0.3335 -0.0042 -0.9427
vn -0.3358 0.0035 -0.9419
vn -0.5686 0.0214 -0.8223
vn -0.5854 0.0262 -0.8103
vn -0.6029 0.0248 -0.7975
vn -0.7282 0.0601 -0.6828
vn -0.7446 0.0566 -0.6651
vn -0.7605 0.0535 -0.6472
vn -0.7304 0.0736 -0.6791
vn -0.7348 0.0671 -0.6749
vn -0.7362 0.0609 -0.6741
vn -0.5836 0.0570 -0.8100
vn -0.5775 0.0498 -0.8149
vn -0.5706 0.0458 -0.8199
vn -0.5651 0.0507 -0.8235
vn -0.5778 0.0502 -0.8146
vn -0.5927 0.0502 -0.8038
vn -0.8366 0.0761 -0.5425
vn -0.8503 0.0729 -0.5213
vn -0.8621 0.0697 -0.5019
vn -0.6084 0.0488 -0.7921
vn -0.8728 0.0684 -0.4832
vn -0.6248 0.0486 -0.7793
vn -0.8827 0.0661 -0.4653
vn -0.6407 0.0490 -0.7662
vn -0.8923 0.0636 -0.4469
vn -0.6567 0.0466 -0.7527
vn -0.9016 0.0617 -0.4282
vn -0.6729 0.0472 -0.7383
vn -0.9095 0.0577 -0.4118
vn -0.6883 0.0480 -0.7238
vn -0.9163 0.0571 -0.3963
vn -0.7027 0.0482 -0.7098
vn -0.9226 0.0583 -0.3813
vn -0.7170 0.0506 -0.6952
vn -0.9696 0.0545 -0.2384
vn -0.9669 0.0529 -0.2494
vn -0.9402 0.0410 -0.3382
vn -0.9321 0.0374 -0.3602
vn -0.8702 0.0290 -0.4919
vn -0.8674 0.0279 -0.4968
vn -0.7577 0.0350 -0.6516
vn -0.7632 0.0346 -0.6452
vn -0.8016 0.0532 -0.5955
vn -0.8173 0.0480 -0.5742
vn -0.9973 0.0488 -0.0556
vn -0.9981 0.0443 -0.0436
vn -0.9252 0.0163 0.3792
vn -0.9308 0.0192 0.3650
vn -0.9349 0.0024 0.3549
vn -0.9401 0.0065 0.3408
vn -0.9686 -0.0019 0.2487
vn -0.9706 0.0018 0.2406
vn -0.9660 -0.0054 0.2586
vn -0.9643 0.0001 0.2647
vn -0.9101 -0.0100 0.4143
vn -0.9023 0.0001 0.4311
vn -0.6824 -0.0179 0.7308
vn -0.6623 -0.0192 0.7490
vn -0.3012 -0.0529 0.9521
vn -0.7057 -0.0235 0.7081
vn -0.2795 -0.0343 0.9595
vn -0.1103 -0.0870 0.9901
vn -0.2932 -0.0176 0.9559
vn -0.0093 -0.0451 0.9989
vn -0.2035 -0.1371 0.9694
vn 0.0507 -0.0110 0.9987
vn -0.0559 -0.0873 0.9946
vn -0.3359 -0.1798 0.9246
vn 0.0726 -0.0449 0.9964
vn -0.2499 -0.1509 0.9564
vn -0.2726 -0.1845 0.9443
vn -0.1507 -0.1263 0.9805
vn -0.2827 -0.1866 0.9409
vn 0.0526 -0.1277 0.9904
vn -0.2671 -0.1821 0.9463
vn -0.0010 -0.1476 0.9890
vn 0.3612 -0.0415 0.9316
vn -0.0393 -0.1606 0.9862
vn 0.3202 -0.0658 0.9451
vn -0.0635 -0.1639 0.9844
vn 0.2851 -0.0833 0.9549
vn -0.0729 -0.1660 0.9834
vn 0.2546 -0.1002 0.9618
vn 0.4689 -0.0322 0.8826
vn 0.2253 -0.1130 0.9677
vn 0.4539 -0.0479 0.8898
vn 0.5264 -0.0272 0.8498
vn 0.4396 -0.0625 0.8960
vn 0.5287 -0.0406 0.8479
vn 0.5522 -0.0461 0.8324
vn 0.5285 -0.0545 0.8472
vn 0.5652 -0.0562 0.8230
vn 0.6203 -0.0730 0.7809
vn 0.5775 -0.0676 0.8136
vn 0.6483 -0.0856 0.7565
vn 0.7888 -0.1075 0.6052
vn 0.6795 -0.1037 0.7263
vn 0.8098 -0.1141 0.5755
vn 0.8827 -0.0828 0.4626
vn 0.8086 -0.1015 0.5796
vn 0.8566 -0.0477 0.5138
vn 0.8800 -0.0038 0.4749
vn 0.8272 0.0133 0.5618
vn 0.8656 0.0564 0.4975
vn 0.9022 0.0833 0.4231
vn 0.9134 0.0226 0.4064
vn 0.9561 0.0751 0.2832
vn 0.9496 0.0352 0.3116
vn 0.9950 0.0347 -0.0941
vn 0.9998 0.0169 -0.0086
vn 0.8990 0.0241 -0.4374
vn 0.9058 -0.0102 -0.4235
vn 0.8606 0.0613 -0.5056
vn 0.8392 0.0052 -0.5437
vn 0.8787 0.0898 -0.4689
vn 0.8740 0.0368 -0.4846
vn 0.8952 0.0902 -0.4365
vn 0.8998 0.0468 -0.4337
vn 0.8766 0.0814 -0.4743
vn 0.8816 0.0449 -0.4699
vn 0.8257 0.0785 -0.5586
vn 0.8255 0.0467 -0.5625
vn 0.6988 0.0937 -0.7092
vn 0.6930 0.0505 -0.7192
vn 0.4936 0.1034 -0.8635
vn 0.5033 0.0411 -0.8631
vn 0.2360 0.0815 -0.9683
vn 0.2589 0.0189 -0.9657
vn -0.0661 0.0604 -0.9960
vn -0.0605 -0.0008 -0.9982
vn -0.3217 0.0679 -0.9444
vn -0.3347 0.0020 -0.9423
vn -0.4962 0.0949 -0.8630
vn -0.5261 0.0318 -0.8498
vn -0.5499 0.0142 -0.8351
vn -0.6532 0.0829 -0.7527
vn -0.6865 0.0619 -0.7245
vn -0.7101 0.0620 -0.7014
vn -0.6984 0.0996 -0.7087
vn -0.7136 0.0879 -0.6950
vn -0.7234 0.0797 -0.6858
vn -0.6008 0.0839 -0.7950
vn -0.5951 0.0717 -0.8004
vn -0.5893 0.0643 -0.8054
vn -0.5477 0.0636 -0.8343
vn -0.5505 0.0594 -0.8327
vn -0.5563 0.0545 -0.8292
vn -0.7859 0.0880 -0.6120
vn -0.8040 0.0820 -0.5889
vn -0.8211 0.0778 -0.5654
vn -0.9527 0.1042 -0.2855
vn -0.9584 0.0960 -0.2689
vn -0.9625 0.0898 -0.2560
vn -0.9603 0.1047 -0.2585
vn -0.9610 0.0958 -0.2594
vn -0.9611 0.0883 -0.2616
vn -0.9658 0.0835 -0.2456
vn -0.9611 0.0823 -0.2636
vn -0.9683 0.0780 -0.2372
vn -0.9610 0.0763 -0.2659
vn -0.9700 0.0744 -0.2314
vn -0.9599 0.0686 -0.2719
vn -0.9711 0.0704 -0.2280
vn -0.9572 0.0620 -0.2826
vn -0.9716 0.0673 -0.2269
vn -0.9532 0.0548 -0.2972
vn -0.9715 0.0629 -0.2287
vn -0.9476 0.0461 -0.3162
vn -0.9710 0.0571 -0.2322
vn -0.8781 0.0481 -0.4761
vn -0.8745 0.0344 -0.4839
vn -0.7371 0.0579 -0.6733
vn -0.7485 0.0444 -0.6617
vn -0.7654 0.0804 -0.6386
vn -0.7832 0.0700 -0.6178
vn -0.9950 0.0697 -0.0719
vn -0.9958 0.0627 -0.0665
vn -0.9085 0.0188 0.4175
vn -0.9176 0.0182 0.3970
vn -0.9217 -0.0005 0.3879
vn -0.9288 0.0003 0.3706
vn -0.9647 -0.0024 0.2632
vn -0.9664 -0.0040 0.2570
vn -0.9657 -0.0058 0.2597
vn -0.9664 -0.0079 0.2570
vn -0.9118 -0.0190 0.4102
vn -0.9130 -0.0167 0.4076
vn -0.7239 -0.0259 0.6894
vn -0.9079 -0.0193 0.4187
vn -0.7363 -0.0283 0.6761
vn -0.3263 -0.0118 0.9452
vn -0.7405 -0.0322 0.6712
vn -0.3612 -0.0142 0.9324
vn 0.0691 0.0080 0.9976
vn -0.3913 -0.0189 0.9201
vn 0.0624 0.0136 0.9980
vn 0.1685 -0.0159 0.9856
vn 0.0449 0.0156 0.9989
vn 0.2357 0.0065 0.9718
vn -0.0479 -0.0994 0.9939
vn 0.2792 0.0238 0.9599
vn 0.0531 -0.0675 0.9963
vn -0.2294 -0.1684 0.9587
vn 0.1486 -0.0352 0.9883
vn -0.1715 -0.1486 0.9739
vn 0.2325 -0.0050 0.9726
vn -0.1005 -0.1274 0.9867
vn 0.3004 0.0231 0.9535
vn -0.0196 -0.1023 0.9946
vn -0.0705 -0.1630 0.9841
vn 0.0656 -0.0702 0.9954
vn -0.0565 -0.1544 0.9864
vn 0.2011 -0.1205 0.9721
vn -0.0276 -0.1436 0.9893
vn 0.1820 -0.1278 0.9750
vn 0.4257 -0.0758 0.9017
vn 0.1614 -0.1328 0.9779
vn 0.4047 -0.0891 0.9101
vn 0.5272 -0.0655 0.8472
vn 0.3745 -0.1074 0.9210
vn 0.5239 -0.0833 0.8477
vn 0.5921 -0.0847 0.8014
vn 0.5240 -0.1002 0.8458
vn 0.6102 -0.1077 0.7849
vn 0.7063 -0.1206 0.6976
vn 0.6275 -0.0971 0.7725
vn 0.7137 -0.0885 0.6948
vn 0.7836 -0.0447 0.6196
vn 0.6983 -0.2001 0.6872
vn 0.7550 -0.1614 0.6356
vn 0.8081 -0.1127 0.5782
vn 0.2541 -0.9636 0.0827
vn 0.2966 -0.9516 0.0802
vn 0.3254 -0.9429 0.0714
vn 0.8630 -0.0711 0.5001
vn 0.3416 -0.9384 0.0515
vn 0.9136 -0.0669 0.4012
vn 0.3416 -0.9389 -0.0413
vn 0.9712 -0.0974 0.2173
vn 0.4196 -0.8972 -0.1375
vn 0.9832 -0.1181 -0.1394
vn 0.2959 -0.9447 -0.1414
vn 0.8996 -0.1135 -0.4217
vn 0.2544 -0.9575 -0.1356
vn 0.8749 -0.0931 -0.4753
vn 0.2673 -0.9551 -0.1279
vn 0.8871 -0.0699 -0.4563
vn 0.2916 -0.9482 -0.1262
vn 0.8959 -0.0590 -0.4404
vn 0.3160 -0.9369 -0.1496
vn 0.8744 -0.0652 -0.4809
vn 0.3118 -0.9336 -0.1766
vn 0.8203 -0.0894 -0.5649
vn 0.2743 -0.9377 -0.2132
vn 0.7072 -0.1126 -0.6980
vn 0.2008 -0.9366 -0.2871
vn 0.5072 -0.1020 -0.8558
vn 0.1173 -0.9072 -0.4040
vn 0.2378 -0.0753 -0.9684
vn 0.0013 -0.9108 -0.4127
vn -0.0606 -0.0722 -0.9956
vn -0.0733 -0.9381 -0.3386
vn -0.2994 -0.0762 -0.9511
vn -0.1385 -0.9384 -0.3167
vn -0.4606 -0.0509 -0.8861
vn -0.1819 -0.9374 -0.2970
vn -0.5742 -0.0018 -0.8187
vn -0.6116 0.1378 -0.7791
vn -0.6189 0.0468 -0.7841
vn -0.6415 0.1847 -0.7446
vn -0.6735 0.1328 -0.7271
vn -0.6071 0.2065 -0.7673
vn -0.6084 0.1501 -0.7793
vn -0.6056 0.1056 -0.7887
vn -0.5873 0.1240 -0.7998
vn -0.5620 0.0883 -0.8224
vn -0.5501 0.0719 -0.8320
vn -0.7342 0.1030 -0.6711
vn -0.7507 0.0957 -0.6537
vn -0.7680 0.0907 -0.6339
vn -0.9258 0.1324 -0.3540
vn -0.9371 0.1201 -0.3277
vn -0.9455 0.1131 -0.3052
vn -0.9511 0.1403 -0.2753
vn -0.9562 0.1275 -0.2636
vn -0.9589 0.1152 -0.2592
vn -0.8986 0.1426 -0.4150
vn -0.9008 0.1252 -0.4158
vn -0.9009 0.1117 -0.4193
vn -0.7507 0.1425 -0.6452
vn -0.7605 0.1250 -0.6372
vn -0.7637 0.0955 -0.6385
vn -0.8995 0.0978 -0.4258
vn -0.7551 0.0710 -0.6517
vn -0.8958 0.0855 -0.4362
vn -0.7424 0.0709 -0.6662
vn -0.8914 0.0822 -0.4458
vn -0.7339 0.0692 -0.6757
vn -0.8885 0.0758 -0.4526
vn -0.7298 0.0584 -0.6812
vn -0.8853 0.0632 -0.4607
vn -0.7301 0.0594 -0.6808
vn -0.8813 0.0564 -0.4692
vn -0.7426 0.0610 -0.6670
vn -0.7520 0.0714 -0.6553
vn -0.9950 0.0499 -0.0861
vn -0.9950 0.0597 -0.0805
vn -0.8958 0.0166 0.4442
vn -0.9003 0.0161 0.4350
vn -0.9085 0.0095 0.4177
vn -0.9148 0.0032 0.4040
vn -0.9599 0.0073 0.2803
vn -0.9630 0.0033 0.2696
vn -0.9612 -0.0026 0.2759
vn -0.9638 -0.0032 0.2666
vn -0.9024 -0.0200 0.4305
vn -0.9589 -0.0022 0.2836
vn -0.8961 -0.0179 0.4435
vn -0.7380 -0.0326 0.6740
vn -0.8897 -0.0134 0.4564
vn -0.7308 -0.0301 0.6820
vn -0.4116 -0.0216 0.9111
vn -0.7208 -0.0285 0.6925
vn -0.4216 -0.0235 0.9065
vn 0.0240 0.0149 0.9996
vn -0.4250 -0.0243 0.9049
vn 0.0021 0.0140 0.9999
vn 0.3018 0.0384 0.9526
vn -0.0220 0.0124 0.9997
vn 0.3067 0.0494 0.9505
vn -0.0457 0.0095 0.9989
vn 0.2990 0.0565 0.9526
vn -0.0638 0.0011 0.9980
vn 0.2803 0.0561 0.9583
vn 0.3473 0.0511 0.9363
vn 0.2538 0.0529 0.9658
vn 0.3720 0.0744 0.9253
vn 0.1471 -0.0359 0.9885
vn 0.3791 0.0915 0.9208
vn 0.2271 0.0046 0.9739
vn 0.0220 -0.1203 0.9925
vn 0.3103 0.0656 0.9484
vn 0.1200 -0.0599 0.9910
vn 0.1574 -0.1238 0.9798
vn 0.2562 0.0556 0.9650
vn 0.2195 -0.0435 0.9747
vn 0.3703 -0.0936 0.9242
vn 0.3312 0.0461 0.9424
vn 0.4195 -0.0398 0.9069
vn 0.5389 -0.0836 0.8382
vn 0.4721 -0.1721 0.8646
vn 0.5549 -0.2093 0.8052
vn 0.6282 -0.2184 0.7468
vn 0.1537 -0.9741 0.1659
vn 0.1873 -0.9732 0.1336
vn 0.2255 -0.9684 0.1068
vn 0.1266 -0.9707 0.2042
vn 0.4081 -0.1191 0.9051
vn 0.0995 -0.9699 0.2223
vn 0.3810 -0.0787 0.9212
vn 0.0884 -0.9663 0.2418
vn 0.3270 -0.0628 0.9429
vn 0.0835 -0.9551 0.2842
vn 0.2490 -0.0562 0.9669
vn 0.0553 -0.9548 0.2920
vn 0.1412 -0.0522 0.9886
vn 0.0277 -0.9401 0.3397
vn -0.0697 -0.0449 0.9966
vn -0.0516 -0.9265 0.3728
vn -0.3605 -0.0191 0.9326
vn -0.1718 -0.9071 0.3844
vn -0.6396 0.0074 0.7687
vn -0.2905 -0.8932 0.3431
vn -0.8122 0.0214 0.5830
vn -0.3141 -0.9190 0.2382
vn -0.8852 0.0243 0.4646
vn -0.3308 -0.9272 0.1760
vn -0.9242 0.0149 0.3815
vn -0.3172 -0.9401 0.1252
vn -0.9514 0.0063 0.3079
vn -0.3324 -0.9376 0.1025
vn -0.9676 -0.0318 0.2505
vn -0.3214 -0.9451 0.0584
vn -0.9909 -0.1244 0.0523
vn -0.3835 -0.9233 0.0215
vn -0.9500 -0.1688 -0.2628
vn -0.2599 -0.9648 -0.0403
vn -0.8987 -0.0923 -0.4287
vn -0.2513 -0.9573 -0.1428
vn -0.8963 0.0084 -0.4434
vn -0.2644 -0.9474 -0.1802
vn -0.9007 0.0468 -0.4319
vn -0.2992 -0.9346 -0.1922
vn -0.8428 0.0404 -0.5367
vn -0.3111 -0.9188 -0.2430
vn -0.7222 0.0427 -0.6904
vn -0.2242 -0.9332 -0.2807
vn -0.6351 0.0648 -0.7697
vn -0.1858 -0.9282 -0.3224
vn -0.6125 0.0731 -0.7871
vn -0.1722 -0.9386 -0.2990
vn -0.1834 -0.9407 -0.2854
vn -0.6116 0.1896 -0.7681
vn -0.7127 0.1691 -0.6808
vn -0.7210 0.1146 -0.6834
vn -0.8530 0.1830 -0.4888
vn -0.8849 0.1590 -0.4378
vn -0.9095 0.1491 -0.3880
vn -0.9101 0.2115 -0.3562
vn -0.9289 0.1864 -0.3200
vn -0.9424 0.1591 -0.2943
vn -0.8727 0.2117 -0.4399
vn -0.8869 0.1781 -0.4263
vn -0.8943 0.1581 -0.4187
vn -0.7483 0.1754 -0.6397
vn -0.7434 0.1637 -0.6485
vn -0.7439 0.1551 -0.6500
vn -0.7438 0.1418 -0.6532
vn -0.7256 0.1521 -0.6711
vn -0.7226 0.1545 -0.6738
vn -0.9919 0.0941 -0.0859
vn -0.9879 0.1044 -0.1143
vn -0.9865 0.0919 -0.1357
vn -0.7279 0.1358 -0.6721
vn -0.9876 0.0628 -0.1436
vn -0.7335 0.0919 -0.6734
vn -0.9904 0.0383 -0.1324
vn -0.7362 0.0574 -0.6743
vn -0.9927 0.0411 -0.1130
vn -0.7367 0.0585 -0.6737
vn -0.9939 0.0472 -0.0995
vn -0.7376 0.0630 -0.6723
vn -0.8935 0.0090 0.4489
vn -0.8943 0.0145 0.4473
vn -0.8971 0.0020 0.4418
vn -0.9026 0.0068 0.4305
vn -0.9537 0.0053 0.3006
vn -0.9563 0.0049 0.2924
vn -0.9572 0.0022 0.2894
vn -0.9523 0.0100 0.3050
vn -0.9554 0.0075 0.2951
vn -0.8829 -0.0098 0.4694
vn -0.9533 0.0124 0.3019
vn -0.8759 -0.0066 0.4825
vn -0.7097 -0.0262 0.7040
vn -0.8690 -0.0033 0.4947
vn -0.6976 -0.0225 0.7162
vn -0.4236 -0.0236 0.9056
vn -0.6840 -0.0202 0.7292
vn -0.4192 -0.0239 0.9076
vn -0.6700 -0.0176 0.7422
vn -0.4115 -0.0249 0.9111
vn -0.6579 -0.0144 0.7530
vn -0.3996 -0.0245 0.9164
vn -0.0726 -0.0061 0.9973
vn -0.3863 -0.0271 0.9220
vn -0.0723 -0.0108 0.9973
vn 0.2279 0.0478 0.9725
vn -0.0615 -0.0191 0.9979
vn 0.2072 0.0322 0.9778
vn 0.3648 0.0985 0.9259
vn 0.1834 0.0181 0.9829
vn 0.3201 0.0851 0.9436
vn 0.3585 0.1192 0.9259
vn 0.2695 0.0879 0.9590
vn 0.3450 0.1210 0.9308
vn 0.3478 0.1173 0.9302
vn 0.1584 0.0602 0.9855
vn -0.0603 0.0466 0.9971
vn -0.0534 -0.0262 0.9982
vn -0.3707 -0.0471 0.9275
vn -0.3694 0.0466 0.9281
vn -0.3749 -0.0324 0.9265
vn -0.6462 -0.0222 0.7628
vn -0.6485 -0.0430 0.7600
vn -0.6496 -0.0157 0.7601
vn -0.8436 0.0067 0.5370
vn -0.8419 0.0052 0.5397
vn -0.8481 0.0058 0.5299
vn -0.9357 0.0307 0.3514
vn -0.9292 0.0353 0.3679
vn -0.8550 0.0021 0.5187
vn -0.9414 0.0243 0.3365
vn -0.9478 0.0357 0.3170
vn -0.9446 0.0461 0.3250
vn -0.8621 -0.0009 0.5067
vn -0.9462 0.0201 0.3229
vn -0.9497 0.0277 0.3120
vn -0.8942 0.0101 0.4476
vn -0.8979 0.0201 0.4398
vn -0.9503 0.0170 0.3110
vn -0.9504 0.0211 0.3102
vn -0.8914 0.0040 0.4531
vn -0.8919 0.0075 0.4521
vn -0.8867 0.0106 0.4622
vn -0.9511 0.0157 0.3084
vn -0.8908 0.0041 0.4544
vn -0.8943 0.0077 0.4473
vn -0.8930 0.0023 0.4501
vn -0.8940 0.0055 0.4480
vn -0.8833 0.0116 0.4686
vn -0.9957 0.0709 -0.0597
vn -0.8870 0.0077 0.4616
vn -0.9032 0.0306 0.4282
vn -0.8967 0.0073 0.4426
vn -0.9115 0.0405 0.4092
vn -0.9404 0.0564 0.3355
vn -0.9227 0.0552 0.3816
vn -0.9348 0.0690 0.3483
vn -0.9207 0.0415 0.3881
vn -0.9272 0.0792 0.3661
vn -0.9073 0.0383 0.4188
vn -0.8388 -0.0111 0.5444
vn -0.8850 0.1273 0.4479
vn -0.8233 0.0895 0.5605
vn -0.6460 0.0595 0.7610
vn -0.9143 0.1466 0.3776
vn -0.9384 0.1382 0.3166
vn -0.9350 0.0721 0.3473
vn -0.9236 0.0228 0.3828
vn -0.9442 0.0837 0.3187
vn -0.9076 0.0187 0.4195
vn -0.9980 0.0586 0.0236
vn -0.9958 0.0357 0.0841
vn -0.9981 0.0561 -0.0248
vn -0.7750 0.1364 -0.6170
vn -0.8191 0.1486 -0.5540
vn -0.7585 0.2062 -0.6182
vn -0.7802 0.2313 -0.5813
vn -0.8824 0.1421 -0.4484
vn -0.8385 0.1638 -0.5197
vn -0.9414 0.0571 -0.3324
vn -0.9948 0.0193 0.1002
vn -0.8542 0.2290 -0.4667
vn -0.8533 0.2451 -0.4603
vn -0.8914 0.2201 -0.3962
vn 0.3013 0.0166 0.9534
vn 0.3325 0.0767 0.9400
vn 0.3475 0.0107 0.9376
vn 0.1770 0.0500 0.9829
vn -0.2059 0.0661 0.9763
vn -0.3018 -0.5744 0.7609
vn -0.1987 -0.5779 0.7916
vn 0.5310 -0.5239 -0.6661
vn 0.5088 -0.5256 -0.6818
vn 0.4768 -0.5307 -0.7008
vn -0.8000 -0.5610 0.2126
vn -0.7786 -0.5634 0.2762
vn -0.0718 -0.6528 -0.7541
vn -0.3533 -0.6926 -0.6288
vn 0.4601 -0.6501 0.6047
vn 0.5994 -0.6431 0.4766
vn 0.7428 -0.6295 0.2280
vn 0.7813 -0.6112 0.1267
vn -0.7291 -0.6375 -0.2489
vn -0.7885 -0.6049 -0.1116
vn 0.2018 -0.6201 0.7582
vn 0.3157 -0.6318 0.7080
vn -0.8127 -0.5524 0.1854
vn 0.6836 -0.6356 0.3588
vn -0.1288 -0.5716 0.8103
vn -0.0817 -0.5806 0.8101
vn 0.7658 -0.5692 -0.2991
vn 0.6590 -0.5020 -0.5600
vn 0.1754 -0.6052 -0.7765
vn 0.4380 -0.5342 -0.7231
vn 0.4028 -0.5390 -0.7398
vn -0.5264 -0.5554 0.6438
vn -0.4201 -0.5657 0.7096
vn -0.7320 -0.5651 0.3807
vn -0.6776 -0.5525 0.4853
vn -0.0093 -0.5922 0.8058
vn -0.8252 -0.5631 0.0449
vn -0.8305 -0.5520 0.0743
vn -0.8123 -0.5828 -0.0217
vn 0.7938 -0.5990 0.1058
vn -0.5803 -0.5430 0.6070
vn 0.6142 -0.5187 -0.5948
vn 0.5797 -0.5200 -0.6274
vn -0.5952 -0.6737 -0.4380
vn 0.7992 -0.5977 0.0637
vn -0.8332 -0.5360 0.1364
vn 0.5531 -0.5216 -0.6496
vn 0.6481 -0.5123 -0.5635
vn 0.0920 -0.6081 0.7885
vn 0.3365 -0.5591 -0.7577
vn 0.6403 -0.5170 -0.5681
vn -0.6226 -0.5472 0.5595
vn -0.7219 -0.1129 0.6827
vn -0.7963 -0.1130 0.5943
vn -0.7965 -0.0951 0.5971
vn -0.7212 -0.0950 0.6861
vn 0.9843 -0.1390 0.1085
vn 0.9801 -0.1399 0.1412
vn 0.9833 -0.1172 0.1394
vn 0.9873 -0.1167 0.1080
vn -0.9764 -0.1152 0.1829
vn -0.9837 -0.1161 0.1376
vn -0.9858 -0.0980 0.1364
vn -0.9787 -0.0969 0.1809
vn 0.6911 -0.1019 -0.7155
vn 0.7316 -0.1027 -0.6740
vn 0.7339 -0.0854 -0.6738
vn 0.6932 -0.0848 -0.7157
vn -0.9662 -0.1143 0.2311
vn -0.9684 -0.0964 0.2299
vn 0.7684 -0.1042 -0.6314
vn 0.7819 -0.1054 -0.6145
vn 0.7841 -0.0876 -0.6144
vn 0.7705 -0.0871 -0.6315
vn -0.9906 -0.1284 -0.0471
vn -0.9768 -0.1372 -0.1646
vn -0.9798 -0.1124 -0.1653
vn -0.9932 -0.1060 -0.0474
vn -0.1694 -0.1197 0.9782
vn -0.2336 -0.1190 0.9650
vn -0.2334 -0.1003 0.9672
vn -0.1703 -0.1012 0.9802
vn -0.9917 -0.1226 0.0385
vn -0.9941 -0.1016 0.0385
vn 0.6574 -0.1018 -0.7466
vn 0.6593 -0.0849 -0.7471
vn -0.4977 -0.1720 -0.8501
vn -0.1489 -0.1600 -0.9758
vn -0.1553 -0.1299 -0.9793
vn -0.5039 -0.1387 -0.8526
vn -0.1264 -0.1215 0.9845
vn -0.1292 -0.1023 0.9863
vn -0.7848 -0.1658 -0.5972
vn -0.7885 -0.1339 -0.6002
vn -0.6639 -0.1127 0.7393
vn -0.6637 -0.0950 0.7419
vn 0.4556 -0.1142 -0.8829
vn 0.5014 -0.1100 -0.8582
vn 0.5017 -0.0915 -0.8602
vn 0.4556 -0.0943 -0.8852
vn 0.6144 -0.1498 0.7746
vn 0.4072 -0.1432 0.9021
vn 0.4078 -0.1192 0.9053
vn 0.6181 -0.1244 0.7762
vn 0.3629 -0.1230 -0.9237
vn 0.3621 -0.1005 -0.9267
vn -0.9405 -0.1138 0.3202
vn -0.9425 -0.0958 0.3202
vn -0.3488 -0.1174 0.9298
vn -0.3484 -0.0987 0.9321
vn -0.5959 -0.1139 0.7950
vn -0.5943 -0.0958 0.7985
vn 0.5948 -0.1035 -0.7972
vn 0.6270 -0.1023 -0.7723
vn 0.6286 -0.0855 -0.7730
vn 0.5960 -0.0866 -0.7983
vn -0.9888 -0.1194 0.0896
vn -0.9910 -0.0994 0.0898
vn -0.8790 -0.1138 0.4630
vn -0.8801 -0.0957 0.4650
vn -0.4758 -0.1155 0.8719
vn -0.4744 -0.0973 0.8749
vn -0.9252 -0.1508 -0.3482
vn -0.9283 -0.1226 -0.3509
vn 0.1483 -0.1413 -0.9788
vn 0.1429 -0.1151 -0.9830
vn 0.2550 -0.1373 0.9572
vn 0.2542 -0.1145 0.9604
vn 0.5520 -0.1062 -0.8271
vn 0.5529 -0.0886 -0.8285
vn 0.9490 -0.1445 0.2803
vn 0.8812 -0.1483 0.4488
vn 0.8852 -0.1237 0.4484
vn 0.9530 -0.1206 0.2779
vn 0.1053 -0.1313 0.9857
vn 0.1028 -0.1095 0.9887
vn 0.9397 -0.1269 -0.3177
vn 0.9888 -0.1385 0.0551
vn 0.9919 -0.1152 0.0528
vn 0.9413 -0.1057 -0.3205
vn 0.7888 -0.1504 0.5960
vn 0.7933 -0.1252 0.5957
vn -0.0323 -0.1254 0.9916
vn -0.0355 -0.1050 0.9938
vn 0.7609 -0.1037 -0.6405
vn 0.7630 -0.0865 -0.6406
vn 0.9017 -0.3057 -0.3058
vn 0.7551 -0.2510 -0.6056
vn 0.9101 -0.2622 -0.3209
vn 0.7614 -0.2183 -0.6104
vn -0.8523 -0.2717 0.4469
vn -0.7761 -0.2707 0.5696
vn -0.8603 -0.2361 0.4517
vn -0.7823 -0.2342 0.5772
vn 0.5774 -0.3492 0.7380
vn 0.7384 -0.3508 0.5760
vn 0.5871 -0.3042 0.7502
vn 0.7541 -0.3065 0.5809
vn 0.7424 -0.2483 -0.6222
vn 0.7355 -0.2480 -0.6304
vn 0.7498 -0.2155 -0.6256
vn 0.7427 -0.2144 -0.6343
vn 0.9012 -0.3369 0.2726
vn 0.9338 -0.3291 0.1405
vn 0.9138 -0.3004 0.2733
vn 0.9466 -0.2903 0.1403
vn 0.6383 -0.2425 -0.7306
vn 0.6075 -0.2440 -0.7559
vn 0.6435 -0.2130 -0.7352
vn 0.6136 -0.2140 -0.7601
vn -0.0224 -0.3003 0.9536
vn 0.1075 -0.3126 0.9438
vn -0.0270 -0.2599 0.9652
vn 0.1048 -0.2704 0.9570
vn 0.9383 -0.3278 0.1106
vn 0.9438 -0.3255 0.0565
vn 0.9514 -0.2875 0.1104
vn 0.9558 -0.2882 0.0585
vn 0.7090 -0.2455 -0.6611
vn 0.7149 -0.2131 -0.6659
vn -0.1117 -0.2926 0.9497
vn -0.1167 -0.2526 0.9605
vn 0.8324 -0.3457 0.4332
vn 0.8462 -0.3053 0.4367
vn 0.5362 -0.2539 -0.8050
vn 0.4916 -0.2610 -0.8308
vn 0.5429 -0.2175 -0.8111
vn 0.4961 -0.2231 -0.8391
vn 0.2459 -0.3256 0.9130
vn 0.2471 -0.2807 0.9274
vn 0.1559 -0.3245 -0.9330
vn -0.1356 -0.3677 -0.9200
vn 0.1626 -0.2863 -0.9442
vn -0.1311 -0.3226 -0.9374
vn 0.5763 -0.2477 -0.7788
vn 0.5828 -0.2144 -0.7838
vn 0.3903 -0.3381 0.8563
vn 0.3933 -0.2909 0.8722
vn -0.8768 -0.3482 -0.3316
vn -0.9355 -0.3183 -0.1532
vn -0.8933 -0.3065 -0.3288
vn -0.9473 -0.2816 -0.1527
vn 0.3596 -0.2852 -0.8885
vn 0.3652 -0.2497 -0.8968
vn -0.5856 -0.2741 0.7628
vn -0.4703 -0.2793 0.8371
vn -0.5902 -0.2341 0.7726
vn -0.4727 -0.2389 0.8482
vn -0.9555 -0.2817 0.0877
vn -0.9495 -0.2811 0.1396
vn -0.9645 -0.2489 0.0888
vn -0.9607 -0.2389 0.1411
vn -0.7311 -0.3814 -0.5656
vn -0.7515 -0.3309 -0.5708
vn -0.3438 -0.2824 0.8956
vn -0.3457 -0.2453 0.9057
vn -0.9085 -0.2719 0.3174
vn -0.9180 -0.2375 0.3175
vn -0.9569 -0.2878 0.0392
vn -0.9662 -0.2544 0.0409
vn -0.6480 -0.2716 0.7116
vn -0.6543 -0.2317 0.7199
vn -0.2283 -0.2862 0.9306
vn -0.2308 -0.2493 0.9405
vn -0.9337 -0.2722 0.2327
vn -0.9423 -0.2407 0.2327
vn 0.4495 -0.2677 -0.8522
vn 0.4533 -0.2313 -0.8608
vn -0.7037 -0.2706 0.6570
vn -0.7101 -0.2337 0.6642
vn -0.4652 -0.3932 -0.7931
vn -0.4730 -0.3429 -0.8116
vn -0.1564 -0.2902 0.9441
vn -0.1615 -0.2487 0.9550
vn 0.6709 -0.2431 -0.7005
vn 0.6762 -0.2125 -0.7054
vn -0.9528 -0.3006 -0.0423
vn -0.9635 -0.2646 -0.0405
vn -0.9435 -0.2736 0.1872
vn -0.9519 -0.2417 0.1881
vn -0.7713 -0.5070 0.3848
vn -0.7663 -0.5121 0.3879
vn 0.4784 -0.4884 0.7299
vn 0.5363 -0.4682 0.7023
vn 0.7993 -0.5022 -0.3299
vn 0.7601 -0.5180 -0.3923
vn -0.8342 -0.5475 0.0664
vn -0.7718 -0.5212 0.3642
vn 0.7290 -0.4882 0.4798
vn 0.8004 -0.4764 0.3639
vn -0.5007 -0.4602 -0.7332
vn -0.5397 -0.4612 -0.7042
vn 0.5593 -0.4648 0.6864
vn -0.6154 -0.4630 -0.6379
vn -0.6571 -0.4722 -0.5875
vn -0.7338 -0.5265 0.4294
vn 0.6495 -0.4831 0.5872
vn -0.5631 -0.5582 0.6094
vn -0.4303 -0.5682 0.7014
vn 0.8238 -0.5005 -0.2661
vn -0.7744 -0.5095 -0.3750
vn -0.8171 -0.5215 -0.2457
vn -0.7165 -0.4867 -0.4998
vn -0.6651 -0.5430 0.5127
vn -0.4018 -0.4559 -0.7941
vn -0.4493 -0.4604 -0.7656
vn 0.6900 -0.5311 -0.4918
vn 0.5251 -0.5513 -0.6484
vn 0.8206 -0.4759 0.3164
vn 0.8252 -0.4864 0.2871
vn 0.2681 -0.5407 -0.7974
vn 0.0328 -0.5133 -0.8576
vn 0.3835 -0.5128 0.7681
vn 0.0809 -0.5618 0.8233
vn 0.2737 -0.5296 0.8029
vn -0.7641 -0.5054 0.4010
vn -0.5784 -0.4629 -0.6717
vn 0.5955 -0.4764 0.6469
vn 0.8445 -0.5020 -0.1866
vn -0.2372 -0.4654 -0.8527
vn -0.3075 -0.4617 -0.8321
vn -0.3668 -0.4545 -0.8117
vn -0.1404 -0.4860 -0.8626
vn 0.8367 -0.4893 0.2459
vn 0.8630 -0.5036 0.0410
vn -0.2048 -0.5837 0.7857
vn 0.8066 -0.2346 0.5425
vn 0.7134 -0.2327 0.6610
vn 0.6990 -0.3064 0.6462
vn 0.7877 -0.3107 0.5319
vn 0.8807 -0.2358 0.4107
vn 0.8616 -0.3119 0.4005
vn 0.6010 -0.2828 -0.7476
vn 0.7775 -0.2760 -0.5651
vn 0.7596 -0.3516 -0.5471
vn 0.5861 -0.3597 -0.7260
vn 0.6460 -0.2321 0.7272
vn 0.6001 -0.2322 0.7654
vn 0.5910 -0.3053 0.7467
vn 0.6342 -0.3054 0.7103
vn -0.6557 -0.2192 -0.7225
vn -0.6079 -0.2179 -0.7635
vn -0.5949 -0.2783 -0.7541
vn -0.6407 -0.2814 -0.7144
vn 0.9652 -0.2588 0.0369
vn 0.9353 -0.2408 0.2592
vn 0.9125 -0.3179 0.2576
vn 0.9409 -0.3357 0.0445
vn -0.5125 -0.2793 0.8120
vn -0.6554 -0.2716 0.7048
vn -0.6385 -0.3584 0.6811
vn -0.4982 -0.3687 0.7848
vn -0.4420 -0.2206 -0.8695
vn -0.4006 -0.2226 -0.8888
vn -0.3960 -0.2828 -0.8736
vn -0.4356 -0.2799 -0.8555
vn -0.3313 -0.2270 -0.9158
vn -0.2522 -0.2332 -0.9392
vn -0.2514 -0.2963 -0.9214
vn -0.3298 -0.2889 -0.8987
vn -0.8670 -0.2533 0.4292
vn -0.8687 -0.2535 0.4255
vn -0.8474 -0.3309 0.4153
vn -0.8453 -0.3320 0.4187
vn 0.8549 -0.2694 -0.4433
vn 0.8343 -0.3452 -0.4297
vn 0.8913 -0.2660 -0.3672
vn 0.9186 -0.2630 -0.2950
vn 0.8949 -0.3413 -0.2877
vn 0.8690 -0.3419 -0.3576
vn -0.9585 -0.2679 0.0973
vn -0.9383 -0.2540 -0.2346
vn -0.9132 -0.3295 -0.2397
vn -0.9324 -0.3467 0.1017
vn 0.9043 -0.2368 0.3552
vn 0.8847 -0.3125 0.3459
vn 0.3204 -0.2768 -0.9060
vn 0.3056 -0.3511 -0.8850
vn 0.5777 -0.2326 0.7824
vn 0.5693 -0.3070 0.7627
vn 0.4159 -0.2457 0.8756
vn 0.2924 -0.2564 0.9213
vn 0.2920 -0.3385 0.8945
vn 0.4123 -0.3249 0.8512
vn 0.9451 -0.2604 -0.1976
vn 0.9198 -0.3405 -0.1953
vn -0.8930 -0.2453 -0.3774
vn -0.8698 -0.3183 -0.3770
vn -0.5598 -0.2178 -0.7995
vn -0.5495 -0.2769 -0.7883
vn -0.2608 -0.2834 0.9228
vn -0.2515 -0.3765 0.8916
vn -0.8566 -0.2536 0.4493
vn -0.8369 -0.3297 0.4370
vn -0.8211 -0.2347 -0.5203
vn -0.8001 -0.3033 -0.5176
vn -0.7499 -0.2262 -0.6217
vn -0.6978 -0.2217 -0.6811
vn -0.6810 -0.2852 -0.6744
vn -0.7312 -0.2919 -0.6165
vn -0.7656 -0.2630 0.5871
vn -0.7467 -0.3468 0.5676
vn -0.8373 -0.2559 0.4832
vn -0.8167 -0.3368 0.4686
vn 0.0728 -0.2725 0.9594
vn 0.0805 -0.3611 0.9291
vn -0.8734 -0.2542 0.4155
vn -0.8503 -0.3316 0.4086
vn 0.5190 -0.2372 0.8212
vn 0.5126 -0.3134 0.7993
vn -0.1409 -0.2427 -0.9598
vn -0.1469 -0.3084 -0.9398
vn -0.4988 -0.2186 -0.8387
vn -0.4912 -0.2776 -0.8256
vn 0.0569 -0.2598 -0.9640
vn 0.0459 -0.3295 -0.9430
vn 0.9182 -0.2378 0.3167
vn 0.8972 -0.3143 0.3104
vn 0.0568 -0.2688 -0.9615
vn -0.1407 -0.2506 -0.9578
vn 0.0535 -0.2689 -0.9617
vn -0.1429 -0.2506 -0.9575
vn 0.9428 -0.2725 -0.1921
vn 0.9159 -0.2743 -0.2930
vn 0.9421 -0.2731 -0.1944
vn 0.9159 -0.2753 -0.2922
vn -0.7486 -0.2349 -0.6200
vn -0.8180 -0.2440 -0.5210
vn -0.7494 -0.2276 -0.6218
vn -0.8194 -0.2365 -0.5222
vn 0.9151 -0.2497 0.3166
vn 0.9320 -0.2529 0.2596
vn 0.9162 -0.2455 0.3168
vn 0.9324 -0.2502 0.2607
vn 0.9015 -0.2485 0.3543
vn 0.9028 -0.2425 0.3551
vn 0.3195 -0.2866 -0.9032
vn 0.3170 -0.2873 -0.9038
vn 0.5157 -0.2501 0.8194
vn 0.5766 -0.2452 0.7794
vn 0.5194 -0.2391 0.8204
vn 0.5778 -0.2340 0.7819
vn -0.4428 -0.2260 -0.8677
vn -0.4973 -0.2241 -0.8381
vn -0.4427 -0.2217 -0.8688
vn -0.4982 -0.2204 -0.8386
vn -0.9557 -0.2780 0.0969
vn -0.8720 -0.2645 0.4119
vn -0.9574 -0.2719 0.0975
vn -0.8719 -0.2607 0.4146
vn -0.5583 -0.2229 -0.7991
vn -0.5592 -0.2199 -0.7993
vn 0.6472 -0.2421 0.7228
vn 0.7096 -0.2428 0.6615
vn 0.6475 -0.2283 0.7271
vn 0.7129 -0.2295 0.6627
vn -0.8628 -0.2645 0.4308
vn -0.8321 -0.2680 0.4855
vn -0.8651 -0.2579 0.4302
vn -0.8354 -0.2607 0.4839
vn -0.2573 -0.2968 0.9196
vn 0.0723 -0.2858 0.9556
vn -0.2580 -0.2948 0.9201
vn 0.0771 -0.2812 0.9565
vn -0.2528 -0.2401 -0.9372
vn -0.2531 -0.2382 -0.9376
vn 0.4154 -0.2587 0.8721
vn 0.4180 -0.2481 0.8739
vn -0.8541 -0.2639 0.4481
vn -0.8560 -0.2561 0.4492
vn 0.2941 -0.2693 0.9171
vn 0.2960 -0.2601 0.9191
vn -0.6556 -0.2258 -0.7205
vn -0.6982 -0.2295 -0.6781
vn -0.6559 -0.2223 -0.7214
vn -0.6985 -0.2232 -0.6799
vn -0.7615 -0.2761 0.5864
vn -0.7649 -0.2674 0.5860
vn -0.6548 -0.2852 0.7000
vn -0.6565 -0.2771 0.7016
vn -0.8891 -0.2548 -0.3804
vn -0.8903 -0.2495 -0.3811
vn -0.8656 -0.2642 0.4253
vn -0.8674 -0.2574 0.4258
vn -0.5098 -0.2930 0.8089
vn -0.5124 -0.2869 0.8094
vn -0.6075 -0.2234 -0.7623
vn -0.6081 -0.2207 -0.7626
vn -0.9355 -0.2639 -0.2349
vn -0.9364 -0.2595 -0.2362
vn 0.9617 -0.2710 0.0409
vn 0.9638 -0.2633 0.0428
vn 0.6028 -0.2433 0.7599
vn 0.6017 -0.2304 0.7648
vn 0.5994 -0.2925 -0.7451
vn 0.5991 -0.2941 -0.7447
vn 0.8766 -0.2475 0.4128
vn 0.8788 -0.2408 0.4119
vn 0.8884 -0.2761 -0.3667
vn 0.8520 -0.2783 -0.4434
vn 0.8892 -0.2753 -0.3654
vn 0.8529 -0.2791 -0.4412
vn 0.7754 -0.2849 -0.5636
vn 0.7760 -0.2851 -0.5626
vn -0.3323 -0.2331 -0.9139
vn -0.4016 -0.2282 -0.8869
vn -0.3326 -0.2316 -0.9142
vn -0.4012 -0.2248 -0.8880
vn 0.8011 -0.2458 0.5458
vn 0.8044 -0.2373 0.5446
vn 0.3782 0.4133 -0.8283
vn 0.4465 0.3668 -0.8162
vn 0.1323 0.3522 -0.9265
vn 0.1710 0.3594 -0.9174
vn 0.1387 0.3750 -0.9166
vn -0.8217 0.4747 0.3154
vn -0.8173 0.5020 0.2828
vn -0.1085 0.3471 0.9316
vn -0.0913 0.3971 0.9132
vn -0.0309 0.3544 0.9346
vn 0.0259 0.3550 0.9345
vn 0.3133 0.4541 -0.8340
vn 0.5006 0.4569 -0.7353
vn -0.6363 0.4101 -0.6535
vn -0.5148 0.3581 -0.7789
vn -0.5087 0.3467 -0.7880
vn -0.4472 0.3763 -0.8114
vn 0.8791 0.4209 0.2238
vn 0.8054 0.4566 0.3781
vn -0.8709 0.4179 -0.2586
vn -0.8585 0.4498 -0.2462
vn -0.1897 0.4159 0.8894
vn -0.3942 0.4303 0.8121
vn -0.3846 0.4252 0.8193
vn -0.1956 0.3176 0.9278
vn -0.0473 0.3197 0.9464
vn 0.3802 0.4714 0.7957
vn 0.3963 0.4770 0.7845
vn 0.3868 0.4259 0.8179
vn -0.1614 0.3950 -0.9044
vn 0.2159 0.4359 -0.8737
vn -0.4392 0.3681 -0.8195
vn -0.3672 0.3582 -0.8584
vn 0.6637 0.4942 0.5615
vn 0.6512 0.5368 0.5365
vn 0.8819 0.4572 -0.1146
vn 0.2802 0.4219 0.8623
vn 0.1473 0.4121 0.8991
vn -0.3875 0.4298 0.8155
vn 0.1030 0.3289 0.9387
vn -0.2210 0.4578 -0.8612
vn -0.8604 0.4810 0.1683
vn 0.7101 0.5149 -0.4803
vn 0.8289 0.4262 -0.3623
vn 0.0868 0.3045 0.9486
vn -0.6312 0.4595 0.6249
vn -0.7114 0.4531 0.5373
vn 0.8609 0.4424 -0.2513
vn 0.8047 0.5227 0.2813
vn 0.8216 0.5259 0.2201
vn -0.8535 0.4943 -0.1651
vn -0.8578 0.4715 -0.2046
vn -0.0145 0.2857 0.9582
vn 0.0310 0.2812 0.9591
vn 0.0329 0.2733 0.9614
vn -0.7804 0.4181 0.4650
vn -0.8512 0.4274 0.3045
vn 0.3616 0.4556 -0.8134
vn 0.4059 0.4714 -0.7830
vn 0.3610 0.3638 -0.8587
vn 0.8576 0.4342 -0.2756
vn -0.6437 0.4397 0.6263
vn 0.2678 0.3899 -0.8810
vn -0.8078 0.4405 -0.3917
vn -0.2916 0.4500 -0.8441
vn -0.2177 0.4749 -0.8527
vn 0.5703 0.5181 0.6375
vn 0.5727 0.4994 0.6500
vn -0.2654 0.4046 -0.8752
vn -0.2022 0.4576 -0.8659
vn -0.4617 0.3961 -0.7937
vn 0.3490 0.3974 -0.8487
vn 0.2093 0.4539 -0.8661
vn -0.0877 0.3312 0.9395
vn 0.7694 0.4877 0.4126
vn 0.0249 0.2991 0.9539
vn 0.6286 0.5282 0.5708
vn 0.5252 0.4663 0.7119
vn -0.8916 0.4475 -0.0699
vn 0.5251 0.3967 -0.7529
vn 0.4956 0.4988 -0.7111
vn -0.5123 0.3781 -0.7711
vn 0.5965 0.6236 -0.5052
vn -0.1787 0.1537 -0.9718
vn -0.2346 0.1552 -0.9596
vn -0.2290 0.1550 -0.9610
vn -0.1832 0.1535 -0.9710
vn -0.5281 0.1731 -0.8314
vn -0.6736 0.1923 -0.7136
vn -0.6581 0.1896 -0.7287
vn -0.5251 0.1726 -0.8333
vn 0.3469 0.1625 0.9237
vn 0.4030 0.1644 0.9003
vn 0.3448 0.1624 0.9245
vn 0.4963 0.1572 -0.8538
vn 0.2603 0.1536 -0.9532
vn 0.2471 0.1527 -0.9569
vn 0.4990 0.1570 -0.8523
vn -0.2422 0.1547 -0.9578
vn -0.3483 0.1595 -0.9237
vn -0.3447 0.1590 -0.9252
vn -0.2350 0.1543 -0.9597
vn -0.0884 0.1407 0.9861
vn -0.2242 0.1389 0.9646
vn -0.2245 0.1390 0.9645
vn -0.0904 0.1410 0.9859
vn 0.4749 0.1639 -0.8646
vn 0.4695 0.1634 -0.8677
vn 0.4673 0.1632 -0.8689
vn 0.4772 0.1642 -0.8633
vn 0.1519 0.1487 -0.9771
vn 0.1884 0.1491 -0.9707
vn 0.1871 0.1493 -0.9709
vn 0.1523 0.1488 -0.9771
vn -0.4370 0.1764 0.8820
vn -0.2755 0.1646 0.9471
vn -0.2782 0.1643 0.9464
vn -0.4395 0.1765 0.8807
vn 0.9558 0.2068 0.2090
vn 0.9696 0.2163 -0.1148
vn 0.9660 0.2159 -0.1425
vn 0.9580 0.2071 0.1983
vn -0.9366 0.2163 -0.2758
vn -0.9520 0.2167 -0.2164
vn -0.9521 0.2168 -0.2158
vn -0.9374 0.2159 -0.2732
vn 0.1082 0.1470 -0.9832
vn 0.1103 0.1470 -0.9830
vn 0.7411 0.1848 0.6455
vn 0.7729 0.1866 0.6065
vn 0.7725 0.1865 0.6069
vn 0.7447 0.1850 0.6413
vn -0.4372 0.1656 -0.8840
vn -0.5092 0.1694 -0.8438
vn -0.5166 0.1697 -0.8392
vn -0.4217 0.1643 -0.8917
vn 0.4662 0.1630 -0.8695
vn 0.4680 0.1632 -0.8685
vn 0.0268 0.1451 0.9891
vn 0.1361 0.1529 0.9788
vn 0.1219 0.1521 0.9808
vn 0.0323 0.1455 0.9888
vn 0.2211 0.1504 -0.9636
vn -0.0716 0.1550 -0.9853
vn -0.0659 0.1544 -0.9858
vn 0.2298 0.1497 -0.9617
vn 0.9209 0.2105 -0.3280
vn 0.9211 0.2104 -0.3274
vn 0.0354 0.1375 0.9899
vn -0.0076 0.1393 0.9902
vn -0.0091 0.1395 0.9902
vn 0.0343 0.1377 0.9899
vn 0.2921 0.1487 -0.9448
vn 0.4581 0.1561 -0.8751
vn 0.4640 0.1564 -0.8719
vn 0.3036 0.1498 -0.9410
vn 0.7884 0.1882 0.5857
vn 0.7900 0.1883 0.5835
vn -0.5113 0.1840 0.8394
vn -0.4265 0.1752 0.8874
vn -0.4244 0.1750 0.8884
vn -0.5151 0.1838 0.8372
vn 0.7022 0.1926 -0.6854
vn 0.4858 0.1652 -0.8583
vn 0.4808 0.1645 -0.8613
vn 0.6885 0.1905 -0.6998
vn -0.9008 0.2120 0.3788
vn -0.8956 0.2116 0.3913
vn -0.8958 0.2115 0.3910
vn -0.9008 0.2120 0.3789
vn 0.9536 0.2051 0.2205
vn 0.9421 0.2030 0.2669
vn 0.9415 0.2029 0.2692
vn 0.9529 0.2051 0.2234
vn 0.6085 0.1765 0.7736
vn 0.6715 0.1803 0.7187
vn 0.6743 0.1805 0.7161
vn 0.6106 0.1766 0.7720
vn -0.8598 0.2119 -0.4647
vn -0.8581 0.2109 -0.4682
vn 0.0221 0.1471 0.9889
vn 0.1079 0.1490 0.9829
vn 0.1090 0.1490 0.9828
vn 0.0196 0.1470 0.9889
vn -0.3501 0.1589 -0.9231
vn -0.3562 0.1594 -0.9207
vn -0.9408 0.2167 -0.2605
vn -0.9733 0.2222 -0.0580
vn -0.9724 0.2216 -0.0729
vn -0.9378 0.2160 -0.2718
vn 0.0156 0.1390 0.9902
vn 0.0334 0.1379 0.9899
vn 0.0346 0.1378 0.9899
vn 0.0156 0.1389 0.9902
vn 0.2861 0.1477 -0.9467
vn 0.2801 0.1480 -0.9485
vn -0.4868 0.1686 -0.8571
vn -0.5149 0.1716 -0.8399
vn -0.5154 0.1716 -0.8396
vn -0.4820 0.1679 -0.8599
vn -0.7990 0.2031 0.5660
vn -0.7420 0.2016 0.6394
vn -0.7515 0.2016 0.6282
vn -0.7958 0.2030 0.5706
vn 0.3586 0.1558 -0.9204
vn 0.2069 0.1420 -0.9680
vn 0.2103 0.1424 -0.9672
vn 0.3349 0.1535 -0.9297
vn -0.2575 0.1543 -0.9539
vn -0.2626 0.1545 -0.9525
vn 0.8873 0.2080 -0.4116
vn 0.8634 0.2061 -0.4604
vn 0.8640 0.2059 -0.4595
vn 0.8875 0.2079 -0.4113
vn 0.8992 0.2007 0.3887
vn 0.9527 0.2053 0.2241
vn 0.9536 0.2054 0.2202
vn 0.9052 0.2014 0.3743
vn 0.4286 0.1659 0.8881
vn 0.5170 0.1714 0.8387
vn 0.5189 0.1715 0.8374
vn 0.4284 0.1659 0.8882
vn -0.9651 0.2214 0.1399
vn -0.9253 0.2156 0.3119
vn -0.9256 0.2155 0.3112
vn -0.9661 0.2213 0.1327
vn -0.1147 0.1439 0.9829
vn -0.0099 0.1447 0.9894
vn -0.0061 0.1447 0.9895
vn -0.1170 0.1436 0.9827
vn -0.9319 0.2145 -0.2926
vn -0.9296 0.2143 -0.2999
vn -0.1359 0.1517 0.9790
vn -0.0597 0.1457 0.9875
vn -0.0576 0.1454 0.9877
vn -0.1358 0.1514 0.9791
vn -0.4577 0.1656 -0.8735
vn -0.4570 0.1658 -0.8739
vn -0.8546 0.2088 0.4755
vn -0.7848 0.2031 0.5855
vn -0.7860 0.2031 0.5839
vn -0.8569 0.2087 0.4714
vn 0.4994 0.1655 -0.8504
vn 0.5021 0.1656 -0.8488
vn 0.9140 0.2102 -0.3469
vn 0.9140 0.2102 -0.3471
vn 0.8205 0.1914 0.5387
vn 0.8215 0.1915 0.5371
vn 0.7701 0.2111 0.6019
vn 0.7982 0.2162 0.5623
vn 0.8049 0.1723 0.5679
vn 0.8040 0.1628 0.5719
vn 0.8211 0.1888 0.5387
vn 0.7902 0.1863 0.5838
vn -0.8670 0.2591 0.4257
vn -0.9160 0.2681 0.2984
vn -0.8543 0.2738 0.4418
vn -0.9044 0.2401 0.3527
vn -0.8550 0.2067 0.4757
vn -0.8954 0.2101 0.3925
vn -0.4673 0.2400 -0.8509
vn -0.4656 0.2289 -0.8549
vn -0.4862 0.1689 -0.8574
vn -0.4572 0.1659 -0.8738
vn -0.4864 0.1685 -0.8573
vn -0.4575 0.1650 -0.8737
vn 0.9083 0.2679 -0.3212
vn 0.9161 0.2564 -0.3083
vn 0.9138 0.2104 -0.3475
vn 0.9222 0.2103 -0.3245
vn 0.9139 0.2103 -0.3472
vn 0.9213 0.2104 -0.3271
vn -0.1263 0.1959 0.9725
vn -0.2566 0.2199 0.9412
vn -0.1361 0.1517 0.9790
vn -0.2754 0.1647 0.9471
vn -0.1360 0.1519 0.9790
vn -0.2755 0.1650 0.9470
vn -0.9325 0.2405 -0.2694
vn -0.9289 0.2406 -0.2816
vn -0.9411 0.2163 -0.2598
vn -0.9322 0.2141 -0.2918
vn -0.9409 0.2170 -0.2601
vn -0.9319 0.2142 -0.2927
vn 0.5043 0.2098 -0.8377
vn 0.4323 0.2149 -0.8757
vn 0.4956 0.1656 -0.8526
vn 0.4669 0.1635 -0.8690
vn 0.4977 0.1650 -0.8515
vn 0.4665 0.1629 -0.8694
vn -0.1046 0.1760 0.9788
vn -0.2147 0.1798 0.9600
vn -0.1159 0.1437 0.9828
vn -0.2237 0.1388 0.9647
vn -0.1147 0.1441 0.9829
vn -0.2243 0.1388 0.9646
vn -0.9010 0.2650 0.3434
vn -0.9151 0.2625 0.3060
vn -0.9041 0.2181 0.3674
vn -0.9255 0.2156 0.3115
vn -0.9007 0.2111 0.3796
vn -0.9253 0.2153 0.3121
vn 0.1478 0.2020 -0.9682
vn 0.1351 0.1932 -0.9718
vn 0.1525 0.1450 -0.9776
vn 0.1113 0.1417 -0.9836
vn 0.1508 0.1469 -0.9776
vn 0.1084 0.1460 -0.9833
vn 0.4551 0.1930 0.8693
vn 0.4319 0.2001 0.8794
vn 0.4409 0.1411 0.8864
vn 0.4161 0.1497 0.8969
vn 0.3059 0.1381 -0.9420
vn 0.3582 0.1585 -0.9201
vn 0.2734 0.2082 -0.9391
vn 0.3434 0.1679 -0.9240
vn 0.2281 0.1665 -0.9593
vn 0.2959 0.1535 -0.9428
vn -0.2297 0.1689 -0.9585
vn -0.2794 0.1649 -0.9459
vn -0.2464 0.1554 -0.9566
vn -0.2692 0.1563 -0.9503
vn -0.2443 0.1529 -0.9576
vn -0.2621 0.1554 -0.9525
vn 0.8866 0.2274 0.4028
vn 0.8955 0.2020 0.3966
vn 0.8991 0.1988 0.3899
vn -0.4445 0.2447 -0.8617
vn -0.3573 0.2356 -0.9038
vn -0.4357 0.1664 -0.8846
vn -0.3533 0.1591 -0.9219
vn -0.4362 0.1630 -0.8850
vn -0.3522 0.1568 -0.9227
vn -0.5302 0.2649 -0.8054
vn -0.5124 0.2592 -0.8187
vn -0.5287 0.1737 -0.8308
vn -0.5146 0.1719 -0.8400
vn -0.5286 0.1735 -0.8309
vn -0.5147 0.1715 -0.8400
vn 0.8736 0.2834 -0.3957
vn 0.8877 0.2083 -0.4106
vn 0.8874 0.2080 -0.4113
vn -0.9256 0.2875 -0.2463
vn -0.8440 0.3092 -0.4382
vn -0.9364 0.2166 -0.2761
vn -0.8595 0.2124 -0.4649
vn -0.9364 0.2167 -0.2761
vn -0.8595 0.2126 -0.4648
vn -0.9488 0.2736 0.1581
vn -0.9597 0.2705 -0.0764
vn -0.9651 0.2210 0.1404
vn -0.9734 0.2215 -0.0586
vn -0.9651 0.2214 0.1401
vn -0.9732 0.2224 -0.0577
vn 0.3437 0.1991 -0.9177
vn 0.3585 0.1560 -0.9204
vn 0.3585 0.1551 -0.9206
vn -0.8014 0.2165 0.5576
vn -0.7689 0.2159 0.6018
vn -0.7780 0.2843 0.5603
vn -0.7676 0.2833 0.5749
vn -0.7996 0.2019 0.5656
vn -0.7860 0.2013 0.5845
vn -0.2542 0.1115 -0.9607
vn -0.1159 0.1252 -0.9853
vn -0.2391 0.1961 -0.9510
vn -0.0751 0.2245 -0.9716
vn -0.1877 0.1764 -0.9662
vn -0.0646 0.1773 -0.9820
vn 0.0014 0.2210 0.9753
vn -0.0876 0.2071 0.9744
vn 0.0155 0.1390 0.9902
vn -0.0597 0.1458 0.9875
vn 0.0155 0.1391 0.9902
vn -0.0597 0.1459 0.9875
vn -0.5095 0.2351 -0.8277
vn -0.5048 0.1694 -0.8464
vn -0.5067 0.1676 -0.8457
vn -0.0068 0.1684 0.9857
vn 0.0081 0.1618 0.9868
vn 0.0230 0.1472 0.9888
vn -0.0099 0.1451 0.9894
vn 0.0220 0.1471 0.9889
vn -0.0097 0.1448 0.9894
vn -0.9450 0.2605 -0.1977
vn -0.9519 0.2168 -0.2166
vn -0.9519 0.2166 -0.2166
vn 0.6183 0.2425 0.7476
vn 0.4902 0.2155 0.8445
vn 0.6284 0.1329 0.7665
vn 0.5326 0.1373 0.8351
vn 0.6086 0.1765 0.7736
vn 0.9431 0.2276 0.2423
vn 0.9565 0.2301 0.1792
vn 0.9547 0.1947 0.2250
vn 0.9578 0.2011 0.2054
vn 0.9535 0.2048 0.2211
vn 0.9526 0.2043 0.2255
vn -0.4262 0.1997 0.8823
vn -0.6962 0.2134 0.6854
vn -0.4609 0.2097 0.8624
vn -0.6944 0.2709 0.6667
vn -0.5119 0.1845 0.8390
vn -0.7424 0.2015 0.6389
vn 0.7006 0.2242 -0.6774
vn 0.8209 0.2601 -0.5084
vn 0.7028 0.1918 -0.6851
vn 0.8615 0.2059 -0.4642
vn 0.7022 0.1926 -0.6855
vn 0.8628 0.2061 -0.4615
vn 0.0341 0.2224 0.9744
vn 0.0317 0.2263 0.9735
vn 0.0355 0.1375 0.9899
vn 0.0334 0.1380 0.9899
vn 0.0353 0.1375 0.9899
vn 0.0335 0.1379 0.9899
vn 0.3064 0.1850 -0.9338
vn 0.2217 0.1749 -0.9593
vn 0.2912 0.1483 -0.9451
vn 0.2106 0.1423 -0.9672
vn 0.2918 0.1480 -0.9450
vn 0.2090 0.1418 -0.9676
vn 0.0644 0.1792 0.9817
vn 0.0926 0.1869 0.9780
vn 0.0285 0.1455 0.9889
vn 0.1065 0.1493 0.9830
vn 0.1080 0.1490 0.9829
vn -0.2651 0.1495 -0.9526
vn -0.2871 0.1670 -0.9432
vn -0.2527 0.1676 -0.9529
vn 0.6935 0.2170 0.6870
vn 0.6668 0.2289 0.7093
vn 0.7314 0.1493 0.6654
vn 0.6797 0.1327 0.7214
vn 0.7411 0.1846 0.6455
vn 0.6717 0.1802 0.7186
vn 0.1949 0.1870 -0.9628
vn 0.2093 0.1502 -0.9662
vn 0.1938 0.1490 -0.9697
vn 0.9412 0.2682 0.2052
vn 0.9080 0.2427 0.3414
vn 0.9561 0.2083 0.2059
vn 0.9394 0.1985 0.2795
vn 0.9561 0.2067 0.2077
vn 0.9422 0.2029 0.2667
vn -0.3068 0.2087 -0.9286
vn -0.3455 0.1594 -0.9248
vn -0.3462 0.1573 -0.9249
vn 0.5068 0.2344 -0.8296
vn 0.5173 0.2114 -0.8293
vn 0.4742 0.1648 -0.8649
vn 0.4902 0.1663 -0.8556
vn 0.4747 0.1638 -0.8648
vn 0.4871 0.1655 -0.8575
vn -0.4318 0.2309 0.8719
vn -0.4126 0.2126 0.8858
vn -0.4366 0.1766 0.8821
vn -0.4161 0.1788 0.8915
vn -0.4266 0.1752 0.8873
vn -0.6622 0.2933 -0.6895
vn -0.6740 0.1930 -0.7130
vn -0.6737 0.1931 -0.7133
vn 0.4665 0.1554 -0.8708
vn 0.4130 0.1747 -0.8938
vn 0.4885 0.1507 -0.8595
vn 0.4528 0.1536 -0.8783
vn 0.4950 0.1564 -0.8547
vn 0.4575 0.1552 -0.8756
vn -0.0715 0.1946 0.9783
vn 0.0066 0.2125 0.9771
vn -0.0886 0.1408 0.9861
vn -0.0075 0.1393 0.9902
vn -0.0883 0.1405 0.9861
vn -0.0075 0.1392 0.9902
vn 0.3381 0.1876 0.9222
vn 0.1539 0.1696 0.9734
vn 0.3548 0.1560 0.9219
vn 0.1403 0.1511 0.9785
vn 0.7673 0.2164 0.6037
vn 0.7796 0.1647 0.6042
vn 0.7739 0.1860 0.6054
vn 0.9557 0.2618 -0.1347
vn 0.9693 0.2163 -0.1172
vn 0.9696 0.2162 -0.1144
vn 0.4544 0.2431 -0.8570
vn 0.4688 0.1640 -0.8680
vn 0.4695 0.1635 -0.8677
vn 0.3269 0.1737 -0.9290
vn 0.2646 0.1452 -0.9534
vn 0.2610 0.1528 -0.9532
vt 0.444277 0.954445
vt 0.261411 0.858736
vt 0.406241 0.365900
vt 0.309258 0.772889
vt 0.263788 0.883904
vt 0.439937 0.753111
vt 0.455894 0.942183
vt 0.269523 0.379670
vt 0.451599 0.947907
vt 0.460574 0.950817
vt 0.530210 0.034657
vt 0.456420 0.959598
vt 0.437568 0.946974
vt 0.445602 0.941043
vt 0.431541 0.960628
vt 0.505169 0.035656
vt 0.425765 0.951527
vt 0.263491 0.842624
vt 0.275946 0.839025
vt 0.275412 0.851006
vt 0.266646 0.869746
vt 0.259204 0.879246
vt 0.252888 0.873752
vt 0.245003 0.870546
vt 0.249275 0.856878
vt 0.252422 0.844112
vt 0.276768 0.862905
vt 0.391499 0.361746
vt 0.397008 0.350381
vt 0.411128 0.351232
vt 0.390433 0.378510
vt 0.381992 0.372823
vt 0.425678 0.361983
vt 0.427196 0.372816
vt 0.411602 0.377251
vt 0.426241 0.350433
vt 0.396534 0.386003
vt 0.302994 0.760257
vt 0.315307 0.759176
vt 0.321090 0.770009
vt 0.328828 0.778109
vt 0.391105 0.779508
vt 0.325585 0.782722
vt 0.393593 0.784595
vt 0.395689 0.790126
vt 0.323415 0.788194
vt 0.307888 0.782389
vt 0.289251 0.778694
vt 0.288296 0.769905
vt 0.269748 0.879979
vt 0.271036 0.889886
vt 0.263129 0.891811
vt 0.255820 0.889812
vt 0.428964 0.744478
vt 0.432548 0.732387
vt 0.444069 0.735563
vt 0.427780 0.765499
vt 0.421567 0.756784
vt 0.443351 0.769364
vt 0.431289 0.776968
vt 0.455442 0.736755
vt 0.454709 0.749780
vt 0.455450 0.764388
vt 0.462306 0.942250
vt 0.453562 0.935793
vt 0.462047 0.933113
vt 0.264832 0.392561
vt 0.250833 0.388584
vt 0.252562 0.376770
vt 0.284365 0.390988
vt 0.278965 0.399652
vt 0.282126 0.373094
vt 0.291710 0.384084
vt 0.252016 0.364728
vt 0.264474 0.364404
vt 0.276131 0.361812
vt 0.262394 0.352357
vt 0.273779 0.350835
vt 0.285715 0.348559
vt 0.288004 0.358390
vt 0.292889 0.368305
vt 0.300305 0.355174
vt 0.303893 0.364447
vt 0.308817 0.373998
vt 0.299944 0.378601
vt 0.312607 0.381292
vt 0.366961 0.375304
vt 0.305737 0.387001
vt 0.373818 0.381057
vt 0.300085 0.393184
vt 0.379519 0.387321
vt 0.384465 0.394119
vt 0.295219 0.399806
vt 0.400962 0.394644
vt 0.389019 0.401604
vt 0.290731 0.407037
vt 0.404649 0.403878
vt 0.286765 0.414982
vt 0.393106 0.409816
vt 0.274813 0.409012
vt 0.261374 0.403503
vt 0.396993 0.418479
vt 0.283007 0.423364
vt 0.271237 0.418514
vt 0.258438 0.414123
vt 0.246190 0.411238
vt 0.248454 0.400065
vt 0.268050 0.428120
vt 0.255822 0.424568
vt 0.244075 0.422206
vt 0.232613 0.420790
vt 0.234328 0.409592
vt 0.253435 0.434983
vt 0.242111 0.433065
vt 0.230977 0.431889
vt 0.219972 0.431234
vt 0.221323 0.420013
vt 0.240279 0.443890
vt 0.229457 0.442954
vt 0.218702 0.442431
vt 0.208038 0.442172
vt 0.209077 0.430924
vt 0.228034 0.454023
vt 0.217521 0.453632
vt 0.207075 0.453446
vt 0.196640 0.453364
vt 0.197418 0.442081
vt 0.216439 0.464904
vt 0.206195 0.464770
vt 0.195930 0.464703
vt 0.185607 0.464639
vt 0.186162 0.453327
vt 0.205414 0.476186
vt 0.195306 0.476121
vt 0.185137 0.476029
vt 0.174915 0.475902
vt 0.175246 0.464554
vt 0.194774 0.487647
vt 0.184737 0.487521
vt 0.174639 0.487352
vt 0.164481 0.487133
vt 0.164632 0.475733
vt 0.184378 0.499136
vt 0.174405 0.498911
vt 0.164363 0.498644
vt 0.154269 0.498357
vt 0.154270 0.486895
vt 0.174197 0.510603
vt 0.164265 0.510280
vt 0.154279 0.509937
vt 0.144258 0.509617
vt 0.144130 0.498071
vt 0.164164 0.522065
vt 0.154287 0.521643
vt 0.144366 0.521231
vt 0.134417 0.520872
vt 0.134208 0.509336
vt 0.154224 0.533419
vt 0.144387 0.532870
vt 0.134492 0.532368
vt 0.124570 0.531926
vt 0.124442 0.520587
vt 0.144139 0.544489
vt 0.134289 0.543793
vt 0.124398 0.543165
vt 0.114463 0.542590
vt 0.114590 0.531538
vt 0.133639 0.555108
vt 0.123815 0.554300
vt 0.113978 0.553551
vt 0.104129 0.552892
vt 0.104486 0.542061
vt 0.122599 0.564539
vt 0.774829 0.040834
vt 0.112876 0.563660
vt 0.765041 0.041153
vt 0.103136 0.562945
vt 0.755274 0.041545
vt 0.745567 0.041989
vt 0.093430 0.562332
vt 0.094306 0.552320
vt 0.765418 0.050394
vt 0.755659 0.050660
vt 0.745959 0.051045
vt 0.736252 0.051460
vt 0.735808 0.042463
vt 0.083720 0.561801
vt 0.755985 0.060323
vt 0.746315 0.060626
vt 0.736674 0.060982
vt 0.727019 0.061456
vt 0.726530 0.052045
vt 0.746707 0.073895
vt 0.737192 0.074265
vt 0.727633 0.074665
vt 0.718111 0.075161
vt 0.717371 0.062063
vt 0.737785 0.086712
vt 0.728344 0.087179
vt 0.719015 0.087423
vt 0.672523 0.081756
vt 0.709685 0.088349
vt 0.708656 0.075665
vt 0.674774 0.069783
vt 0.666378 0.067799
vt 0.667962 0.055589
vt 0.677010 0.057418
vt 0.707634 0.062796
vt 0.665378 0.077743
vt 0.656996 0.079779
vt 0.658225 0.067517
vt 0.649436 0.066962
vt 0.650888 0.053501
vt 0.659684 0.054567
vt 0.648474 0.079638
vt 0.639715 0.079313
vt 0.640596 0.066370
vt 0.631747 0.065770
vt 0.633088 0.051783
vt 0.642010 0.052575
vt 0.630866 0.078928
vt 0.622292 0.078543
vt 0.622803 0.065304
vt 0.613932 0.065015
vt 0.615124 0.051132
vt 0.624165 0.051339
vt 0.613318 0.078261
vt 0.604706 0.077847
vt 0.605062 0.064859
vt 0.596199 0.064911
vt 0.597021 0.051354
vt 0.606061 0.051146
vt 0.596236 0.077484
vt 0.587647 0.077336
vt 0.587254 0.065044
vt 0.578228 0.065378
vt 0.578895 0.051983
vt 0.587995 0.051620
vt 0.578428 0.077225
vt 0.569173 0.076758
vt 0.568943 0.065666
vt 0.559510 0.066007
vt 0.560361 0.052879
vt 0.569706 0.052405
vt 0.559776 0.077143
vt 0.549980 0.076514
vt 0.549736 0.066399
vt 0.539288 0.066807
vt 0.540429 0.053827
vt 0.550662 0.053316
vt 0.539792 0.076788
vt 0.528071 0.077713
vt 0.528071 0.067303
vt 0.516549 0.067510
vt 0.517653 0.054493
vt 0.529478 0.054271
vt 0.517046 0.078098
vt 0.506043 0.078261
vt 0.505087 0.067458
vt 0.493922 0.067458
vt 0.464541 0.074060
vt 0.466288 0.061650
vt 0.493048 0.054989
vt 0.505184 0.054678
vt 0.463430 0.083508
vt 0.495151 0.076684
vt 0.453886 0.083167
vt 0.454693 0.072075
vt 0.445571 0.070491
vt 0.447133 0.058888
vt 0.456256 0.060110
vt 0.444742 0.082027
vt 0.436456 0.080109
vt 0.436989 0.069158
vt 0.428844 0.068210
vt 0.430177 0.056896
vt 0.438537 0.057859
vt 0.428978 0.079376
vt 0.421603 0.077873
vt 0.420959 0.067529
vt 0.413228 0.066766
vt 0.414250 0.055363
vt 0.422106 0.056111
vt 0.413673 0.077103
vt 0.406387 0.076784
vt 0.405439 0.066189
vt 0.397894 0.065700
vt 0.399049 0.053957
vt 0.406579 0.054652
vt 0.398279 0.076858
vt 0.390726 0.077177
vt 0.390423 0.065063
vt 0.382952 0.064567
vt 0.384292 0.052446
vt 0.391674 0.053246
vt 0.383352 0.076932
vt 0.375614 0.076148
vt 0.375473 0.064123
vt 0.367862 0.063597
vt 0.369209 0.050987
vt 0.376791 0.051661
vt 0.367862 0.076466
vt 0.360213 0.076296
vt 0.360168 0.063160
vt 0.352312 0.062790
vt 0.353460 0.049692
vt 0.361442 0.050336
vt 0.352675 0.075873
vt 0.345108 0.075185
vt 0.344286 0.062375
vt 0.336252 0.062035
vt 0.337081 0.048870
vt 0.345345 0.049218
vt 0.336822 0.075118
vt 0.328685 0.074133
vt 0.328322 0.061916
vt 0.320244 0.061783
vt 0.320407 0.048892
vt 0.328840 0.048744
vt 0.320621 0.074385
vt 0.312765 0.074208
vt 0.312084 0.061864
vt 0.303739 0.062175
vt 0.303043 0.049788
vt 0.311855 0.049158
vt 0.304976 0.073400
vt 0.297068 0.074519
vt 0.295254 0.062731
vt 0.287435 0.063293
vt 0.248217 0.064888
vt 0.249772 0.053160
vt 0.285539 0.051439
vt 0.294077 0.050602
vt 0.246233 0.074358
vt 0.289545 0.072741
vt 0.239006 0.075832
vt 0.240420 0.064540
vt 0.232054 0.064044
vt 0.232890 0.051642
vt 0.241613 0.052382
vt 0.231113 0.076106
vt 0.222731 0.075861
vt 0.223420 0.063689
vt 0.214624 0.063341
vt 0.215083 0.050316
vt 0.224020 0.050946
vt 0.213905 0.075995
vt 0.204909 0.075625
vt 0.205672 0.062985
vt 0.196475 0.062630
vt 0.196772 0.049250
vt 0.205975 0.049746
vt 0.195779 0.075773
vt 0.186554 0.075536
vt 0.187235 0.062274
vt 0.177905 0.061919
vt 0.178142 0.048384
vt 0.187516 0.048798
vt 0.177202 0.075513
vt 0.167835 0.075350
vt 0.168479 0.061578
vt 0.158972 0.061289
vt 0.159068 0.047562
vt 0.168635 0.047969
vt 0.158424 0.075365
vt 0.148858 0.075276
vt 0.149406 0.061008
vt 0.139846 0.060697
vt 0.139765 0.046792
vt 0.149391 0.047162
vt 0.139254 0.074899
vt 0.129651 0.074410
vt 0.130339 0.060334
vt 0.120958 0.059897
vt 0.120721 0.046074
vt 0.130191 0.046429
vt 0.120136 0.073536
vt 0.110858 0.072367
vt 0.111724 0.059394
vt 0.102610 0.058942
vt 0.102373 0.045385
vt 0.111436 0.045718
vt 0.102062 0.071211
vt 0.093088 0.070552
vt 0.093784 0.058587
vt 0.085113 0.058232
vt 0.085039 0.044637
vt 0.093569 0.045029
vt 0.084402 0.069523
vt 0.076109 0.069346
vt 0.076509 0.057906
vt 0.067927 0.057758
vt 0.068379 0.043697
vt 0.076672 0.044208
vt 0.067446 0.069775
vt 0.058427 0.067805
vt 0.907560 0.088171
vt 0.059279 0.057387
vt 0.907464 0.077716
vt 0.898468 0.077486
vt 0.899134 0.063018
vt 0.908101 0.063529
vt 0.059938 0.043164
vt 0.897994 0.090651
vt 0.888731 0.090807
vt 0.889368 0.077079
vt 0.880149 0.076605
vt 0.880793 0.061944
vt 0.890019 0.062478
vt 0.879527 0.090999
vt 0.870213 0.090829
vt 0.870879 0.076220
vt 0.861549 0.075820
vt 0.862208 0.060997
vt 0.871523 0.061448
vt 0.860883 0.090429
vt 0.851479 0.090029
vt 0.852139 0.075435
vt 0.842631 0.075043
vt 0.843216 0.060278
vt 0.852775 0.060604
vt 0.841965 0.089289
vt 0.832495 0.088808
vt 0.833043 0.074673
vt 0.823454 0.074325
vt 0.823891 0.059871
vt 0.833561 0.060034
vt 0.822869 0.087904
vt 0.813502 0.087416
vt 0.813858 0.073999
vt 0.804210 0.073792
vt 0.804373 0.059775
vt 0.814146 0.059782
vt 0.803877 0.086557
vt 0.794051 0.086024
vt 0.794651 0.073495
vt 0.784951 0.073318
vt 0.784980 0.059886
vt 0.794673 0.059805
vt 0.784944 0.085498
vt 0.775125 0.085646
vt 0.775332 0.073347
vt 0.765773 0.073295
vt 0.765640 0.060182
vt 0.775281 0.060056
vt 0.765662 0.085128
vt 0.756621 0.085305
vt 0.756214 0.073473
vt 0.747144 0.085068
vt 0.775118 0.050134
vt 0.784877 0.049934
vt 0.784595 0.040568
vt 0.132304 0.565552
vt 0.794421 0.040331
vt 0.141991 0.566669
vt 0.794651 0.049764
vt 0.804299 0.040131
vt 0.151660 0.567898
vt 0.804461 0.049653
vt 0.814243 0.039976
vt 0.161364 0.569074
vt 0.814317 0.049586
vt 0.824239 0.039902
vt 0.171066 0.570183
vt 0.824172 0.049564
vt 0.834220 0.039946
vt 0.180791 0.571121
vt 0.833990 0.049653
vt 0.844082 0.040072
vt 0.190464 0.571846
vt 0.843727 0.049823
vt 0.853782 0.040249
vt 0.200034 0.572374
vt 0.853323 0.050083
vt 0.863290 0.040494
vt 0.209437 0.572805
vt 0.862794 0.050401
vt 0.872641 0.040812
vt 0.218709 0.573300
vt 0.872138 0.050786
vt 0.881963 0.041212
vt 0.227956 0.573922
vt 0.881430 0.051230
vt 0.891397 0.041679
vt 0.237319 0.574673
vt 0.890738 0.051741
vt 0.901022 0.042145
vt 0.246891 0.575468
vt 0.900119 0.052282
vt 0.910500 0.042508
vt 0.062004 0.022068
vt 0.256346 0.576120
vt 0.433312 0.572602
vt 0.909374 0.052815
vt 0.061093 0.032412
vt 0.070023 0.022772
vt 0.441338 0.572506
vt 0.069260 0.033123
vt 0.077627 0.023475
vt 0.448921 0.572446
vt 0.077124 0.033797
vt 0.085357 0.024223
vt 0.456688 0.572432
vt 0.085202 0.034360
vt 0.093606 0.024919
vt 0.464966 0.572402
vt 0.093628 0.034915
vt 0.102314 0.025622
vt 0.473629 0.572187
vt 0.102358 0.035389
vt 0.111413 0.026289
vt 0.482625 0.571721
vt 0.111399 0.035841
vt 0.120854 0.026896
vt 0.491851 0.570995
vt 0.120721 0.036292
vt 0.130554 0.027555
vt 0.501262 0.570055
vt 0.130236 0.036751
vt 0.140365 0.028273
vt 0.510777 0.569048
vt 0.139898 0.037233
vt 0.150176 0.028873
vt 0.520366 0.567959
vt 0.149620 0.037721
vt 0.159935 0.029406
vt 0.529954 0.566797
vt 0.159335 0.038158
vt 0.169597 0.029784
vt 0.539477 0.565568
vt 0.168976 0.038565
vt 0.179179 0.030147
vt 0.548969 0.564257
vt 0.178505 0.038965
vt 0.188612 0.030561
vt 0.558350 0.563221
vt 0.187916 0.039358
vt 0.198016 0.030850
vt 0.567658 0.562028
vt 0.197275 0.039832
vt 0.207382 0.031465
vt 0.577002 0.561184
vt 0.206523 0.040387
vt 0.216630 0.032190
vt 0.586198 0.560392
vt 0.215653 0.041068
vt 0.225856 0.033153
vt 0.595380 0.559748
vt 0.224782 0.041875
vt 0.235015 0.034175
vt 0.604509 0.559400
vt 0.233831 0.042741
vt 0.244160 0.035307
vt 0.613654 0.559133
vt 0.242827 0.043682
vt 0.252964 0.036114
vt 0.284022 0.033876
vt 0.622458 0.558904
vt 0.113641 0.958984
vt 0.251224 0.044467
vt 0.284495 0.042502
vt 0.293025 0.033009
vt 0.122371 0.957274
vt 0.293677 0.041776
vt 0.302392 0.031877
vt 0.131212 0.955408
vt 0.302784 0.040762
vt 0.311751 0.030795
vt 0.140201 0.953979
vt 0.312010 0.039777
vt 0.321043 0.030114
vt 0.149197 0.952661
vt 0.320903 0.039422
vt 0.330255 0.029751
vt 0.158327 0.951839
vt 0.329847 0.039096
vt 0.339236 0.029774
vt 0.167464 0.951225
vt 0.338562 0.039111
vt 0.348047 0.030011
vt 0.176660 0.950928
vt 0.347100 0.039392
vt 0.356644 0.030447
vt 0.185745 0.950751
vt 0.355422 0.039851
vt 0.364922 0.030966
vt 0.194586 0.950580
vt 0.363537 0.040540
vt 0.372837 0.031566
vt 0.203027 0.950691
vt 0.371401 0.041228
vt 0.380331 0.032373
vt 0.211009 0.950795
vt 0.379013 0.041947
vt 0.387461 0.033224
vt 0.218510 0.951202
vt 0.386410 0.042805
vt 0.394562 0.034290
vt 0.226003 0.951935
vt 0.393718 0.043664
vt 0.401892 0.035379
vt 0.233770 0.952817
vt 0.401063 0.044545
vt 0.409319 0.036482
vt 0.241841 0.953549
vt 0.408519 0.045345
vt 0.416797 0.037504
vt 0.249712 0.954194
vt 0.416087 0.046256
vt 0.424505 0.038429
vt 0.257731 0.954986
vt 0.423869 0.047144
vt 0.432458 0.039429
vt 0.265846 0.955786
vt 0.431888 0.048011
vt 0.440625 0.040295
vt 0.274058 0.956874
vt 0.440136 0.049033
vt 0.448799 0.040977
vt 0.282136 0.958185
vt 0.448510 0.049899
vt 0.456626 0.041665
vt 0.289851 0.959673
vt 0.457092 0.050787
vt 0.464770 0.042628
vt 0.487650 0.036619
vt 0.297915 0.961146
vt 0.414081 0.962523
vt 0.466673 0.052083
vt 0.491323 0.045549
vt 0.505036 0.045104
vt 0.518837 0.044712
vt 0.445246 0.962597
vt 0.518956 0.037944
vt 0.531055 0.044297
vt 0.542628 0.034309
vt 0.469081 0.960117
vt 0.541813 0.043764
vt 0.552209 0.033938
vt 0.478899 0.959939
vt 0.551713 0.043275
vt 0.561368 0.033442
vt 0.488377 0.959783
vt 0.561117 0.042831
vt 0.570217 0.033198
vt 0.497551 0.959820
vt 0.570246 0.042535
vt 0.578991 0.033094
vt 0.506747 0.959998
vt 0.579243 0.042187
vt 0.587935 0.032894
vt 0.516107 0.960265
vt 0.588350 0.041994
vt 0.597050 0.032820
vt 0.525562 0.960635
vt 0.597369 0.041735
vt 0.606217 0.032783
vt 0.535040 0.961183
vt 0.606454 0.041602
vt 0.615502 0.032828
vt 0.544577 0.961738
vt 0.615569 0.041580
vt 0.624839 0.033057
vt 0.554084 0.962404
vt 0.624720 0.041735
vt 0.634235 0.033465
vt 0.563480 0.963286
vt 0.633887 0.042165
vt 0.643698 0.034094
vt 0.572706 0.964322
vt 0.642980 0.042905
vt 0.653190 0.035205
vt 0.581806 0.965529
vt 0.652028 0.043897
vt 0.662542 0.036619
vt 0.590810 0.966980
vt 0.661039 0.045127
vt 0.671472 0.038018
vt 0.599510 0.968565
vt 0.669665 0.046415
vt 0.680883 0.039943
vt 0.706279 0.044840
vt 0.608743 0.971009
vt 0.054336 0.561025
vt 0.679002 0.048444
vt 0.706745 0.053563
vt 0.716171 0.043974
vt 0.064224 0.561135
vt 0.716749 0.052719
vt 0.074014 0.561403
vt 0.726012 0.043093
vt 0.064824 0.551488
vt 0.074697 0.551576
vt 0.084502 0.551867
vt 0.074567 0.541008
vt 0.084554 0.541188
vt 0.094510 0.541570
vt 0.084389 0.530473
vt 0.094491 0.530760
vt 0.104566 0.531145
vt 0.094297 0.519861
vt 0.104420 0.520118
vt 0.114461 0.520355
vt 0.104090 0.508934
vt 0.114148 0.509023
vt 0.124169 0.509143
vt 0.113705 0.497599
vt 0.123829 0.497663
vt 0.133971 0.497830
vt 0.123424 0.486260
vt 0.133714 0.486414
vt 0.144006 0.486643
vt 0.133462 0.475139
vt 0.143901 0.475333
vt 0.154297 0.475543
vt 0.143823 0.464140
vt 0.154365 0.464293
vt 0.164832 0.464441
vt 0.154481 0.453160
vt 0.165087 0.453236
vt 0.175654 0.453292
vt 0.165419 0.442125
vt 0.176125 0.442109
vt 0.186785 0.442080
vt 0.176663 0.430976
vt 0.187470 0.430875
vt 0.198264 0.430833
vt 0.188200 0.419697
vt 0.199169 0.419598
vt 0.210189 0.419666
vt 0.200105 0.408376
vt 0.211346 0.408400
vt 0.222731 0.408737
vt 0.212510 0.397147
vt 0.224160 0.397416
vt 0.236097 0.398259
vt 0.225501 0.386127
vt 0.237825 0.386831
vt 0.226537 0.375028
vt 0.239105 0.375478
vt 0.227009 0.364097
vt 0.239435 0.364300
vt 0.226955 0.353148
vt 0.239030 0.353112
vt 0.250933 0.352994
vt 0.238457 0.341960
vt 0.250093 0.341636
vt 0.261504 0.341039
vt 0.249419 0.330569
vt 0.260833 0.330060
vt 0.272299 0.329335
vt 0.272929 0.340004
vt 0.283984 0.328327
vt 0.284722 0.338503
vt 0.296072 0.327002
vt 0.297044 0.336673
vt 0.298257 0.346061
vt 0.309820 0.334707
vt 0.311087 0.343730
vt 0.312790 0.352523
vt 0.323708 0.341756
vt 0.372883 0.734593
vt 0.325028 0.350406
vt 0.372565 0.743271
vt 0.326485 0.359149
vt 0.372158 0.752023
vt 0.315215 0.361400
vt 0.328085 0.367967
vt 0.371565 0.760864
vt 0.318361 0.370348
vt 0.329537 0.374331
vt 0.371173 0.767328
vt 0.350205 0.368396
vt 0.320982 0.376863
vt 0.358683 0.370847
vt 0.351797 0.362050
vt 0.362089 0.364442
vt 0.372411 0.368151
vt 0.365998 0.355401
vt 0.378756 0.358400
vt 0.368894 0.346227
vt 0.382992 0.348522
vt 0.370841 0.336875
vt 0.385220 0.338474
vt 0.399200 0.339282
vt 0.386657 0.328212
vt 0.400296 0.328338
vt 0.414009 0.327923
vt 0.413076 0.339289
vt 0.427492 0.327575
vt 0.427003 0.338911
vt 0.440879 0.327405
vt 0.440798 0.338622
vt 0.440857 0.349825
vt 0.454052 0.338497
vt 0.454392 0.349677
vt 0.454970 0.360806
vt 0.441227 0.360895
vt 0.455829 0.371920
vt 0.442212 0.371831
vt 0.456947 0.383101
vt 0.443700 0.382908
vt 0.429565 0.383627
vt 0.415356 0.387321
vt 0.445463 0.394104
vt 0.431964 0.394585
vt 0.418525 0.397636
vt 0.434349 0.405595
vt 0.421480 0.408054
vt 0.408093 0.413370
vt 0.424227 0.418561
vt 0.411343 0.423055
vt 0.400584 0.427564
vt 0.279420 0.432140
vt 0.414431 0.432933
vt 0.276037 0.441242
vt 0.403998 0.436946
vt 0.265135 0.437887
vt 0.407308 0.446579
vt 0.272872 0.450655
vt 0.262433 0.447816
vt 0.251226 0.445435
vt 0.259888 0.457948
vt 0.249154 0.455972
vt 0.238566 0.454739
vt 0.247183 0.466639
vt 0.236954 0.465682
vt 0.226710 0.465163
vt 0.235473 0.476775
vt 0.225516 0.476423
vt 0.215471 0.476267
vt 0.224455 0.487850
vt 0.214627 0.487775
vt 0.204734 0.487724
vt 0.213894 0.499456
vt 0.204141 0.499401
vt 0.194298 0.499297
vt 0.203613 0.511238
vt 0.193872 0.511093
vt 0.184062 0.510884
vt 0.193466 0.523051
vt 0.183758 0.522794
vt 0.173995 0.522450
vt 0.183425 0.534906
vt 0.173748 0.534477
vt 0.164009 0.533969
vt 0.173364 0.546613
vt 0.163671 0.545955
vt 0.153931 0.545217
vt 0.162948 0.557940
vt 0.153208 0.556987
vt 0.143444 0.556014
vt 0.172656 0.558811
vt 0.182994 0.547169
vt 0.182307 0.559537
vt 0.192566 0.547571
vt 0.191899 0.560073
vt 0.202075 0.547858
vt 0.201382 0.560464
vt 0.211503 0.548162
vt 0.210753 0.560822
vt 0.220812 0.548633
vt 0.220003 0.561339
vt 0.229964 0.549303
vt 0.229216 0.562044
vt 0.239022 0.550035
vt 0.238492 0.562843
vt 0.248015 0.550585
vt 0.247912 0.563532
vt 0.256860 0.550747
vt 0.429913 0.547383
vt 0.257199 0.563842
vt 0.432283 0.560325
vt 0.437903 0.545879
vt 0.440176 0.559392
vt 0.445796 0.544665
vt 0.447751 0.558867
vt 0.453770 0.544398
vt 0.455481 0.558845
vt 0.462145 0.545154
vt 0.463626 0.559215
vt 0.471038 0.546257
vt 0.472244 0.559578
vt 0.480352 0.547094
vt 0.481293 0.559689
vt 0.489896 0.547419
vt 0.490615 0.559489
vt 0.499581 0.547412
vt 0.500122 0.559067
vt 0.509289 0.547108
vt 0.509755 0.558423
vt 0.519070 0.546457
vt 0.519462 0.557578
vt 0.528740 0.545465
vt 0.529132 0.556542
vt 0.538247 0.544302
vt 0.538677 0.555401
vt 0.547710 0.543125
vt 0.548140 0.554217
vt 0.557225 0.542066
vt 0.557595 0.553099
vt 0.566777 0.541126
vt 0.567065 0.552106
vt 0.576410 0.540289
vt 0.576447 0.551166
vt 0.586080 0.539615
vt 0.585821 0.550403
vt 0.595772 0.539178
vt 0.595202 0.549863
vt 0.605546 0.539016
vt 0.604643 0.549545
vt 0.615616 0.539267
vt 0.614261 0.549559
vt 0.625716 0.540037
vt 0.110813 0.939977
vt 0.623820 0.550041
vt 0.112486 0.950077
vt 0.120075 0.938089
vt 0.121416 0.948137
vt 0.129457 0.936467
vt 0.130553 0.946493
vt 0.138897 0.934972
vt 0.139890 0.944871
vt 0.148612 0.933802
vt 0.149286 0.943731
vt 0.158230 0.932743
vt 0.158838 0.942702
vt 0.168115 0.931973
vt 0.168315 0.941999
vt 0.177763 0.931129
vt 0.177822 0.941421
vt 0.187544 0.930389
vt 0.187137 0.940903
vt 0.197237 0.929767
vt 0.196200 0.940495
vt 0.206359 0.929596
vt 0.204797 0.940459
vt 0.214704 0.930189
vt 0.212808 0.940799
vt 0.222219 0.931625
vt 0.220257 0.941688
vt 0.229490 0.933491
vt 0.227558 0.942968
vt 0.236902 0.935105
vt 0.235295 0.944087
vt 0.244173 0.936157
vt 0.243055 0.944997
vt 0.252237 0.936845
vt 0.250934 0.945819
vt 0.259989 0.937171
vt 0.258804 0.946389
vt 0.268297 0.937474
vt 0.267023 0.947056
vt 0.276730 0.937808
vt 0.275316 0.947804
vt 0.285135 0.938267
vt 0.283431 0.948685
vt 0.293235 0.939178
vt 0.291199 0.949907
vt 0.409557 0.942331
vt 0.301602 0.940851
vt 0.299144 0.951846
vt 0.411667 0.953438
vt 0.421826 0.941124
vt 0.303860 0.929285
vt 0.408061 0.930625
vt 0.418761 0.929729
vt 0.428860 0.926952
vt 0.432489 0.937555
vt 0.439079 0.921636
vt 0.441744 0.931676
vt 0.449600 0.916490
vt 0.451444 0.926352
vt 0.459418 0.912654
vt 0.460877 0.923087
vt 0.468518 0.909781
vt 0.469829 0.920599
vt 0.470814 0.931128
vt 0.478885 0.918607
vt 0.479877 0.929329
vt 0.480010 0.939932
vt 0.470858 0.941287
vt 0.479344 0.950269
vt 0.469985 0.950876
vt 0.489014 0.939029
vt 0.488488 0.949810
vt 0.497944 0.938755
vt 0.497329 0.949788
vt 0.506947 0.939147
vt 0.506355 0.950084
vt 0.516210 0.939821
vt 0.515603 0.950565
vt 0.525740 0.940547
vt 0.525081 0.951105
vt 0.535373 0.941272
vt 0.534640 0.951676
vt 0.545206 0.942013
vt 0.544362 0.952298
vt 0.555032 0.942879
vt 0.553995 0.953060
vt 0.564872 0.943842
vt 0.563680 0.953941
vt 0.574720 0.944952
vt 0.573298 0.955000
vt 0.584516 0.946248
vt 0.582880 0.956266
vt 0.594260 0.947810
vt 0.592328 0.957747
vt 0.604056 0.949736
vt 0.601798 0.959621
vt 0.054361 0.541390
vt 0.613971 0.952135
vt 0.611490 0.961997
vt 0.054877 0.551581
vt 0.064515 0.541067
vt 0.616385 0.941983
vt 0.053545 0.531105
vt 0.063937 0.530612
vt 0.074221 0.530396
vt 0.063159 0.520155
vt 0.073689 0.519775
vt 0.084059 0.519704
vt 0.072995 0.509175
vt 0.083566 0.508912
vt 0.093922 0.508864
vt 0.082812 0.498107
vt 0.093293 0.497803
vt 0.103557 0.497647
vt 0.092390 0.486744
vt 0.102809 0.486382
vt 0.113132 0.486232
vt 0.101955 0.475255
vt 0.112497 0.475022
vt 0.122996 0.475006
vt 0.111876 0.463990
vt 0.122580 0.463922
vt 0.133223 0.463997
vt 0.122215 0.452992
vt 0.133041 0.453001
vt 0.143801 0.453072
vt 0.132929 0.442113
vt 0.143836 0.442120
vt 0.154668 0.442128
vt 0.143969 0.431245
vt 0.154932 0.431175
vt 0.165820 0.431079
vt 0.155272 0.420272
vt 0.166275 0.420082
vt 0.177241 0.419878
vt 0.166768 0.409120
vt 0.177856 0.408816
vt 0.188960 0.408541
vt 0.178458 0.397792
vt 0.189708 0.397445
vt 0.201028 0.397206
vt 0.190392 0.386425
vt 0.201865 0.386129
vt 0.213559 0.385981
vt 0.202544 0.375168
vt 0.214385 0.374985
vt 0.202996 0.364305
vt 0.214859 0.364121
vt 0.203234 0.353464
vt 0.214993 0.353254
vt 0.203301 0.342592
vt 0.214924 0.342343
vt 0.226669 0.342156
vt 0.214745 0.331413
vt 0.226324 0.331180
vt 0.237910 0.330925
vt 0.225944 0.320251
vt 0.237412 0.320000
vt 0.248833 0.319691
vt 0.236939 0.309155
vt 0.248296 0.308907
vt 0.259643 0.308609
vt 0.260214 0.319280
vt 0.271078 0.308262
vt 0.271680 0.318769
vt 0.282637 0.307852
vt 0.283311 0.318112
vt 0.294319 0.307171
vt 0.295183 0.317142
vt 0.306611 0.306157
vt 0.307673 0.315869
vt 0.308721 0.325396
vt 0.319961 0.314321
vt 0.373550 0.707130
vt 0.321218 0.323700
vt 0.373350 0.716519
vt 0.373157 0.725686
vt 0.322476 0.332865
vt 0.385226 0.716993
vt 0.384760 0.726270
vt 0.384130 0.735341
vt 0.396244 0.727137
vt 0.395215 0.736481
vt 0.393408 0.745789
vt 0.383183 0.744219
vt 0.390284 0.755162
vt 0.381554 0.753148
vt 0.385974 0.764455
vt 0.379036 0.762123
vt 0.382864 0.770993
vt 0.337802 0.770224
vt 0.377148 0.768379
vt 0.343696 0.767610
vt 0.344126 0.367818
vt 0.335373 0.763878
vt 0.342060 0.761590
vt 0.344437 0.361517
vt 0.332693 0.754660
vt 0.344977 0.352506
vt 0.340734 0.752809
vt 0.353692 0.353143
vt 0.345933 0.343243
vt 0.340231 0.743649
vt 0.355462 0.344087
vt 0.347095 0.333862
vt 0.340134 0.734298
vt 0.357128 0.334898
vt 0.340246 0.724701
vt 0.348346 0.324265
vt 0.358772 0.325413
vt 0.372374 0.327175
vt 0.360423 0.315632
vt 0.373795 0.317172
vt 0.387790 0.317750
vt 0.375217 0.306887
vt 0.388730 0.307139
vt 0.401858 0.306561
vt 0.401118 0.317439
vt 0.415193 0.305799
vt 0.414645 0.316787
vt 0.428262 0.305399
vt 0.427884 0.316409
vt 0.441242 0.305236
vt 0.441027 0.316269
vt 0.453978 0.305132
vt 0.453889 0.316187
vt 0.453904 0.327316
vt 0.466469 0.316106
vt 0.466550 0.327257
vt 0.466750 0.338452
vt 0.478819 0.327205
vt 0.479005 0.338452
vt 0.479308 0.349722
vt 0.467121 0.349670
vt 0.479767 0.361028
vt 0.467676 0.360895
vt 0.480382 0.372364
vt 0.468424 0.372120
vt 0.481107 0.383723
vt 0.469312 0.383390
vt 0.481981 0.395103
vt 0.470393 0.394711
vt 0.458294 0.394363
vt 0.471652 0.406077
vt 0.459849 0.405677
vt 0.447380 0.405336
vt 0.461552 0.417028
vt 0.449394 0.416591
vt 0.436688 0.416621
vt 0.451445 0.427816
vt 0.438954 0.427609
vt 0.426803 0.429112
vt 0.441087 0.438545
vt 0.429254 0.439678
vt 0.417370 0.442965
vt 0.431535 0.450362
vt 0.420177 0.453191
vt 0.410358 0.456478
vt 0.269888 0.460343
vt 0.422820 0.463624
vt 0.267165 0.470296
vt 0.413202 0.466600
vt 0.257459 0.468260
vt 0.415919 0.476996
vt 0.264601 0.480554
vt 0.255188 0.478826
vt 0.245346 0.477500
vt 0.253121 0.489697
vt 0.243695 0.488629
vt 0.234154 0.488077
vt 0.242257 0.500106
vt 0.233002 0.499677
vt 0.223535 0.499515
vt 0.232041 0.511611
vt 0.222765 0.511435
vt 0.213256 0.511341
vt 0.222116 0.523610
vt 0.212691 0.523409
vt 0.203120 0.523243
vt 0.212135 0.535699
vt 0.202628 0.535464
vt 0.193054 0.535225
vt 0.221505 0.536027
vt 0.231277 0.523901
vt 0.230628 0.536513
vt 0.240162 0.524343
vt 0.239511 0.537096
vt 0.248783 0.524884
vt 0.248198 0.537605
vt 0.257172 0.525329
vt 0.425226 0.522119
vt 0.256690 0.537846
vt 0.427485 0.534595
vt 0.433593 0.520149
vt 0.435637 0.532803
vt 0.442168 0.518261
vt 0.443848 0.531130
vt 0.451120 0.517661
vt 0.452267 0.530612
vt 0.460812 0.518890
vt 0.461234 0.531648
vt 0.470852 0.521089
vt 0.470660 0.533418
vt 0.480760 0.523029
vt 0.480293 0.534891
vt 0.490667 0.524118
vt 0.490052 0.535676
vt 0.500477 0.524399
vt 0.499915 0.535883
vt 0.509896 0.524088
vt 0.509563 0.535698
vt 0.519314 0.523303
vt 0.519196 0.535054
vt 0.528651 0.522289
vt 0.528703 0.534040
vt 0.538033 0.521208
vt 0.538114 0.532877
vt 0.547599 0.520260
vt 0.547584 0.531781
vt 0.557351 0.519557
vt 0.557180 0.530878
vt 0.567176 0.518950
vt 0.566821 0.530064
vt 0.577269 0.518439
vt 0.576706 0.529375
vt 0.587457 0.518039
vt 0.586650 0.528827
vt 0.597712 0.517868
vt 0.596646 0.528523
vt 0.608086 0.518054
vt 0.606746 0.528546
vt 0.618726 0.518683
vt 0.617119 0.529005
vt 0.629240 0.519616
vt 0.107821 0.919023
vt 0.627419 0.529856
vt 0.109272 0.929618
vt 0.117639 0.917283
vt 0.118824 0.927782
vt 0.127406 0.915802
vt 0.128413 0.926227
vt 0.137231 0.914528
vt 0.138009 0.924828
vt 0.147205 0.913455
vt 0.147909 0.923702
vt 0.157283 0.912566
vt 0.157705 0.922703
vt 0.167397 0.911789
vt 0.167745 0.921888
vt 0.177719 0.911130
vt 0.177830 0.921081
vt 0.188018 0.910493
vt 0.187944 0.920289
vt 0.198555 0.910019
vt 0.198222 0.919682
vt 0.208780 0.909804
vt 0.208099 0.919460
vt 0.217984 0.910115
vt 0.216925 0.920045
vt 0.225966 0.911396
vt 0.224596 0.921481
vt 0.233333 0.913410
vt 0.231941 0.923702
vt 0.240360 0.915372
vt 0.238901 0.925546
vt 0.246565 0.916742
vt 0.245462 0.926694
vt 0.254191 0.917949
vt 0.253384 0.927501
vt 0.261959 0.918364
vt 0.261115 0.927767
vt 0.270511 0.917927
vt 0.269504 0.927716
vt 0.279359 0.916979
vt 0.278122 0.927501
vt 0.288089 0.916239
vt 0.286719 0.927486
vt 0.296722 0.916416
vt 0.295227 0.928086
vt 0.305637 0.917275
vt 0.407328 0.918519
vt 0.297678 0.904466
vt 0.306370 0.904925
vt 0.407558 0.906242
vt 0.417021 0.905524
vt 0.417332 0.917719
vt 0.426558 0.903702
vt 0.427232 0.915438
vt 0.436472 0.900104
vt 0.437413 0.911129
vt 0.446705 0.895409
vt 0.447979 0.906264
vt 0.456753 0.891145
vt 0.457915 0.902044
vt 0.466564 0.887761
vt 0.467282 0.898801
vt 0.476375 0.886013
vt 0.476634 0.896838
vt 0.477544 0.907730
vt 0.486348 0.896098
vt 0.486867 0.906620
vt 0.487963 0.917260
vt 0.496855 0.906368
vt 0.497581 0.916816
vt 0.498070 0.927663
vt 0.488866 0.928092
vt 0.507162 0.917356
vt 0.507214 0.928144
vt 0.516929 0.918385
vt 0.516662 0.929048
vt 0.526769 0.919437
vt 0.526295 0.929973
vt 0.536735 0.920429
vt 0.536084 0.930854
vt 0.546820 0.921384
vt 0.546028 0.931713
vt 0.556964 0.922369
vt 0.556039 0.932639
vt 0.567116 0.923428
vt 0.566027 0.933668
vt 0.577311 0.924627
vt 0.576068 0.934831
vt 0.587470 0.925990
vt 0.586064 0.936178
vt 0.597674 0.927574
vt 0.596082 0.937770
vt 0.608032 0.929396
vt 0.606196 0.939673
vt 0.618510 0.931565
vt 0.052491 0.520793
vt 0.609521 0.918948
vt 0.051303 0.510478
vt 0.620294 0.920918
vt 0.062227 0.509727
vt 0.621701 0.910085
vt 0.049959 0.500138
vt 0.061102 0.499314
vt 0.072072 0.498599
vt 0.059829 0.488868
vt 0.070904 0.488016
vt 0.081770 0.487290
vt 0.069638 0.477363
vt 0.080572 0.476479
vt 0.091341 0.475757
vt 0.079426 0.465681
vt 0.090310 0.464865
vt 0.101122 0.464289
vt 0.089445 0.454049
vt 0.100412 0.453461
vt 0.111335 0.453110
vt 0.099883 0.442699
vt 0.110939 0.442337
vt 0.121958 0.442169
vt 0.110707 0.431609
vt 0.121836 0.431415
vt 0.132924 0.431311
vt 0.121842 0.420694
vt 0.133032 0.420549
vt 0.144186 0.420420
vt 0.133222 0.409821
vt 0.144478 0.409636
vt 0.155650 0.409411
vt 0.144800 0.398881
vt 0.156052 0.398579
vt 0.167255 0.398196
vt 0.156440 0.387784
vt 0.167715 0.387318
vt 0.179018 0.386836
vt 0.168131 0.376478
vt 0.179507 0.375941
vt 0.190953 0.375498
vt 0.179893 0.365095
vt 0.191376 0.364636
vt 0.180176 0.354267
vt 0.191643 0.353794
vt 0.180355 0.343428
vt 0.191785 0.342942
vt 0.180460 0.332570
vt 0.191815 0.332071
vt 0.203241 0.331696
vt 0.191777 0.321174
vt 0.203106 0.320787
vt 0.214499 0.320494
vt 0.202912 0.309872
vt 0.214209 0.309590
vt 0.225566 0.309373
vt 0.213890 0.298710
vt 0.225182 0.298532
vt 0.236490 0.298368
vt 0.224777 0.287722
vt 0.236043 0.287619
vt 0.247293 0.287509
vt 0.247790 0.298190
vt 0.258551 0.287391
vt 0.259097 0.297989
vt 0.269846 0.287272
vt 0.270470 0.297778
vt 0.281186 0.287159
vt 0.281931 0.297542
vt 0.292520 0.286905
vt 0.293436 0.297097
vt 0.304257 0.286318
vt 0.305470 0.296299
vt 0.316163 0.285273
vt 0.373853 0.678105
vt 0.317450 0.295066
vt 0.373809 0.687886
vt 0.373705 0.697571
vt 0.318712 0.304764
vt 0.386026 0.688175
vt 0.385856 0.697919
vt 0.385589 0.707537
vt 0.397843 0.698415
vt 0.397473 0.708130
vt 0.396955 0.717704
vt 0.409483 0.709003
vt 0.408928 0.718688
vt 0.408061 0.728292
vt 0.421271 0.719992
vt 0.420294 0.729877
vt 0.417946 0.740295
vt 0.406521 0.738036
vt 0.413111 0.751468
vt 0.403493 0.748099
vt 0.405818 0.762448
vt 0.398473 0.758228
vt 0.397592 0.772326
vt 0.392201 0.767920
vt 0.387603 0.774895
vt 0.332782 0.773874
vt 0.328606 0.766892
vt 0.324482 0.757029
vt 0.312257 0.748499
vt 0.322119 0.746804
vt 0.331219 0.744982
vt 0.320883 0.736711
vt 0.330523 0.735245
vt 0.320202 0.726597
vt 0.330220 0.725368
vt 0.319935 0.716342
vt 0.330213 0.715298
vt 0.340534 0.714846
vt 0.349731 0.314447
vt 0.330398 0.705043
vt 0.351153 0.304407
vt 0.340927 0.704769
vt 0.362030 0.305614
vt 0.341349 0.694491
vt 0.352567 0.294166
vt 0.363555 0.295396
vt 0.376646 0.296380
vt 0.365006 0.285022
vt 0.378016 0.285740
vt 0.390552 0.285600
vt 0.389611 0.296417
vt 0.403420 0.284807
vt 0.402606 0.295677
vt 0.416319 0.284089
vt 0.415734 0.294914
vt 0.429091 0.283682
vt 0.428662 0.294500
vt 0.441827 0.283460
vt 0.441509 0.294307
vt 0.454392 0.283260
vt 0.454155 0.294159
vt 0.466824 0.283030
vt 0.466624 0.293996
vt 0.466498 0.305014
vt 0.478901 0.293781
vt 0.478775 0.304866
vt 0.478745 0.316002
vt 0.490792 0.304747
vt 0.490726 0.315950
vt 0.490733 0.327212
vt 0.502240 0.316106
vt 0.502158 0.327405
vt 0.502166 0.338734
vt 0.490859 0.338526
vt 0.502269 0.350085
vt 0.491052 0.349855
vt 0.502447 0.361428
vt 0.491370 0.361206
vt 0.502721 0.372772
vt 0.491836 0.372587
vt 0.503084 0.384130
vt 0.492392 0.383982
vt 0.503565 0.395496
vt 0.493073 0.395370
vt 0.504091 0.406869
vt 0.493843 0.406765
vt 0.483018 0.406506
vt 0.494724 0.418242
vt 0.484188 0.417976
vt 0.473081 0.417494
vt 0.485432 0.429519
vt 0.474592 0.428979
vt 0.463337 0.428401
vt 0.476154 0.440581
vt 0.465136 0.439870
vt 0.453393 0.439034
vt 0.466861 0.451377
vt 0.455148 0.450237
vt 0.443027 0.449459
vt 0.456769 0.461439
vt 0.444878 0.460418
vt 0.433682 0.461136
vt 0.446566 0.471399
vt 0.435726 0.472028
vt 0.425315 0.474271
vt 0.437569 0.483068
vt 0.427648 0.485148
vt 0.418481 0.487651
vt 0.262159 0.491082
vt 0.429765 0.496366
vt 0.260033 0.501968
vt 0.420873 0.498654
vt 0.251319 0.500942
vt 0.258318 0.513359
vt 0.423064 0.510116
vt 0.249830 0.512643
vt 0.241064 0.511997
vt 0.431705 0.508013
vt 0.439236 0.494382
vt 0.440724 0.506051
vt 0.449239 0.493819
vt 0.450239 0.505459
vt 0.460109 0.495152
vt 0.460575 0.506784
vt 0.471304 0.497425
vt 0.471200 0.509139
vt 0.481537 0.499528
vt 0.481263 0.511301
vt 0.491296 0.500794
vt 0.491140 0.512560
vt 0.500492 0.501023
vt 0.500677 0.512826
vt 0.509363 0.500476
vt 0.509807 0.512337
vt 0.518603 0.499505
vt 0.519107 0.511397
vt 0.528037 0.498558
vt 0.528414 0.510390
vt 0.537729 0.497825
vt 0.537899 0.509465
vt 0.547718 0.497284
vt 0.547658 0.508724
vt 0.557973 0.496951
vt 0.557654 0.508228
vt 0.568198 0.496699
vt 0.567665 0.507806
vt 0.578749 0.496499
vt 0.577987 0.507473
vt 0.589338 0.496381
vt 0.588375 0.507221
vt 0.600022 0.496470
vt 0.598867 0.507184
vt 0.610840 0.496907
vt 0.609478 0.507510
vt 0.621902 0.497743
vt 0.620347 0.508258
vt 0.105548 0.897069
vt 0.632839 0.498780
vt 0.631084 0.509265
vt 0.106577 0.908160
vt 0.115648 0.895706
vt 0.116566 0.906591
vt 0.125695 0.894492
vt 0.126502 0.905221
vt 0.135817 0.893470
vt 0.136506 0.904066
vt 0.146006 0.892604
vt 0.146583 0.903088
vt 0.156305 0.891878
vt 0.156809 0.902304
vt 0.166649 0.891227
vt 0.167034 0.901600
vt 0.177038 0.890664
vt 0.177400 0.901030
vt 0.187441 0.890205
vt 0.187804 0.900549
vt 0.197792 0.889864
vt 0.198236 0.900186
vt 0.207907 0.889701
vt 0.208417 0.899986
vt 0.217510 0.889901
vt 0.217865 0.900164
vt 0.226299 0.890849
vt 0.226321 0.901200
vt 0.234288 0.892500
vt 0.234037 0.903007
vt 0.241574 0.894581
vt 0.241100 0.905021
vt 0.248068 0.896921
vt 0.247416 0.906791
vt 0.254932 0.899246
vt 0.254673 0.908435
vt 0.262818 0.900364
vt 0.262536 0.909138
vt 0.271310 0.898979
vt 0.271118 0.908272
vt 0.280307 0.896247
vt 0.280107 0.906494
vt 0.289503 0.893737
vt 0.289044 0.904962
vt 0.298329 0.892663
vt 0.289399 0.882467
vt 0.298729 0.880949
vt 0.307955 0.881090
vt 0.407210 0.882711
vt 0.307133 0.892878
vt 0.407528 0.894343
vt 0.416184 0.881926
vt 0.416717 0.893618
vt 0.425151 0.880304
vt 0.425921 0.891959
vt 0.434762 0.877357
vt 0.435717 0.888768
vt 0.444965 0.873404
vt 0.445728 0.884303
vt 0.455546 0.869524
vt 0.455968 0.880060
vt 0.466297 0.866473
vt 0.466260 0.877084
vt 0.476760 0.865007
vt 0.476500 0.875655
vt 0.487022 0.864837
vt 0.486682 0.875344
vt 0.486371 0.885710
vt 0.496974 0.875699
vt 0.496611 0.886035
vt 0.496522 0.896187
vt 0.507051 0.886628
vt 0.506903 0.896802
vt 0.506984 0.906953
vt 0.517239 0.897675
vt 0.517084 0.907945
vt 0.527539 0.898667
vt 0.527169 0.909011
vt 0.537868 0.899667
vt 0.537328 0.910033
vt 0.548242 0.900659
vt 0.547553 0.911033
vt 0.558652 0.901666
vt 0.557831 0.912047
vt 0.569070 0.902718
vt 0.568130 0.913121
vt 0.579466 0.903888
vt 0.578437 0.914320
vt 0.589825 0.905213
vt 0.588722 0.915683
vt 0.600213 0.906686
vt 0.599051 0.917223
vt 0.610713 0.908301
vt 0.601228 0.895980
vt 0.611720 0.897483
vt 0.622790 0.899067
vt 0.048561 0.489727
vt 0.612623 0.886472
vt 0.047260 0.479149
vt 0.623685 0.887849
vt 0.058536 0.478297
vt 0.624492 0.876432
vt 0.046064 0.468390
vt 0.057341 0.467582
vt 0.068443 0.466633
vt 0.056356 0.456726
vt 0.067445 0.455814
vt 0.078450 0.454876
vt 0.066710 0.444912
vt 0.077748 0.444047
vt 0.088805 0.443285
vt 0.077312 0.433208
vt 0.088416 0.432518
vt 0.099562 0.431975
vt 0.088234 0.421737
vt 0.099419 0.421251
vt 0.110632 0.420906
vt 0.099424 0.410515
vt 0.110683 0.410205
vt 0.121959 0.409990
vt 0.110829 0.399501
vt 0.122151 0.399299
vt 0.133480 0.399112
vt 0.122402 0.388606
vt 0.133775 0.388410
vt 0.145139 0.388148
vt 0.134093 0.377707
vt 0.145485 0.377422
vt 0.156806 0.377013
vt 0.145824 0.366696
vt 0.157151 0.366250
vt 0.168496 0.365669
vt 0.157444 0.355488
vt 0.168780 0.354864
vt 0.157699 0.344706
vt 0.168990 0.344054
vt 0.157902 0.333896
vt 0.169139 0.333209
vt 0.158066 0.323050
vt 0.169250 0.322343
vt 0.180496 0.321692
vt 0.169315 0.311427
vt 0.180479 0.310764
vt 0.191671 0.310249
vt 0.180395 0.299794
vt 0.191498 0.299297
vt 0.202659 0.298953
vt 0.191264 0.288317
vt 0.202367 0.288020
vt 0.213541 0.287839
vt 0.202032 0.277089
vt 0.213171 0.276975
vt 0.224365 0.276927
vt 0.212780 0.266135
vt 0.223954 0.266168
vt 0.235158 0.266208
vt 0.235596 0.276899
vt 0.246332 0.266227
vt 0.246812 0.276857
vt 0.257460 0.266210
vt 0.258005 0.276793
vt 0.268573 0.266172
vt 0.269206 0.276730
vt 0.279657 0.266187
vt 0.280407 0.276696
vt 0.290751 0.266245
vt 0.291607 0.276617
vt 0.301949 0.266100
vt 0.303056 0.276248
vt 0.313632 0.265456
vt 0.373912 0.658380
vt 0.314873 0.275406
vt 0.373875 0.668272
vt 0.386130 0.658520
vt 0.386144 0.668464
vt 0.386115 0.678349
vt 0.398325 0.668694
vt 0.398251 0.678668
vt 0.398095 0.688582
vt 0.410290 0.679186
vt 0.410127 0.689219
vt 0.409868 0.699170
vt 0.422145 0.690093
vt 0.421952 0.700177
vt 0.421700 0.710159
vt 0.434043 0.701407
vt 0.433977 0.711617
vt 0.433710 0.721791
vt 0.445868 0.713239
vt 0.445498 0.723857
vt 0.457242 0.714675
vt 0.456575 0.725545
vt 0.468607 0.715808
vt 0.467897 0.726715
vt 0.467067 0.737666
vt 0.479633 0.727670
vt 0.478988 0.738666
vt 0.478514 0.750068
vt 0.466727 0.749313
vt 0.478270 0.762234
vt 0.466875 0.762419
vt 0.478204 0.774851
vt 0.467200 0.775932
vt 0.456175 0.778672
vt 0.444728 0.783114
vt 0.467349 0.789001
vt 0.456390 0.791814
vt 0.445210 0.795524
vt 0.433881 0.799819
vt 0.433044 0.788638
vt 0.456257 0.803995
vt 0.445210 0.807245
vt 0.434170 0.810784
vt 0.423278 0.814227
vt 0.422641 0.804113
vt 0.444972 0.818589
vt 0.434199 0.821654
vt 0.423655 0.824586
vt 0.413304 0.827178
vt 0.412526 0.817330
vt 0.434081 0.832598
vt 0.423885 0.835197
vt 0.413963 0.837425
vt 0.403967 0.839336
vt 0.312501 0.837545
vt 0.314130 0.827586
vt 0.402952 0.829377
vt 0.424062 0.846030
vt 0.414548 0.847984
vt 0.404878 0.849569
vt 0.311072 0.847763
vt 0.299640 0.847067
vt 0.300839 0.836649
vt 0.415073 0.858906
vt 0.309880 0.858351
vt 0.405766 0.860135
vt 0.299040 0.857914
vt 0.287941 0.858951
vt 0.287756 0.847489
vt 0.308851 0.869502
vt 0.406581 0.871227
vt 0.298877 0.869302
vt 0.288740 0.870813
vt 0.278633 0.874856
vt 0.279870 0.885992
vt 0.415599 0.870286
vt 0.424225 0.857188
vt 0.424536 0.868672
vt 0.433844 0.854693
vt 0.434081 0.865977
vt 0.444180 0.851583
vt 0.444336 0.862467
vt 0.455035 0.848554
vt 0.455235 0.858817
vt 0.466142 0.845815
vt 0.466179 0.856174
vt 0.477130 0.844008
vt 0.476923 0.854589
vt 0.487814 0.843401
vt 0.487466 0.854152
vt 0.498351 0.843653
vt 0.497884 0.854485
vt 0.497411 0.865170
vt 0.508332 0.855100
vt 0.507851 0.865770
vt 0.507399 0.876276
vt 0.518365 0.866510
vt 0.517884 0.877024
vt 0.517499 0.887405
vt 0.528405 0.877891
vt 0.527931 0.888316
vt 0.538979 0.878846
vt 0.538401 0.889293
vt 0.549597 0.879793
vt 0.548908 0.890263
vt 0.560230 0.880682
vt 0.559452 0.891226
vt 0.570810 0.881593
vt 0.569959 0.892226
vt 0.581310 0.882592
vt 0.580414 0.893321
vt 0.591743 0.883755
vt 0.590817 0.894573
vt 0.602161 0.885073
vt 0.592624 0.872774
vt 0.603049 0.873989
vt 0.613489 0.875247
vt 0.603878 0.862741
vt 0.614297 0.863852
vt 0.625255 0.864859
vt 0.045076 0.457452
vt 0.615074 0.852323
vt 0.044349 0.446357
vt 0.625973 0.853175
vt 0.055634 0.445742
vt 0.626684 0.841498
vt 0.043923 0.435162
vt 0.055175 0.434682
vt 0.066263 0.433963
vt 0.054988 0.423575
vt 0.066074 0.422989
vt 0.077112 0.422339
vt 0.066069 0.411979
vt 0.077089 0.411441
vt 0.088214 0.410935
vt 0.077198 0.400508
vt 0.088320 0.400114
vt 0.099540 0.399768
vt 0.088499 0.389275
vt 0.099737 0.389010
vt 0.111043 0.388794
vt 0.099978 0.378258
vt 0.111308 0.378086
vt 0.122690 0.377919
vt 0.111603 0.367391
vt 0.122993 0.367231
vt 0.134425 0.367011
vt 0.123312 0.356558
vt 0.134743 0.356323
vt 0.146140 0.355971
vt 0.135060 0.345620
vt 0.146434 0.345231
vt 0.135354 0.334896
vt 0.146683 0.334472
vt 0.135640 0.324127
vt 0.146915 0.323661
vt 0.135924 0.313329
vt 0.147137 0.312805
vt 0.158206 0.312154
vt 0.147314 0.301900
vt 0.158306 0.301199
vt 0.169319 0.300453
vt 0.158323 0.290181
vt 0.169247 0.289416
vt 0.180234 0.288775
vt 0.169075 0.278316
vt 0.179990 0.277714
vt 0.190963 0.277318
vt 0.179663 0.266612
vt 0.190602 0.266299
vt 0.201660 0.266166
vt 0.190197 0.255281
vt 0.201258 0.255252
vt 0.212382 0.255324
vt 0.200851 0.244390
vt 0.211994 0.244573
vt 0.223166 0.244762
vt 0.223552 0.255440
vt 0.234346 0.244943
vt 0.234737 0.255554
vt 0.245434 0.245047
vt 0.245875 0.255626
vt 0.256386 0.245074
vt 0.256930 0.255634
vt 0.267322 0.245086
vt 0.267947 0.255614
vt 0.278240 0.245188
vt 0.278937 0.255669
vt 0.289191 0.245423
vt 0.289953 0.255827
vt 0.300066 0.245571
vt 0.300971 0.255859
vt 0.311299 0.245172
vt 0.374098 0.638277
vt 0.312490 0.255369
vt 0.374016 0.648384
vt 0.386063 0.638469
vt 0.386100 0.648532
vt 0.398214 0.638543
vt 0.398295 0.648621
vt 0.398332 0.658676
vt 0.410438 0.648850
vt 0.410438 0.658987
vt 0.410394 0.669101
vt 0.422433 0.659535
vt 0.422367 0.669745
vt 0.422278 0.679941
vt 0.434281 0.670604
vt 0.434199 0.680882
vt 0.434118 0.691159
vt 0.446054 0.681918
vt 0.445972 0.692299
vt 0.445920 0.702725
vt 0.457686 0.693395
vt 0.457516 0.703954
vt 0.469370 0.694387
vt 0.469052 0.705020
vt 0.481099 0.695305
vt 0.480721 0.705975
vt 0.480240 0.716771
vt 0.492420 0.706938
vt 0.491953 0.717755
vt 0.491428 0.728655
vt 0.503815 0.718762
vt 0.503193 0.729728
vt 0.502549 0.740805
vt 0.490865 0.739695
vt 0.501927 0.752038
vt 0.490317 0.751009
vt 0.501365 0.763463
vt 0.489828 0.762722
vt 0.500868 0.775088
vt 0.489473 0.774732
vt 0.500446 0.786809
vt 0.489266 0.786802
vt 0.478233 0.787409
vt 0.489088 0.798715
vt 0.478144 0.799596
vt 0.467193 0.801373
vt 0.477848 0.811280
vt 0.466853 0.813117
vt 0.455879 0.815657
vt 0.466475 0.824386
vt 0.455516 0.826874
vt 0.444654 0.829755
vt 0.455191 0.837862
vt 0.444313 0.840787
vt 0.433925 0.843593
vt 0.466260 0.835241
vt 0.477500 0.822535
vt 0.477256 0.833383
vt 0.488503 0.821588
vt 0.488140 0.832598
vt 0.499269 0.821506
vt 0.498817 0.832679
vt 0.509872 0.821935
vt 0.509339 0.833205
vt 0.508828 0.844252
vt 0.519868 0.833975
vt 0.519357 0.845022
vt 0.518861 0.855855
vt 0.529997 0.845926
vt 0.529509 0.856729
vt 0.528961 0.867369
vt 0.540245 0.857654
vt 0.539630 0.868309
vt 0.550967 0.858513
vt 0.550308 0.869220
vt 0.561696 0.859217
vt 0.560992 0.870020
vt 0.572380 0.859913
vt 0.571617 0.870819
vt 0.582961 0.860705
vt 0.582154 0.871723
vt 0.593461 0.861653
vt 0.583716 0.849584
vt 0.594245 0.850398
vt 0.604663 0.851346
vt 0.594993 0.839032
vt 0.605426 0.839847
vt 0.615866 0.840735
vt 0.606211 0.828296
vt 0.616681 0.829147
vt 0.627491 0.829895
vt 0.043784 0.423928
vt 0.617629 0.817604
vt 0.043895 0.412662
vt 0.628409 0.818352
vt 0.055009 0.412438
vt 0.629431 0.806875
vt 0.044133 0.401384
vt 0.055190 0.401266
vt 0.066211 0.400934
vt 0.055468 0.390068
vt 0.066441 0.389857
vt 0.077388 0.389565
vt 0.066692 0.378771
vt 0.077622 0.378606
vt 0.088730 0.378434
vt 0.077879 0.367660
vt 0.088998 0.367607
vt 0.100257 0.367512
vt 0.089282 0.356802
vt 0.100559 0.356787
vt 0.111914 0.356703
vt 0.100883 0.346076
vt 0.112239 0.346022
vt 0.123630 0.345877
vt 0.112580 0.335340
vt 0.123955 0.335181
vt 0.112927 0.324644
vt 0.124279 0.324463
vt 0.113266 0.313925
vt 0.124587 0.313709
vt 0.113596 0.303170
vt 0.124886 0.302918
vt 0.136177 0.302480
vt 0.125147 0.292076
vt 0.136383 0.291581
vt 0.147429 0.290930
vt 0.136527 0.280595
vt 0.147467 0.279874
vt 0.158242 0.279092
vt 0.147412 0.268711
vt 0.158059 0.267896
vt 0.168813 0.267145
vt 0.157762 0.256578
vt 0.168444 0.255896
vt 0.179253 0.255469
vt 0.167975 0.244569
vt 0.178791 0.244320
vt 0.189763 0.244286
vt 0.178307 0.233171
vt 0.189345 0.233336
vt 0.200468 0.233586
vt 0.189020 0.222478
vt 0.200154 0.222839
vt 0.211289 0.223208
vt 0.211622 0.233865
vt 0.222393 0.223548
vt 0.222783 0.234144
vt 0.233515 0.223791
vt 0.233941 0.234356
vt 0.244506 0.223868
vt 0.244977 0.234453
vt 0.255349 0.223973
vt 0.255849 0.234513
vt 0.266181 0.224159
vt 0.266721 0.234602
vt 0.276926 0.224408
vt 0.277567 0.234780
vt 0.287584 0.224698
vt 0.288432 0.235055
vt 0.298154 0.224827
vt 0.299158 0.235208
vt 0.308804 0.224502
vt 0.374260 0.617737
vt 0.310052 0.234845
vt 0.374157 0.628029
vt 0.386093 0.618144
vt 0.386048 0.628325
vt 0.398110 0.618366
vt 0.398132 0.628458
vt 0.410275 0.618544
vt 0.410335 0.628621
vt 0.410401 0.638721
vt 0.422500 0.628925
vt 0.422493 0.639098
vt 0.422471 0.649309
vt 0.434466 0.639720
vt 0.434399 0.650012
vt 0.434340 0.660312
vt 0.446261 0.650879
vt 0.446194 0.661215
vt 0.446128 0.671559
vt 0.458019 0.662156
vt 0.457938 0.672529
vt 0.457827 0.682933
vt 0.469748 0.673433
vt 0.469592 0.683865
vt 0.481587 0.674284
vt 0.481380 0.684739
vt 0.493568 0.675025
vt 0.493249 0.685569
vt 0.492857 0.696209
vt 0.505111 0.686361
vt 0.504778 0.697068
vt 0.504341 0.707878
vt 0.516247 0.698060
vt 0.515855 0.708966
vt 0.515418 0.719895
vt 0.527569 0.709884
vt 0.527021 0.721006
vt 0.526376 0.732179
vt 0.514914 0.730891
vt 0.525658 0.743389
vt 0.514322 0.741960
vt 0.524933 0.754592
vt 0.513634 0.753156
vt 0.524200 0.765825
vt 0.512856 0.764477
vt 0.523452 0.777102
vt 0.512138 0.775902
vt 0.522645 0.788453
vt 0.511523 0.787387
vt 0.521815 0.799870
vt 0.510961 0.798937
vt 0.500069 0.798538
vt 0.510405 0.810488
vt 0.499676 0.810125
vt 0.488829 0.810318
vt 0.521090 0.811332
vt 0.520446 0.822720
vt 0.531848 0.812539
vt 0.531101 0.823787
vt 0.530493 0.834938
vt 0.541904 0.824942
vt 0.541260 0.835952
vt 0.540749 0.846866
vt 0.552122 0.836781
vt 0.551544 0.847681
vt 0.562984 0.837344
vt 0.562347 0.848310
vt 0.573772 0.837818
vt 0.573084 0.848902
vt 0.584442 0.838366
vt 0.574439 0.826630
vt 0.585145 0.827037
vt 0.595734 0.827578
vt 0.585849 0.815634
vt 0.596511 0.816079
vt 0.607077 0.816760
vt 0.597348 0.804572
vt 0.608018 0.805231
vt 0.618702 0.806090
vt 0.609032 0.793747
vt 0.619820 0.794628
vt 0.630468 0.795450
vt 0.044554 0.390084
vt 0.620997 0.783203
vt 0.045006 0.378776
vt 0.631497 0.784062
vt 0.055789 0.378853
vt 0.632615 0.772711
vt 0.045285 0.367430
vt 0.056050 0.367619
vt 0.066951 0.367685
vt 0.056274 0.356386
vt 0.067211 0.356628
vt 0.078152 0.356744
vt 0.067502 0.345607
vt 0.078463 0.345871
vt 0.089604 0.346024
vt 0.078812 0.335033
vt 0.089957 0.335276
vt 0.101230 0.335380
vt 0.090340 0.324533
vt 0.101599 0.324675
vt 0.090751 0.313782
vt 0.101976 0.313962
vt 0.091162 0.302994
vt 0.102343 0.303206
vt 0.091541 0.292156
vt 0.102672 0.292413
vt 0.113895 0.292371
vt 0.102940 0.281571
vt 0.114141 0.281530
vt 0.125353 0.281177
vt 0.114326 0.270654
vt 0.125498 0.270213
vt 0.136587 0.269516
vt 0.125544 0.259164
vt 0.136560 0.258315
vt 0.147241 0.257403
vt 0.136365 0.246971
vt 0.146923 0.245937
vt 0.157341 0.245117
vt 0.146368 0.234266
vt 0.156766 0.233512
vt 0.167431 0.233186
vt 0.156124 0.221895
vt 0.166927 0.221898
vt 0.177924 0.222146
vt 0.166789 0.210893
vt 0.177785 0.211326
vt 0.188891 0.211740
vt 0.178632 0.200929
vt 0.184899 0.180921
vt 0.189738 0.201336
vt 0.195800 0.181682
vt 0.200850 0.201705
vt 0.206785 0.182597
vt 0.199997 0.212139
vt 0.211911 0.202076
vt 0.217853 0.183562
vt 0.211074 0.212539
vt 0.222816 0.202438
vt 0.228882 0.184431
vt 0.222083 0.212934
vt 0.233697 0.202771
vt 0.239983 0.185166
vt 0.233104 0.213225
vt 0.244524 0.203040
vt 0.251152 0.185626
vt 0.244088 0.213325
vt 0.255330 0.203316
vt 0.262366 0.185714
vt 0.254979 0.213509
vt 0.266060 0.203573
vt 0.273432 0.185428
vt 0.265820 0.213762
vt 0.276493 0.203797
vt 0.284058 0.184942
vt 0.276425 0.214024
vt 0.286682 0.204036
vt 0.294334 0.184434
vt 0.286830 0.214293
vt 0.296729 0.204259
vt 0.304404 0.183915
vt 0.297200 0.214429
vt 0.306296 0.204284
vt 0.373113 0.597500
vt 0.313998 0.183345
vt 0.363655 0.169123
vt 0.307577 0.214321
vt 0.374445 0.607548
vt 0.385300 0.597900
vt 0.375843 0.169538
vt 0.386196 0.608007
vt 0.397370 0.598204
vt 0.387927 0.169856
vt 0.398154 0.608303
vt 0.409572 0.598493
vt 0.400174 0.170137
vt 0.410268 0.608511
vt 0.412539 0.170433
vt 0.421871 0.598826
vt 0.422522 0.608740
vt 0.422507 0.618803
vt 0.434762 0.609096
vt 0.434643 0.619240
vt 0.434540 0.629450
vt 0.446661 0.619869
vt 0.446468 0.630198
vt 0.446342 0.640535
vt 0.458293 0.631079
vt 0.458160 0.641453
vt 0.458086 0.651804
vt 0.469955 0.642401
vt 0.469911 0.652730
vt 0.469851 0.663066
vt 0.481802 0.653574
vt 0.481728 0.663903
vt 0.493849 0.654211
vt 0.493775 0.664577
vt 0.505637 0.654692
vt 0.505548 0.665184
vt 0.505363 0.675743
vt 0.517410 0.665547
vt 0.517077 0.676350
vt 0.516684 0.687190
vt 0.528694 0.676765
vt 0.528391 0.687768
vt 0.527983 0.698800
vt 0.539238 0.688138
vt 0.538823 0.699289
vt 0.538438 0.710506
vt 0.549560 0.699607
vt 0.549004 0.710892
vt 0.548442 0.722294
vt 0.538009 0.721813
vt 0.547864 0.733779
vt 0.537535 0.733157
vt 0.547294 0.745307
vt 0.536972 0.744552
vt 0.546687 0.756836
vt 0.536328 0.755918
vt 0.546035 0.768379
vt 0.535551 0.767291
vt 0.545332 0.779915
vt 0.534669 0.778642
vt 0.544510 0.791348
vt 0.533700 0.789963
vt 0.543599 0.802640
vt 0.532730 0.801240
vt 0.542696 0.813835
vt 0.554247 0.803528
vt 0.553484 0.814761
vt 0.552773 0.825830
vt 0.564295 0.815146
vt 0.563636 0.826311
vt 0.575098 0.815346
vt 0.564983 0.803824
vt 0.575771 0.803950
vt 0.586582 0.804180
vt 0.576467 0.792481
vt 0.587367 0.792695
vt 0.598244 0.793080
vt 0.588166 0.781211
vt 0.599169 0.781596
vt 0.610091 0.782277
vt 0.600102 0.770134
vt 0.611150 0.770830
vt 0.622197 0.771771
vt 0.612171 0.759398
vt 0.623389 0.760338
vt 0.633755 0.761375
vt 0.045541 0.356055
vt 0.624544 0.748891
vt 0.045781 0.344658
vt 0.634896 0.750024
vt 0.056506 0.345182
vt 0.635954 0.738688
vt 0.046059 0.333275
vt 0.056822 0.334020
vt 0.067840 0.334637
vt 0.057227 0.322884
vt 0.068252 0.323686
vt 0.079222 0.324216
vt 0.068738 0.312733
vt 0.079675 0.313382
vt 0.069267 0.301748
vt 0.080150 0.302518
vt 0.069766 0.290727
vt 0.080600 0.291603
vt 0.070181 0.279650
vt 0.080952 0.280617
vt 0.091837 0.281261
vt 0.081181 0.269532
vt 0.092027 0.270311
vt 0.103125 0.270710
vt 0.092119 0.259327
vt 0.103207 0.259845
vt 0.114406 0.259752
vt 0.103229 0.248960
vt 0.114330 0.248819
vt 0.125409 0.248041
vt 0.114055 0.237707
vt 0.124966 0.236802
vt 0.135883 0.235474
vt 0.124161 0.225191
vt 0.134964 0.223771
vt 0.145535 0.222463
vt 0.134101 0.211570
vt 0.144829 0.210715
vt 0.155819 0.210585
vt 0.145394 0.199700
vt 0.151807 0.179639
vt 0.156603 0.200065
vt 0.163123 0.180029
vt 0.174098 0.180381
vt 0.167642 0.200467
vt 0.163618 0.170673
vt 0.174482 0.171064
vt 0.185391 0.171447
vt 0.175101 0.161647
vt 0.185920 0.162017
vt 0.196912 0.162450
vt 0.196400 0.172043
vt 0.208017 0.163074
vt 0.207478 0.172793
vt 0.219005 0.163715
vt 0.218499 0.173618
vt 0.229951 0.164512
vt 0.229416 0.174423
vt 0.240708 0.165468
vt 0.240347 0.175184
vt 0.251368 0.165656
vt 0.251264 0.175663
vt 0.262035 0.165762
vt 0.262079 0.175781
vt 0.272411 0.165785
vt 0.272813 0.175560
vt 0.282546 0.165205
vt 0.283247 0.175115
vt 0.292311 0.164684
vt 0.293301 0.174597
vt 0.301373 0.164133
vt 0.302962 0.174033
vt 0.363722 0.150405
vt 0.310062 0.165025
vt 0.311841 0.173233
vt 0.363744 0.158808
vt 0.376272 0.149338
vt 0.375887 0.159312
vt 0.388519 0.149812
vt 0.388149 0.159786
vt 0.400737 0.150219
vt 0.400433 0.160171
vt 0.413028 0.150590
vt 0.412784 0.160497
vt 0.425349 0.150841
vt 0.425134 0.160778
vt 0.424934 0.170693
vt 0.434192 0.599137
vt 0.437418 0.161060
vt 0.446394 0.599485
vt 0.437203 0.170989
vt 0.446883 0.609599
vt 0.449265 0.171322
vt 0.458404 0.599900
vt 0.458804 0.610214
vt 0.458508 0.620661
vt 0.470488 0.610910
vt 0.470184 0.621528
vt 0.470022 0.632020
vt 0.481817 0.622350
vt 0.481802 0.632879
vt 0.481817 0.643252
vt 0.493508 0.633545
vt 0.493738 0.643904
vt 0.505318 0.633826
vt 0.505578 0.644244
vt 0.517247 0.633641
vt 0.517573 0.644126
vt 0.517595 0.654788
vt 0.529124 0.643882
vt 0.529035 0.654781
vt 0.528894 0.665769
vt 0.540156 0.654855
vt 0.539890 0.665910
vt 0.539608 0.677009
vt 0.550944 0.666213
vt 0.550545 0.677290
vt 0.550093 0.688427
vt 0.561644 0.677735
vt 0.561081 0.688871
vt 0.560422 0.700074
vt 0.572151 0.689397
vt 0.571403 0.700614
vt 0.570618 0.711884
vt 0.559719 0.711351
vt 0.569840 0.723220
vt 0.559037 0.722739
vt 0.569137 0.734638
vt 0.558401 0.734215
vt 0.568471 0.746137
vt 0.557779 0.745759
vt 0.567804 0.757680
vt 0.557135 0.757332
vt 0.567101 0.769238
vt 0.556446 0.768927
vt 0.566383 0.780804
vt 0.555728 0.780537
vt 0.565679 0.792348
vt 0.555009 0.792096
vt 0.577193 0.780982
vt 0.577941 0.769460
vt 0.588988 0.769720
vt 0.578681 0.757939
vt 0.589795 0.758243
vt 0.601035 0.758687
vt 0.590595 0.746788
vt 0.601946 0.747269
vt 0.613149 0.747973
vt 0.602849 0.735889
vt 0.614126 0.736555
vt 0.625581 0.737422
vt 0.615081 0.725182
vt 0.626603 0.726041
vt 0.637206 0.727403
vt 0.046434 0.321910
vt 0.627595 0.714757
vt 0.047064 0.310640
vt 0.638339 0.716215
vt 0.057752 0.311759
vt 0.047750 0.299472
vt 0.639509 0.705161
vt 0.058336 0.300653
vt 0.048356 0.288351
vt 0.640827 0.694172
vt 0.058891 0.289542
vt 0.048993 0.277259
vt 0.642115 0.683206
vt 0.059393 0.278432
vt 0.643203 0.672152
vt 0.049725 0.266148
vt 0.059834 0.267258
vt 0.070451 0.268467
vt 0.060134 0.255874
vt 0.070582 0.257119
vt 0.081281 0.258348
vt 0.070707 0.245593
vt 0.081429 0.247051
vt 0.092246 0.248283
vt 0.081978 0.235606
vt 0.092669 0.237013
vt 0.103315 0.237799
vt 0.093609 0.225087
vt 0.103659 0.225798
vt 0.113748 0.225915
vt 0.104246 0.212292
vt 0.113721 0.212669
vt 0.123583 0.212468
vt 0.114445 0.198654
vt 0.120748 0.177732
vt 0.124234 0.199093
vt 0.130514 0.178403
vt 0.140843 0.179049
vt 0.134558 0.199395
vt 0.131813 0.168521
vt 0.142153 0.169382
vt 0.152807 0.170022
vt 0.143091 0.160403
vt 0.153696 0.160740
vt 0.164349 0.161350
vt 0.132874 0.159377
vt 0.121746 0.167619
vt 0.122712 0.158165
vt 0.111844 0.166824
vt 0.112564 0.157264
vt 0.101981 0.166132
vt 0.102549 0.156397
vt 0.091832 0.165586
vt 0.092238 0.155884
vt 0.081151 0.165110
vt 0.081500 0.155105
vt 0.069662 0.164568
vt 0.070147 0.154368
vt 0.640506 0.164865
vt 0.057603 0.163673
vt 0.058554 0.153413
vt 0.639773 0.154825
vt 0.628674 0.165458
vt 0.628481 0.157017
vt 0.617478 0.166117
vt 0.617086 0.156284
vt 0.605735 0.166642
vt 0.605387 0.156750
vt 0.594081 0.167079
vt 0.593829 0.157135
vt 0.582322 0.167449
vt 0.582137 0.157505
vt 0.570046 0.168086
vt 0.569875 0.158349
vt 0.557947 0.168745
vt 0.557858 0.159031
vt 0.545878 0.168879
vt 0.546093 0.159349
vt 0.533335 0.168138
vt 0.533801 0.158468
vt 0.520444 0.166739
vt 0.521155 0.157083
vt 0.507693 0.165050
vt 0.508412 0.155247
vt 0.495802 0.163829
vt 0.496453 0.153959
vt 0.484466 0.163036
vt 0.485051 0.153152
vt 0.473041 0.162370
vt 0.473552 0.152470
vt 0.461416 0.161822
vt 0.461830 0.151848
vt 0.449524 0.161400
vt 0.449835 0.151397
vt 0.437655 0.151056
vt 0.461045 0.171729
vt 0.470155 0.600344
vt 0.481669 0.600803
vt 0.472552 0.172285
vt 0.481950 0.611643
vt 0.493012 0.601217
vt 0.483873 0.172914
vt 0.493227 0.612206
vt 0.493271 0.623023
vt 0.504571 0.612598
vt 0.504919 0.623327
vt 0.516173 0.612894
vt 0.516684 0.623275
vt 0.528746 0.613124
vt 0.528835 0.622875
vt 0.529064 0.633182
vt 0.541000 0.622875
vt 0.540682 0.633071
vt 0.540438 0.643882
vt 0.552196 0.633479
vt 0.551744 0.644267
vt 0.551329 0.655203
vt 0.563139 0.644896
vt 0.562636 0.655736
vt 0.562155 0.666680
vt 0.574105 0.656343
vt 0.573476 0.667235
vt 0.572839 0.678260
vt 0.584953 0.667813
vt 0.584190 0.678779
vt 0.583405 0.689870
vt 0.595785 0.679297
vt 0.594912 0.690330
vt 0.594046 0.701488
vt 0.582591 0.701073
vt 0.593179 0.712735
vt 0.581754 0.712335
vt 0.592298 0.724034
vt 0.580918 0.723642
vt 0.591424 0.735385
vt 0.580125 0.735008
vt 0.579399 0.746448
vt 0.603760 0.724538
vt 0.604678 0.713231
vt 0.616044 0.713876
vt 0.605626 0.702006
vt 0.617058 0.702665
vt 0.628691 0.703583
vt 0.618139 0.691581
vt 0.629905 0.692573
vt 0.619294 0.680600
vt 0.631164 0.681592
vt 0.620450 0.669701
vt 0.632349 0.670582
vt 0.621545 0.658883
vt 0.633430 0.659616
vt 0.644129 0.660912
vt 0.050171 0.254892
vt 0.634422 0.648509
vt 0.050344 0.243491
vt 0.645114 0.649531
vt 0.060338 0.244271
vt 0.050479 0.231838
vt 0.646365 0.637973
vt 0.060701 0.232373
vt 0.071157 0.233848
vt 0.061600 0.220338
vt 0.072415 0.221925
vt 0.083272 0.223815
vt 0.074292 0.209669
vt 0.084899 0.211027
vt 0.094744 0.211798
vt 0.091547 0.175819
vt 0.085491 0.197455
vt 0.095326 0.197759
vt 0.101528 0.176457
vt 0.111152 0.177079
vt 0.104862 0.198163
vt 0.080855 0.175150
vt 0.074972 0.197323
vt 0.063488 0.197523
vt 0.069201 0.174537
vt 0.063027 0.208572
vt 0.051307 0.208595
vt 0.649134 0.615227
vt 0.051148 0.197850
vt 0.641062 0.174758
vt 0.649075 0.604772
vt 0.056810 0.173672
vt 0.050780 0.220062
vt 0.647801 0.626407
vt 0.636080 0.626281
vt 0.636665 0.615515
vt 0.635303 0.637344
vt 0.623493 0.637225
vt 0.624322 0.626444
vt 0.622560 0.648058
vt 0.610572 0.647606
vt 0.611572 0.637018
vt 0.609595 0.658268
vt 0.597540 0.657654
vt 0.598451 0.647043
vt 0.608610 0.669020
vt 0.596659 0.668405
vt 0.585716 0.657010
vt 0.607610 0.679897
vt 0.606596 0.690885
vt 0.574764 0.645607
vt 0.586508 0.646362
vt 0.575572 0.635070
vt 0.587463 0.635915
vt 0.599473 0.636581
vt 0.588633 0.625630
vt 0.600598 0.626178
vt 0.612556 0.626437
vt 0.601657 0.615693
vt 0.613393 0.615819
vt 0.624996 0.615774
vt 0.606120 0.176690
vt 0.613993 0.605319
vt 0.625633 0.605364
vt 0.617767 0.176216
vt 0.628740 0.175602
vt 0.636688 0.605253
vt 0.594384 0.177068
vt 0.602309 0.605238
vt 0.590580 0.605120
vt 0.582537 0.177357
vt 0.589855 0.615360
vt 0.577822 0.614849
vt 0.578422 0.605186
vt 0.570223 0.177756
vt 0.576660 0.624793
vt 0.564635 0.623986
vt 0.565590 0.614486
vt 0.563776 0.634219
vt 0.552840 0.623312
vt 0.541444 0.613590
vt 0.553625 0.614101
vt 0.532794 0.177623
vt 0.541652 0.604853
vt 0.554025 0.605490
vt 0.545411 0.178327
vt 0.557725 0.178238
vt 0.566109 0.605468
vt 0.519622 0.176231
vt 0.528650 0.603683
vt 0.506753 0.174728
vt 0.515862 0.602528
vt 0.495091 0.173662
vt 0.504223 0.601751
vt 0.288578 0.836671
vt 0.276805 0.827993
vt 0.289659 0.826208
vt 0.302239 0.826401
vt 0.290266 0.815961
vt 0.303379 0.816449
vt 0.315878 0.818078
vt 0.401805 0.819899
vt 0.304297 0.807016
vt 0.400494 0.811155
vt 0.317640 0.809267
vt 0.411534 0.808023
vt 0.399065 0.803276
vt 0.319484 0.801359
vt 0.410164 0.799308
vt 0.421493 0.794243
vt 0.408247 0.791237
vt 0.419561 0.784625
vt 0.405574 0.783943
vt 0.416473 0.775606
vt 0.402020 0.777650
vt 0.411882 0.768165
vt 0.397488 0.796301
vt 0.321461 0.794399
vt 0.306518 0.790104
vt 0.305208 0.798198
vt 0.290184 0.796606
vt 0.289770 0.787387
vt 0.290392 0.806142
vt 0.276301 0.807520
vt 0.275338 0.798050
vt 0.276864 0.817471
vt 0.264047 0.820100
vt 0.262662 0.809985
vt 0.264543 0.830836
vt 0.253414 0.833124
vt 0.252200 0.822588
vt 0.240671 0.824735
vt 0.237850 0.815176
vt 0.249971 0.812696
vt 0.242426 0.834620
vt 0.230838 0.836027
vt 0.228905 0.826675
vt 0.241671 0.844779
vt 0.230742 0.845912
vt 0.219309 0.846815
vt 0.218902 0.837293
vt 0.239360 0.856581
vt 0.229098 0.856722
vt 0.218680 0.857137
vt 0.207832 0.857462
vt 0.207744 0.847348
vt 0.227587 0.868465
vt 0.217939 0.868117
vt 0.207758 0.868154
vt 0.197252 0.868428
vt 0.196992 0.857833
vt 0.217532 0.879202
vt 0.207714 0.879017
vt 0.197474 0.879194
vt 0.187085 0.879587
vt 0.186737 0.868902
vt 0.176275 0.869480
vt 0.175838 0.858891
vt 0.186345 0.858307
vt 0.176667 0.880113
vt 0.166249 0.880705
vt 0.165835 0.870094
vt 0.155387 0.870702
vt 0.154965 0.860009
vt 0.165390 0.859491
vt 0.155839 0.881327
vt 0.145480 0.881993
vt 0.144999 0.871287
vt 0.134669 0.871909
vt 0.134262 0.860965
vt 0.144599 0.860476
vt 0.135195 0.882741
vt 0.124992 0.883622
vt 0.124392 0.872627
vt 0.114182 0.873463
vt 0.113663 0.862172
vt 0.123941 0.861527
vt 0.114855 0.884651
vt 0.104667 0.885792
vt 0.634394 0.488162
vt 0.103919 0.874374
vt 0.635800 0.477426
vt 0.624738 0.476426
vt 0.625916 0.465630
vt 0.637037 0.466586
vt 0.103304 0.862860
vt 0.623376 0.487133
vt 0.612143 0.486244
vt 0.613328 0.475508
vt 0.602177 0.474923
vt 0.603080 0.464090
vt 0.614372 0.464705
vt 0.601140 0.485718
vt 0.590278 0.485533
vt 0.591167 0.474664
vt 0.580230 0.474612
vt 0.580860 0.463683
vt 0.591922 0.463779
vt 0.579505 0.485548
vt 0.568731 0.485659
vt 0.569242 0.474679
vt 0.558646 0.474693
vt 0.558935 0.463683
vt 0.569701 0.463720
vt 0.558306 0.485778
vt 0.547769 0.485956
vt 0.547836 0.474716
vt 0.537381 0.474886
vt 0.537255 0.463557
vt 0.547925 0.463565
vt 0.537536 0.486296
vt 0.527629 0.486851
vt 0.527274 0.475271
vt 0.517500 0.475900
vt 0.517019 0.464209
vt 0.526985 0.463772
vt 0.518033 0.487666
vt 0.508755 0.488525
vt 0.508111 0.476559
vt 0.499337 0.476915
vt 0.498515 0.464957
vt 0.507467 0.464697
vt 0.500011 0.488991
vt 0.491007 0.488747
vt 0.490259 0.476670
vt 0.480426 0.475760
vt 0.479182 0.463964
vt 0.489230 0.464712
vt 0.481293 0.487658
vt 0.470852 0.485874
vt 0.469823 0.474353
vt 0.458176 0.472635
vt 0.468446 0.462854
vt 0.459294 0.483845
vt 0.448025 0.482520
vt 0.477724 0.452258
vt 0.486713 0.441166
vt 0.488023 0.452887
vt 0.496627 0.441425
vt 0.497590 0.453124
vt 0.506038 0.441351
vt 0.506793 0.452969
vt 0.516064 0.441151
vt 0.516538 0.452628
vt 0.526474 0.441018
vt 0.526726 0.452362
vt 0.537048 0.441085
vt 0.537151 0.452295
vt 0.548006 0.441374
vt 0.547977 0.452473
vt 0.559224 0.441722
vt 0.559120 0.452710
vt 0.570145 0.441840
vt 0.569990 0.452776
vt 0.581645 0.441855
vt 0.581319 0.452754
vt 0.592973 0.441995
vt 0.592522 0.452880
vt 0.604413 0.442381
vt 0.603813 0.453235
vt 0.615979 0.443017
vt 0.615238 0.453865
vt 0.627811 0.443921
vt 0.626930 0.454783
vt 0.639073 0.444809
vt 0.102579 0.839773
vt 0.638088 0.455708
vt 0.102860 0.851309
vt 0.113100 0.839440
vt 0.113308 0.850813
vt 0.123511 0.839099
vt 0.123644 0.850339
vt 0.133885 0.838818
vt 0.133996 0.849932
vt 0.144206 0.838596
vt 0.144325 0.849577
vt 0.154476 0.838411
vt 0.154647 0.849244
vt 0.164717 0.838159
vt 0.164990 0.848866
vt 0.174935 0.837804
vt 0.175364 0.848370
vt 0.185271 0.837567
vt 0.185849 0.847911
vt 0.195919 0.837619
vt 0.196585 0.847607
vt 0.207107 0.837730
vt 0.194934 0.827341
vt 0.205737 0.827882
vt 0.217088 0.827837
vt 0.204108 0.817234
vt 0.214807 0.817708
vt 0.226025 0.816990
vt 0.212897 0.806772
vt 0.223508 0.806735
vt 0.234955 0.805424
vt 0.221886 0.795784
vt 0.232808 0.795295
vt 0.245106 0.793688
vt 0.247461 0.803218
vt 0.258886 0.791297
vt 0.260966 0.800604
vt 0.273791 0.788646
vt 0.256924 0.781945
vt 0.272014 0.779516
vt 0.255976 0.772223
vt 0.270792 0.770498
vt 0.256317 0.762057
vt 0.270570 0.761072
vt 0.286801 0.760368
vt 0.271140 0.751313
vt 0.286030 0.750639
vt 0.300373 0.749773
vt 0.285845 0.740769
vt 0.299062 0.739688
vt 0.310680 0.738274
vt 0.298455 0.729559
vt 0.309836 0.728093
vt 0.298344 0.719259
vt 0.309495 0.717763
vt 0.298470 0.708811
vt 0.309443 0.707249
vt 0.319920 0.705909
vt 0.309495 0.696565
vt 0.320031 0.695321
vt 0.330664 0.694632
vt 0.320180 0.684629
vt 0.330968 0.684088
vt 0.341793 0.684088
vt 0.353944 0.283756
vt 0.331271 0.673448
vt 0.355314 0.273212
vt 0.342237 0.673589
vt 0.366465 0.274515
vt 0.342719 0.663037
vt 0.356706 0.262601
vt 0.368005 0.263919
vt 0.380496 0.264364
vt 0.379282 0.275041
vt 0.392536 0.263905
vt 0.391536 0.274759
vt 0.405049 0.263127
vt 0.404250 0.273960
vt 0.417459 0.262572
vt 0.416904 0.273308
vt 0.429958 0.262224
vt 0.429528 0.272923
vt 0.442493 0.261957
vt 0.442160 0.272671
vt 0.454940 0.261668
vt 0.454659 0.272435
vt 0.467328 0.261321
vt 0.467061 0.272138
vt 0.479649 0.260913
vt 0.479360 0.271790
vt 0.479108 0.282749
vt 0.491444 0.271502
vt 0.491155 0.282512
vt 0.490926 0.293596
vt 0.502965 0.282571
vt 0.502654 0.293678
vt 0.502417 0.304858
vt 0.514301 0.294166
vt 0.513953 0.305332
vt 0.513702 0.316550
vt 0.525823 0.306162
vt 0.525519 0.317298
vt 0.525312 0.328471
vt 0.513554 0.327819
vt 0.525201 0.339689
vt 0.513487 0.339111
vt 0.525186 0.350936
vt 0.513539 0.350425
vt 0.525230 0.362191
vt 0.513687 0.361739
vt 0.525327 0.373453
vt 0.513872 0.373046
vt 0.525452 0.384708
vt 0.514124 0.384352
vt 0.525615 0.395962
vt 0.514450 0.395666
vt 0.525786 0.407224
vt 0.514797 0.406995
vt 0.525993 0.418479
vt 0.515182 0.418353
vt 0.504676 0.418301
vt 0.515605 0.429734
vt 0.505320 0.429793
vt 0.495657 0.429800
vt 0.526230 0.429741
vt 0.536803 0.418723
vt 0.536929 0.429897
vt 0.547992 0.419146
vt 0.548014 0.430260
vt 0.559350 0.419612
vt 0.559298 0.430682
vt 0.570390 0.419908
vt 0.570264 0.430889
vt 0.582081 0.420086
vt 0.581874 0.430970
vt 0.593662 0.420293
vt 0.593344 0.431133
vt 0.605339 0.420715
vt 0.604909 0.431533
vt 0.617156 0.421330
vt 0.616616 0.432170
vt 0.629395 0.422137
vt 0.628655 0.433044
vt 0.640776 0.422885
vt 0.102290 0.816790
vt 0.639947 0.433873
vt 0.102438 0.828267
vt 0.113019 0.816672
vt 0.113019 0.828060
vt 0.123585 0.816516
vt 0.123496 0.827815
vt 0.134040 0.816435
vt 0.133907 0.827652
vt 0.144369 0.816435
vt 0.144243 0.827563
vt 0.154380 0.816427
vt 0.154402 0.827497
vt 0.164176 0.816220
vt 0.164465 0.827304
vt 0.173942 0.815916
vt 0.174483 0.827030
vt 0.183746 0.815909
vt 0.184575 0.826986
vt 0.193771 0.816405
vt 0.182909 0.804358
vt 0.192653 0.804876
vt 0.202664 0.805869
vt 0.191794 0.792948
vt 0.201605 0.794051
vt 0.211646 0.795206
vt 0.201080 0.782078
vt 0.211024 0.783366
vt 0.221190 0.784285
vt 0.210868 0.771579
vt 0.221212 0.772726
vt 0.231852 0.773356
vt 0.231823 0.784573
vt 0.243233 0.773319
vt 0.243559 0.783811
vt 0.232378 0.762153
vt 0.243818 0.762442
vt 0.233104 0.751180
vt 0.244699 0.751668
vt 0.257301 0.751742
vt 0.245669 0.741117
vt 0.258338 0.741495
vt 0.271903 0.741383
vt 0.259345 0.731299
vt 0.272636 0.731358
vt 0.285927 0.730736
vt 0.273391 0.721281
vt 0.286252 0.720570
vt 0.274235 0.711151
vt 0.286704 0.710292
vt 0.275138 0.700904
vt 0.287149 0.699852
vt 0.298618 0.698201
vt 0.287511 0.689197
vt 0.298751 0.687420
vt 0.309562 0.685769
vt 0.298885 0.676484
vt 0.309643 0.674855
vt 0.320357 0.673841
vt 0.309732 0.663830
vt 0.320565 0.662971
vt 0.331612 0.662771
vt 0.320853 0.652072
vt 0.332019 0.652064
vt 0.343266 0.652471
vt 0.358120 0.251939
vt 0.332508 0.641306
vt 0.343859 0.641802
vt 0.359579 0.241151
vt 0.371019 0.242521
vt 0.369553 0.253287
vt 0.382496 0.242721
vt 0.381563 0.253568
vt 0.394224 0.242150
vt 0.393439 0.252998
vt 0.406390 0.241580
vt 0.405768 0.252309
vt 0.418429 0.241255
vt 0.417977 0.251880
vt 0.430691 0.240995
vt 0.430358 0.251576
vt 0.443049 0.240736
vt 0.442804 0.251302
vt 0.455444 0.240396
vt 0.455222 0.250984
vt 0.467868 0.239944
vt 0.467617 0.250577
vt 0.480300 0.239411
vt 0.479982 0.250118
vt 0.492569 0.238989
vt 0.492184 0.249740
vt 0.491792 0.260587
vt 0.504320 0.249755
vt 0.503832 0.260610
vt 0.503365 0.271546
vt 0.515841 0.261180
vt 0.515249 0.272101
vt 0.514731 0.283089
vt 0.527311 0.273049
vt 0.526733 0.284030
vt 0.526237 0.295077
vt 0.538677 0.285066
vt 0.538129 0.296069
vt 0.537662 0.307095
vt 0.549791 0.296995
vt 0.549332 0.307983
vt 0.548947 0.318993
vt 0.537285 0.318142
vt 0.548613 0.330041
vt 0.536989 0.329234
vt 0.548354 0.341125
vt 0.536766 0.340370
vt 0.548162 0.352254
vt 0.536626 0.351551
vt 0.548065 0.363412
vt 0.536566 0.362754
vt 0.548014 0.374578
vt 0.536559 0.373956
vt 0.547977 0.385737
vt 0.536581 0.385152
vt 0.547962 0.396880
vt 0.536633 0.396355
vt 0.547969 0.408024
vt 0.536707 0.407550
vt 0.559483 0.397458
vt 0.559409 0.408535
vt 0.570693 0.397902
vt 0.570538 0.408913
vt 0.582481 0.398258
vt 0.582296 0.409179
vt 0.594217 0.398583
vt 0.593951 0.409453
vt 0.605998 0.399028
vt 0.605702 0.409883
vt 0.617926 0.399590
vt 0.617586 0.410475
vt 0.630373 0.400235
vt 0.629980 0.411201
vt 0.641768 0.400738
vt 0.102379 0.793933
vt 0.641420 0.411837
vt 0.102238 0.805335
vt 0.113138 0.793873
vt 0.113071 0.805276
vt 0.123852 0.793762
vt 0.123726 0.805173
vt 0.134388 0.793703
vt 0.134218 0.805128
vt 0.144643 0.793725
vt 0.144525 0.805165
vt 0.154262 0.793718
vt 0.154350 0.805173
vt 0.163421 0.793392
vt 0.163821 0.804884
vt 0.172750 0.792800
vt 0.173343 0.804462
vt 0.182147 0.792474
vt 0.172165 0.781123
vt 0.181569 0.780494
vt 0.191284 0.780886
vt 0.181280 0.768706
vt 0.190987 0.768832
vt 0.201057 0.770157
vt 0.190950 0.756962
vt 0.201220 0.758258
vt 0.211179 0.759939
vt 0.201317 0.746500
vt 0.211838 0.748440
vt 0.222064 0.750069
vt 0.221538 0.761346
vt 0.212549 0.737156
vt 0.222893 0.738962
vt 0.233955 0.740354
vt 0.224041 0.727989
vt 0.234947 0.729559
vt 0.246757 0.730699
vt 0.236236 0.718800
vt 0.247979 0.720296
vt 0.260411 0.721147
vt 0.249416 0.709804
vt 0.261625 0.710966
vt 0.251082 0.699282
vt 0.263003 0.700659
vt 0.252807 0.688768
vt 0.264395 0.690204
vt 0.275983 0.690389
vt 0.265631 0.679497
vt 0.276730 0.679542
vt 0.287845 0.678290
vt 0.277441 0.668383
vt 0.288185 0.667147
vt 0.299033 0.665377
vt 0.288541 0.655700
vt 0.299173 0.654063
vt 0.309850 0.652723
vt 0.299344 0.642564
vt 0.310095 0.641550
vt 0.321246 0.641143
vt 0.310502 0.630362
vt 0.321720 0.630214
vt 0.333056 0.630480
vt 0.322275 0.619233
vt 0.333619 0.619544
vt 0.345058 0.620010
vt 0.362630 0.219130
vt 0.344466 0.630976
vt 0.361097 0.230192
vt 0.373943 0.220448
vt 0.372470 0.231547
vt 0.384458 0.220826
vt 0.383436 0.231814
vt 0.395890 0.220574
vt 0.394994 0.231370
vt 0.407471 0.220293
vt 0.406923 0.230933
vt 0.419147 0.220100
vt 0.418814 0.230681
vt 0.431098 0.219945
vt 0.430943 0.230466
vt 0.443212 0.219797
vt 0.443189 0.230252
vt 0.455518 0.219530
vt 0.455555 0.229918
vt 0.467965 0.219101
vt 0.468002 0.229445
vt 0.480656 0.218479
vt 0.480530 0.228822
vt 0.493377 0.218079
vt 0.492954 0.228386
vt 0.506305 0.218242
vt 0.505505 0.228474
vt 0.504861 0.239018
vt 0.518174 0.229200
vt 0.517248 0.239677
vt 0.516493 0.250355
vt 0.529658 0.240610
vt 0.528755 0.251317
vt 0.527985 0.262135
vt 0.540928 0.252265
vt 0.540069 0.263157
vt 0.539321 0.274086
vt 0.551768 0.264060
vt 0.550983 0.275033
vt 0.550339 0.286014
vt 0.562874 0.275974
vt 0.562297 0.286955
vt 0.561786 0.297913
vt 0.573803 0.287813
vt 0.573322 0.298728
vt 0.572863 0.309656
vt 0.561342 0.308879
vt 0.572441 0.320622
vt 0.560949 0.319867
vt 0.572048 0.331625
vt 0.560572 0.330892
vt 0.571708 0.342658
vt 0.560261 0.341955
vt 0.571419 0.353713
vt 0.560009 0.353032
vt 0.571175 0.364775
vt 0.559816 0.364138
vt 0.570990 0.375837
vt 0.559683 0.375260
vt 0.570849 0.386884
vt 0.559579 0.386366
vt 0.582822 0.376318
vt 0.582666 0.387299
vt 0.594684 0.376740
vt 0.594454 0.387677
vt 0.606509 0.377199
vt 0.606264 0.388128
vt 0.618467 0.377710
vt 0.618215 0.388669
vt 0.630884 0.378229
vt 0.630676 0.389254
vt 0.642213 0.378562
vt 0.102268 0.771327
vt 0.641983 0.389654
vt 0.102401 0.782611
vt 0.113041 0.771053
vt 0.113138 0.782463
vt 0.123933 0.770757
vt 0.123933 0.782278
vt 0.134573 0.770520
vt 0.134514 0.782152
vt 0.144762 0.770364
vt 0.144717 0.782108
vt 0.154032 0.770290
vt 0.154121 0.782085
vt 0.162821 0.770113
vt 0.163043 0.781812
vt 0.171669 0.769491
vt 0.162821 0.758288
vt 0.171492 0.757851
vt 0.181221 0.757103
vt 0.171603 0.746144
vt 0.181199 0.745559
vt 0.191024 0.745382
vt 0.181206 0.733949
vt 0.191150 0.733957
vt 0.201413 0.735053
vt 0.191654 0.722421
vt 0.201872 0.723850
vt 0.213341 0.726116
vt 0.202909 0.712736
vt 0.214385 0.715231
vt 0.225425 0.717104
vt 0.215578 0.704339
vt 0.226951 0.706301
vt 0.237850 0.708064
vt 0.228476 0.695639
vt 0.239597 0.697401
vt 0.230023 0.685140
vt 0.241360 0.686902
vt 0.231615 0.674722
vt 0.243077 0.676476
vt 0.254384 0.678180
vt 0.244699 0.666036
vt 0.255835 0.667458
vt 0.266742 0.668502
vt 0.257227 0.656514
vt 0.267786 0.657173
vt 0.278115 0.656892
vt 0.268674 0.645422
vt 0.278685 0.645000
vt 0.288866 0.643927
vt 0.279159 0.632746
vt 0.289229 0.631931
vt 0.299647 0.631006
vt 0.289703 0.619862
vt 0.300158 0.619426
vt 0.311094 0.619159
vt 0.300832 0.607852
vt 0.311716 0.607949
vt 0.322830 0.608171
vt 0.312331 0.596894
vt 0.274121 0.138607
vt 0.323371 0.597220
vt 0.285346 0.138777
vt 0.334581 0.597642
vt 0.296734 0.138844
vt 0.334100 0.608541
vt 0.346065 0.598160
vt 0.365340 0.197132
vt 0.308307 0.138807
vt 0.358020 0.129644
vt 0.345554 0.609015
vt 0.364044 0.208068
vt 0.376550 0.198709
vt 0.369230 0.131688
vt 0.375387 0.209401
vt 0.386797 0.198975
vt 0.379611 0.132051
vt 0.385702 0.209801
vt 0.397438 0.198901
vt 0.390273 0.132058
vt 0.396808 0.209704
vt 0.408455 0.198864
vt 0.401202 0.132176
vt 0.408019 0.209556
vt 0.419806 0.198864
vt 0.412450 0.132473
vt 0.419451 0.209438
vt 0.431468 0.198924
vt 0.424045 0.132969
vt 0.431209 0.209371
vt 0.443375 0.198990
vt 0.435966 0.133561
vt 0.443182 0.209334
vt 0.455562 0.199027
vt 0.448302 0.134124
vt 0.455429 0.209201
vt 0.467965 0.199027
vt 0.461000 0.134405
vt 0.467868 0.208964
vt 0.480856 0.198887
vt 0.474202 0.134220
vt 0.480745 0.208497
vt 0.494095 0.198731
vt 0.487671 0.133739
vt 0.493873 0.208209
vt 0.507341 0.198553
vt 0.501036 0.133132
vt 0.507119 0.208305
vt 0.513890 0.132539
vt 0.520173 0.198383
vt 0.520084 0.208608
vt 0.519225 0.218893
vt 0.532420 0.208764
vt 0.531702 0.219419
vt 0.530687 0.230015
vt 0.543845 0.219723
vt 0.542927 0.230592
vt 0.541905 0.241425
vt 0.554692 0.230933
vt 0.553678 0.242025
vt 0.552678 0.253057
vt 0.565333 0.242595
vt 0.564400 0.253842
vt 0.563578 0.264956
vt 0.575714 0.254701
vt 0.574980 0.265867
vt 0.574351 0.276870
vt 0.586420 0.266859
vt 0.585976 0.277825
vt 0.585547 0.288695
vt 0.597927 0.278647
vt 0.597594 0.289457
vt 0.597209 0.300245
vt 0.585125 0.299542
vt 0.596772 0.311078
vt 0.584695 0.310412
vt 0.596313 0.321963
vt 0.584273 0.321326
vt 0.595883 0.332899
vt 0.583881 0.332299
vt 0.595506 0.343857
vt 0.583533 0.343302
vt 0.595187 0.354831
vt 0.583244 0.354312
vt 0.594913 0.365797
vt 0.583007 0.365315
vt 0.607034 0.355297
vt 0.606760 0.366256
vt 0.618963 0.355734
vt 0.618704 0.366730
vt 0.631543 0.356127
vt 0.631173 0.367181
vt 0.642953 0.356363
vt 0.101483 0.748906
vt 0.642479 0.367485
vt 0.101972 0.760109
vt 0.112523 0.748336
vt 0.112834 0.759672
vt 0.123726 0.747781
vt 0.123866 0.759243
vt 0.134514 0.747300
vt 0.134581 0.758880
vt 0.144791 0.746892
vt 0.144791 0.758599
vt 0.154121 0.746604
vt 0.154054 0.758428
vt 0.162954 0.746448
vt 0.154210 0.734838
vt 0.163184 0.734616
vt 0.171884 0.734364
vt 0.163502 0.722850
vt 0.172373 0.722598
vt 0.181591 0.722214
vt 0.172958 0.710914
vt 0.182213 0.710581
vt 0.192520 0.710892
vt 0.183028 0.699119
vt 0.193542 0.699586
vt 0.204212 0.701666
vt 0.194601 0.688442
vt 0.205581 0.690604
vt 0.216784 0.693455
vt 0.206892 0.679534
vt 0.218102 0.682600
vt 0.208210 0.668643
vt 0.219568 0.671908
vt 0.209646 0.657817
vt 0.221079 0.661327
vt 0.233170 0.664363
vt 0.222819 0.650798
vt 0.234822 0.654019
vt 0.246313 0.655492
vt 0.236761 0.643519
vt 0.247979 0.644675
vt 0.258501 0.645178
vt 0.249356 0.633294
vt 0.259449 0.633279
vt 0.269326 0.633183
vt 0.259982 0.620862
vt 0.269755 0.620647
vt 0.279603 0.620329
vt 0.270059 0.608052
vt 0.280048 0.607949
vt 0.290273 0.607867
vt 0.280529 0.595954
vt 0.241964 0.137851
vt 0.290903 0.596250
vt 0.252411 0.138103
vt 0.263125 0.138355
vt 0.301506 0.596598
vt 0.252818 0.128018
vt 0.263510 0.128337
vt 0.274395 0.128655
vt 0.263821 0.118437
vt 0.274610 0.118844
vt 0.285405 0.119089
vt 0.285427 0.128885
vt 0.295994 0.119177
vt 0.296556 0.128922
vt 0.306212 0.118385
vt 0.360907 0.109319
vt 0.307737 0.128596
vt 0.359101 0.119508
vt 0.370718 0.113021
vt 0.369800 0.121285
vt 0.380996 0.112162
vt 0.380211 0.121929
vt 0.391303 0.112592
vt 0.390769 0.122188
vt 0.402217 0.112806
vt 0.401713 0.122425
vt 0.413494 0.113147
vt 0.413012 0.122765
vt 0.425074 0.113584
vt 0.424630 0.123239
vt 0.436884 0.114021
vt 0.436529 0.123780
vt 0.448872 0.114354
vt 0.448746 0.124276
vt 0.461259 0.114510
vt 0.461230 0.124506
vt 0.474062 0.114791
vt 0.474121 0.124468
vt 0.486960 0.114354
vt 0.487375 0.124054
vt 0.500110 0.113510
vt 0.500540 0.123417
vt 0.512883 0.112969
vt 0.513305 0.122751
vt 0.525248 0.112481
vt 0.525656 0.122203
vt 0.526115 0.132021
vt 0.532450 0.198168
vt 0.537725 0.121788
vt 0.544437 0.197998
vt 0.537999 0.131725
vt 0.544423 0.208816
vt 0.549683 0.131591
vt 0.556240 0.197820
vt 0.556114 0.208720
vt 0.555574 0.219797
vt 0.567828 0.208534
vt 0.567206 0.219767
vt 0.566303 0.231199
vt 0.578668 0.220026
vt 0.577550 0.231695
vt 0.576558 0.243320
vt 0.588427 0.232732
vt 0.587531 0.244327
vt 0.586917 0.255715
vt 0.598956 0.245423
vt 0.598512 0.256678
vt 0.598216 0.267740
vt 0.609989 0.257159
vt 0.609855 0.268147
vt 0.609700 0.279047
vt 0.621310 0.268140
vt 0.621243 0.279098
vt 0.621080 0.290035
vt 0.609448 0.289894
vt 0.620821 0.300964
vt 0.609085 0.300727
vt 0.620473 0.311900
vt 0.608641 0.311589
vt 0.620044 0.322829
vt 0.608175 0.322473
vt 0.619637 0.333773
vt 0.607730 0.333395
vt 0.619281 0.344746
vt 0.607353 0.344339
vt 0.632246 0.334017
vt 0.631913 0.345064
vt 0.643590 0.334002
vt 0.100802 0.726538
vt 0.643375 0.345183
vt 0.101054 0.737703
vt 0.111893 0.725790
vt 0.112204 0.737045
vt 0.123259 0.725020
vt 0.123518 0.736378
vt 0.134159 0.724294
vt 0.134351 0.735771
vt 0.144658 0.723635
vt 0.144732 0.735230
vt 0.154365 0.723139
vt 0.144584 0.712114
vt 0.154498 0.711514
vt 0.163850 0.711151
vt 0.154632 0.699993
vt 0.164228 0.699563
vt 0.173580 0.699341
vt 0.164628 0.688072
vt 0.174298 0.687894
vt 0.183983 0.687850
vt 0.175068 0.676565
vt 0.185027 0.676661
vt 0.195667 0.677321
vt 0.186078 0.665525
vt 0.196741 0.666251
vt 0.187152 0.654433
vt 0.197985 0.655278
vt 0.188270 0.643453
vt 0.199377 0.644467
vt 0.211231 0.647081
vt 0.201020 0.633931
vt 0.213186 0.636596
vt 0.225040 0.640402
vt 0.215533 0.626415
vt 0.227617 0.629962
vt 0.238701 0.632502
vt 0.229779 0.619018
vt 0.240123 0.620610
vt 0.250178 0.621047
vt 0.240708 0.608141
vt 0.250386 0.608252
vt 0.260204 0.608163
vt 0.250452 0.595791
vt 0.211739 0.137355
vt 0.260337 0.595820
vt 0.221675 0.137444
vt 0.231731 0.137622
vt 0.270348 0.595820
vt 0.221779 0.127315
vt 0.231982 0.127470
vt 0.242319 0.127715
vt 0.232168 0.117467
vt 0.242600 0.117689
vt 0.253137 0.118052
vt 0.221853 0.117371
vt 0.211642 0.127226
vt 0.211613 0.117289
vt 0.201476 0.127248
vt 0.201299 0.117319
vt 0.191051 0.127359
vt 0.190762 0.117549
vt 0.180011 0.127559
vt 0.179692 0.117748
vt 0.168023 0.127996
vt 0.167757 0.118178
vt 0.155073 0.128566
vt 0.154947 0.118785
vt 0.141404 0.128833
vt 0.141530 0.119155
vt 0.127469 0.128492
vt 0.128121 0.118933
vt 0.114267 0.127582
vt 0.114941 0.117756
vt 0.101909 0.126449
vt 0.102635 0.116675
vt 0.090158 0.125331
vt 0.091017 0.115512
vt 0.078696 0.124294
vt 0.079733 0.114572
vt 0.067323 0.123117
vt 0.068745 0.113306
vt 0.639047 0.122025
vt 0.056039 0.121725
vt 0.638684 0.113628
vt 0.057572 0.113439
vt 0.628266 0.122388
vt 0.627992 0.112148
vt 0.617611 0.122255
vt 0.617589 0.112214
vt 0.606971 0.121973
vt 0.607037 0.112073
vt 0.596160 0.121825
vt 0.596131 0.111962
vt 0.584980 0.121795
vt 0.584935 0.111925
vt 0.573414 0.121692
vt 0.573310 0.111659
vt 0.561537 0.121610
vt 0.561441 0.111733
vt 0.549638 0.121596
vt 0.549527 0.111777
vt 0.537451 0.111985
vt 0.561486 0.131629
vt 0.568080 0.197680
vt 0.579971 0.197591
vt 0.573458 0.131754
vt 0.579623 0.208594
vt 0.591455 0.197591
vt 0.585106 0.131903
vt 0.590922 0.209230
vt 0.589678 0.221011
vt 0.601925 0.210134
vt 0.600844 0.222314
vt 0.599734 0.233998
vt 0.611595 0.222995
vt 0.610833 0.234702
vt 0.610263 0.246023
vt 0.621836 0.234790
vt 0.621517 0.246082
vt 0.621362 0.257159
vt 0.633386 0.245853
vt 0.633209 0.256981
vt 0.633053 0.267992
vt 0.096470 0.649724
vt 0.644130 0.256804
vt 0.644182 0.267807
vt 0.097485 0.660624
vt 0.644019 0.278758
vt 0.098662 0.671464
vt 0.632950 0.278980
vt 0.643997 0.289694
vt 0.099521 0.682341
vt 0.632876 0.289961
vt 0.644056 0.300660
vt 0.099987 0.693284
vt 0.632861 0.300956
vt 0.644049 0.311722
vt 0.100276 0.704317
vt 0.632764 0.311959
vt 0.643797 0.322844
vt 0.100572 0.715401
vt 0.632542 0.322977
vt 0.111205 0.703414
vt 0.111568 0.714580
vt 0.122645 0.702466
vt 0.122963 0.713713
vt 0.133677 0.701548
vt 0.133929 0.712876
vt 0.144466 0.700696
vt 0.133374 0.690308
vt 0.144325 0.689382
vt 0.154728 0.688583
vt 0.144110 0.678194
vt 0.154780 0.677313
vt 0.165013 0.676721
vt 0.154824 0.666192
vt 0.165420 0.665547
vt 0.175853 0.665370
vt 0.165886 0.654515
vt 0.176630 0.654263
vt 0.166353 0.643608
vt 0.177415 0.643245
vt 0.166760 0.632864
vt 0.178156 0.632390
vt 0.189470 0.632687
vt 0.178881 0.621884
vt 0.190817 0.622298
vt 0.202960 0.623779
vt 0.192387 0.612547
vt 0.205174 0.614057
vt 0.217873 0.616330
vt 0.206974 0.604528
vt 0.219332 0.605890
vt 0.230601 0.607267
vt 0.180618 0.137481
vt 0.219287 0.595087
vt 0.230253 0.595250
vt 0.191577 0.137392
vt 0.201809 0.137355
vt 0.240545 0.595554
vt 0.168549 0.137733
vt 0.207255 0.594954
vt 0.194105 0.594969
vt 0.155221 0.138096
vt 0.193757 0.603580
vt 0.180162 0.603351
vt 0.180362 0.595043
vt 0.141145 0.138266
vt 0.179607 0.612125
vt 0.166945 0.612584
vt 0.166694 0.603550
vt 0.166982 0.622409
vt 0.154995 0.623505
vt 0.154417 0.613576
vt 0.155157 0.633820
vt 0.143222 0.634953
vt 0.142770 0.624697
vt 0.155076 0.644415
vt 0.143473 0.645459
vt 0.131648 0.646540
vt 0.131152 0.636019
vt 0.154943 0.655218
vt 0.143666 0.656188
vt 0.132108 0.657247
vt 0.120520 0.658321
vt 0.119846 0.647584
vt 0.143866 0.667117
vt 0.132552 0.668139
vt 0.121164 0.669190
vt 0.109465 0.670331
vt 0.108658 0.659461
vt 0.132989 0.679172
vt 0.121756 0.680193
vt 0.110176 0.681282
vt 0.122252 0.691285
vt 0.110761 0.692307
vt 0.107828 0.648643
vt 0.095611 0.638707
vt 0.643953 0.245660
vt 0.107073 0.637825
vt 0.119179 0.636944
vt 0.106511 0.626897
vt 0.118557 0.626319
vt 0.130560 0.625630
vt 0.118047 0.615508
vt 0.129886 0.615168
vt 0.142000 0.614553
vt 0.129398 0.604402
vt 0.141222 0.604335
vt 0.153617 0.604002
vt 0.101065 0.136260
vt 0.141171 0.593976
vt 0.153417 0.594487
vt 0.113512 0.137192
vt 0.126966 0.137940
vt 0.166560 0.594880
vt 0.089255 0.135275
vt 0.129479 0.593495
vt 0.117980 0.593221
vt 0.077660 0.134320
vt 0.117802 0.604387
vt 0.106148 0.604298
vt 0.106392 0.592955
vt 0.066027 0.133157
vt 0.106177 0.615738
vt 0.094323 0.616034
vt 0.644278 0.222781
vt 0.644256 0.210911
vt 0.094330 0.604202
vt 0.094900 0.627496
vt 0.643982 0.234331
vt 0.633438 0.234517
vt 0.633527 0.222832
vt 0.622273 0.223091
vt 0.622820 0.210808
vt 0.633831 0.210726
vt 0.617500 0.132413
vt 0.623590 0.198383
vt 0.634238 0.198768
vt 0.628332 0.132665
vt 0.644686 0.199153
vt 0.638936 0.132347
vt 0.054358 0.131869
vt 0.094715 0.592599
vt 0.612995 0.198102
vt 0.606845 0.132199
vt 0.612336 0.210645
vt 0.596234 0.132021
vt 0.602444 0.197791
vt 0.226603 0.880001
vt 0.236673 0.869191
vt 0.234955 0.881386
vt 0.242529 0.883370
vt 0.249260 0.886258
vt 0.174500 0.158111
vt 0.774577 0.635918
vt 0.184964 0.158481
vt 0.774646 0.626304
vt 0.195841 0.158775
vt 0.774510 0.616361
vt 0.207010 0.159227
vt 0.774021 0.606165
vt 0.218142 0.159665
vt 0.773052 0.596021
vt 0.229263 0.160274
vt 0.771616 0.585871
vt 0.240522 0.161191
vt 0.769668 0.575685
vt 0.251707 0.161287
vt 0.766615 0.565815
vt 0.262493 0.161465
vt 0.763161 0.556270
vt 0.273072 0.161640
vt 0.759407 0.546998
vt 0.283252 0.161126
vt 0.755137 0.538215
vt 0.292700 0.160648
vt 0.750920 0.529980
vt 0.301393 0.160155
vt 0.747223 0.522261
vt 0.366380 0.147347
vt 0.309740 0.160980
vt 0.716469 0.983014
vt 0.742586 0.515373
vt 0.378397 0.146369
vt 0.722801 0.972832
vt 0.390133 0.146858
vt 0.727944 0.962397
vt 0.401825 0.147265
vt 0.733072 0.951992
vt 0.413657 0.147650
vt 0.738199 0.941520
vt 0.425578 0.147909
vt 0.743058 0.930934
vt 0.143019 0.157005
vt 0.776812 0.664249
vt 0.153497 0.157344
vt 0.776255 0.654839
vt 0.164068 0.157897
vt 0.775438 0.645389
vt 0.132877 0.156067
vt 0.777770 0.673356
vt 0.122908 0.154866
vt 0.778490 0.682379
vt 0.112909 0.154036
vt 0.779321 0.691354
vt 0.102923 0.153117
vt 0.779958 0.700297
vt 0.092561 0.152627
vt 0.780394 0.709568
vt 0.081784 0.151789
vt 0.780393 0.719306
vt 0.070669 0.151077
vt 0.780075 0.729480
vt 0.059512 0.150121
vt 0.639795 0.151471
vt 0.779692 0.739810
vt 0.629244 0.153529
vt 0.778030 0.749792
vt 0.618478 0.152915
vt 0.779373 0.759736
vt 0.607046 0.153181
vt 0.779547 0.770131
vt 0.595702 0.153389
vt 0.779948 0.780373
vt 0.584077 0.153500
vt 0.780500 0.790812
vt 0.571519 0.153966
vt 0.780623 0.802096
vt 0.558843 0.154225
vt 0.780110 0.813436
vt 0.545981 0.154514
vt 0.779057 0.824829
vt 0.532720 0.153692
vt 0.776944 0.836574
vt 0.519466 0.152848
vt 0.774372 0.848342
vt 0.506346 0.151500
vt 0.770996 0.859857
vt 0.494499 0.150501
vt 0.767309 0.870119
vt 0.483392 0.149857
vt 0.763760 0.879786
vt 0.472189 0.149323
vt 0.760133 0.889609
vt 0.460809 0.148805
vt 0.756205 0.899631
vt 0.449213 0.148428
vt 0.752096 0.909922
vt 0.437448 0.148117
vt 0.747687 0.920367
vt 0.704881 0.643828
vt 0.704831 0.635475
vt 0.704565 0.627001
vt 0.704009 0.618479
vt 0.703087 0.610171
vt 0.701789 0.602011
vt 0.700161 0.593997
vt 0.697768 0.586300
vt 0.695105 0.578815
vt 0.692237 0.571526
vt 0.688953 0.564526
vt 0.685675 0.557844
vt 0.682728 0.551527
vt 0.679008 0.545860
vt 0.656864 0.946589
vt 0.662044 0.938286
vt 0.666227 0.929734
vt 0.670381 0.921212
vt 0.674563 0.912630
vt 0.678566 0.903910
vt 0.706849 0.668787
vt 0.706341 0.660450
vt 0.705633 0.652124
vt 0.707710 0.676948
vt 0.708356 0.685150
vt 0.709056 0.693395
vt 0.709547 0.701628
vt 0.709896 0.710154
vt 0.709897 0.719107
vt 0.709675 0.728508
vt 0.709347 0.738126
vt 0.707947 0.747467
vt 0.708940 0.756803
vt 0.708930 0.766452
vt 0.709035 0.775878
vt 0.709155 0.785310
vt 0.708838 0.795143
vt 0.708049 0.804673
vt 0.707094 0.813998
vt 0.705587 0.823600
vt 0.703899 0.833375
vt 0.701515 0.843162
vt 0.698693 0.852091
vt 0.695804 0.860532
vt 0.692791 0.869034
vt 0.689512 0.877630
vt 0.686080 0.886361
vt 0.682404 0.895135
vt 0.726096 0.692986
vt 0.743054 0.692498
vt 0.762377 0.691791
vt 0.762954 0.700638
vt 0.743550 0.700983
vt 0.726627 0.701353
vt 0.701394 0.551334
vt 0.716880 0.544621
vt 0.735468 0.536966
vt 0.739570 0.544974
vt 0.720450 0.551832
vt 0.704841 0.558347
vt 0.726397 0.738281
vt 0.743280 0.738164
vt 0.762683 0.739877
vt 0.761149 0.749997
vt 0.741889 0.747556
vt 0.724955 0.747718
vt 0.694334 0.910389
vt 0.710006 0.916833
vt 0.727357 0.924506
vt 0.722613 0.934875
vt 0.705818 0.926007
vt 0.690196 0.919407
vt 0.726739 0.728573
vt 0.743674 0.728508
vt 0.763108 0.729457
vt 0.681551 0.937102
vt 0.697051 0.943904
vt 0.712536 0.955356
vt 0.707392 0.965681
vt 0.692659 0.952763
vt 0.677226 0.945960
vt 0.726081 0.776587
vt 0.742986 0.776522
vt 0.762982 0.780832
vt 0.763480 0.791102
vt 0.743109 0.786532
vt 0.726213 0.786331
vt 0.721788 0.642178
vt 0.738588 0.640707
vt 0.757649 0.637265
vt 0.758575 0.646602
vt 0.739459 0.649431
vt 0.722575 0.650733
vt 0.725972 0.766948
vt 0.742875 0.766764
vt 0.762596 0.770582
vt 0.698301 0.901315
vt 0.714014 0.907624
vt 0.731900 0.914111
vt 0.724023 0.816569
vt 0.740940 0.819288
vt 0.762452 0.822186
vt 0.760411 0.832515
vt 0.738968 0.830586
vt 0.722431 0.826779
vt 0.721734 0.633514
vt 0.738560 0.631881
vt 0.757757 0.627739
vt 0.725065 0.806672
vt 0.741977 0.808250
vt 0.763181 0.812191
vt 0.725387 0.684586
vt 0.742262 0.684025
vt 0.761481 0.682875
vt 0.715127 0.856810
vt 0.731051 0.862427
vt 0.751308 0.864266
vt 0.747817 0.873895
vt 0.728015 0.871389
vt 0.712133 0.865586
vt 0.716742 0.589768
vt 0.733288 0.585621
vt 0.753268 0.579652
vt 0.754897 0.589021
vt 0.735087 0.594943
vt 0.718491 0.598313
vt 0.718090 0.847465
vt 0.734156 0.852776
vt 0.754923 0.854183
vt 0.726980 0.719060
vt 0.743930 0.718965
vt 0.763398 0.719314
vt 0.759343 0.655845
vt 0.740204 0.658193
vt 0.723309 0.659295
vt 0.724715 0.676200
vt 0.741654 0.675519
vt 0.760851 0.673925
vt 0.705643 0.883251
vt 0.721434 0.889329
vt 0.740326 0.893606
vt 0.736261 0.903808
vt 0.717861 0.898448
vt 0.702097 0.892258
vt 0.725986 0.757150
vt 0.742845 0.756959
vt 0.762383 0.760085
vt 0.726971 0.710004
vt 0.743985 0.709774
vt 0.763475 0.709737
vt 0.759911 0.665026
vt 0.740765 0.666974
vt 0.723836 0.667854
vt 0.725881 0.796601
vt 0.742846 0.797334
vt 0.763660 0.801844
vt 0.720605 0.837157
vt 0.736972 0.841870
vt 0.758199 0.843299
vt 0.756248 0.598558
vt 0.736574 0.604204
vt 0.719872 0.606998
vt 0.709021 0.874379
vt 0.724869 0.880338
vt 0.744233 0.883674
vt 0.708303 0.565751
vt 0.724162 0.559624
vt 0.743698 0.553226
vt 0.747122 0.561867
vt 0.727374 0.567988
vt 0.711356 0.573511
vt 0.757187 0.608199
vt 0.737654 0.613471
vt 0.720861 0.615771
vt 0.671866 0.954555
vt 0.694452 0.538851
vt 0.687360 0.961439
vt 0.709915 0.532065
vt 0.701192 0.975816
vt 0.727275 0.522372
vt 0.731743 0.529314
vt 0.713721 0.538012
vt 0.698324 0.544730
vt 0.750334 0.570705
vt 0.730421 0.576651
vt 0.714192 0.581533
vt 0.721454 0.624692
vt 0.738268 0.622784
vt 0.757625 0.618018
vt 0.717571 0.945123
vt 0.701406 0.935008
vt 0.685871 0.928288
vt 0.263259 0.115305
vt 0.866822 0.554433
vt 0.273817 0.115675
vt 0.863246 0.544785
vt 0.284494 0.115794
vt 0.859195 0.535168
vt 0.295083 0.115801
vt 0.854890 0.525733
vt 0.305153 0.114861
vt 0.361352 0.105632
vt 0.850348 0.516836
vt 0.371311 0.109452
vt 0.843639 0.981156
vt 0.844902 0.508106
vt 0.381943 0.108704
vt 0.848105 0.972095
vt 0.391902 0.109112
vt 0.851328 0.962886
vt 0.402246 0.109341
vt 0.855456 0.953525
vt 0.413079 0.109652
vt 0.859721 0.943833
vt 0.424385 0.110030
vt 0.864220 0.933869
vt 0.436151 0.110348
vt 0.868620 0.923534
vt 0.448228 0.110563
vt 0.872749 0.912862
vt 0.460697 0.110570
vt 0.876588 0.901727
vt 0.474010 0.110852
vt 0.880251 0.889843
vt 0.487708 0.110533
vt 0.882647 0.877425
vt 0.501117 0.109860
vt 0.884058 0.865009
vt 0.513816 0.109504
vt 0.885202 0.853271
vt 0.526092 0.109141
vt 0.886103 0.842012
vt 0.232316 0.114424
vt 0.876201 0.582487
vt 0.242519 0.114639
vt 0.873419 0.573227
vt 0.252848 0.114987
vt 0.870328 0.563866
vt 0.222164 0.114320
vt 0.878747 0.591634
vt 0.212109 0.114202
vt 0.880931 0.600724
vt 0.202091 0.114187
vt 0.883101 0.609755
vt 0.191710 0.114365
vt 0.885402 0.618995
vt 0.180825 0.114409
vt 0.887504 0.628766
vt 0.168993 0.114735
vt 0.890084 0.639335
vt 0.155984 0.115046
vt 0.892236 0.651076
vt 0.142197 0.115201
vt 0.893992 0.663627
vt 0.128158 0.114935
vt 0.895102 0.676422
vt 0.114622 0.113758
vt 0.895482 0.688881
vt 0.102316 0.112825
vt 0.895610 0.700183
vt 0.090891 0.111670
vt 0.895459 0.710667
vt 0.079785 0.110840
vt 0.895609 0.720806
vt 0.068811 0.109611
vt 0.895612 0.730810
vt 0.637499 0.110052
vt 0.057927 0.109678
vt 0.894075 0.740839
vt 0.627096 0.108734
vt 0.894740 0.750556
vt 0.616863 0.108853
vt 0.893946 0.759772
vt 0.606586 0.108727
vt 0.893181 0.769056
vt 0.595975 0.108630
vt 0.892500 0.778682
vt 0.584706 0.108690
vt 0.891732 0.788780
vt 0.573051 0.108394
vt 0.890552 0.799236
vt 0.561367 0.108527
vt 0.889341 0.809810
vt 0.549720 0.108534
vt 0.888071 0.820377
vt 0.538043 0.108734
vt 0.887089 0.831072
vt 0.790311 0.579479
vt 0.787531 0.571884
vt 0.784342 0.564425
vt 0.781069 0.557143
vt 0.777360 0.550485
vt 0.773242 0.543859
vt 0.772981 0.943695
vt 0.776309 0.936789
vt 0.778721 0.929762
vt 0.781860 0.922588
vt 0.785106 0.915090
vt 0.788556 0.907320
vt 0.791892 0.899148
vt 0.795011 0.890619
vt 0.797890 0.881621
vt 0.801007 0.872069
vt 0.802967 0.861934
vt 0.804122 0.851699
vt 0.805338 0.841895
vt 0.806248 0.832347
vt 0.797838 0.602134
vt 0.795598 0.594546
vt 0.793136 0.586978
vt 0.799929 0.609750
vt 0.801671 0.617443
vt 0.803412 0.625202
vt 0.805328 0.633194
vt 0.806868 0.641728
vt 0.808924 0.650928
vt 0.810532 0.661130
vt 0.811887 0.672009
vt 0.812876 0.683129
vt 0.813046 0.694061
vt 0.813351 0.704158
vt 0.813249 0.713672
vt 0.813602 0.722955
vt 0.813556 0.732144
vt 0.812917 0.741407
vt 0.813080 0.750391
vt 0.812635 0.758975
vt 0.812040 0.767587
vt 0.811562 0.776430
vt 0.811123 0.785585
vt 0.810024 0.794931
vt 0.809124 0.804325
vt 0.807981 0.813611
vt 0.807133 0.822931
vt 0.828809 0.786024
vt 0.856256 0.787442
vt 0.871610 0.787778
vt 0.870314 0.798025
vt 0.855075 0.797402
vt 0.827683 0.795681
vt 0.829361 0.776612
vt 0.856819 0.777756
vt 0.872243 0.777834
vt 0.831206 0.681680
vt 0.858626 0.679366
vt 0.875015 0.677982
vt 0.875161 0.689580
vt 0.858888 0.691209
vt 0.831406 0.692583
vt 0.826659 0.805502
vt 0.854049 0.807423
vt 0.869186 0.808541
vt 0.867849 0.819114
vt 0.852816 0.817375
vt 0.825465 0.815307
vt 0.809959 0.581623
vt 0.836392 0.574068
vt 0.850766 0.569098
vt 0.853786 0.578273
vt 0.839183 0.582574
vt 0.812643 0.589801
vt 0.830800 0.740745
vt 0.858312 0.741171
vt 0.874096 0.740276
vt 0.874388 0.749602
vt 0.858633 0.750639
vt 0.831157 0.749739
vt 0.815317 0.885655
vt 0.841678 0.892924
vt 0.857083 0.896334
vt 0.853550 0.906658
vt 0.838317 0.903146
vt 0.812234 0.894889
vt 0.819222 0.614318
vt 0.845996 0.607893
vt 0.861192 0.605399
vt 0.863332 0.614415
vt 0.847951 0.616329
vt 0.821128 0.622561
vt 0.823172 0.630998
vt 0.850073 0.625005
vt 0.865671 0.623567
vt 0.867655 0.633247
vt 0.851856 0.634246
vt 0.824898 0.639928
vt 0.801481 0.920955
vt 0.826806 0.931211
vt 0.841074 0.936132
vt 0.836877 0.945685
vt 0.823057 0.939821
vt 0.797861 0.929278
vt 0.875346 0.700467
vt 0.859156 0.701980
vt 0.831621 0.702841
vt 0.831501 0.712607
vt 0.859025 0.712019
vt 0.875109 0.710809
vt 0.875371 0.720839
vt 0.859313 0.721753
vt 0.831777 0.722126
vt 0.787810 0.953014
vt 0.788239 0.534698
vt 0.812762 0.964116
vt 0.813564 0.524412
vt 0.825188 0.973133
vt 0.826128 0.515510
vt 0.831436 0.524105
vt 0.818313 0.532082
vt 0.792872 0.542093
vt 0.829910 0.767444
vt 0.857392 0.768506
vt 0.872909 0.768163
vt 0.830260 0.670717
vt 0.857553 0.667216
vt 0.873936 0.666328
vt 0.866888 0.829884
vt 0.851901 0.827412
vt 0.824559 0.825226
vt 0.822736 0.845226
vt 0.849995 0.848152
vt 0.865057 0.851743
vt 0.863890 0.862999
vt 0.848729 0.859022
vt 0.821574 0.855453
vt 0.831773 0.731486
vt 0.859254 0.731386
vt 0.875243 0.730664
vt 0.835975 0.532529
vt 0.822505 0.539857
vt 0.796847 0.549436
vt 0.856525 0.587378
vt 0.841708 0.591032
vt 0.815076 0.597969
vt 0.818449 0.876023
vt 0.845144 0.882022
vt 0.860620 0.885670
vt 0.832779 0.954980
vt 0.819438 0.948070
vt 0.794327 0.937336
vt 0.839990 0.541449
vt 0.826318 0.548301
vt 0.800417 0.557240
vt 0.803858 0.565279
vt 0.829990 0.556899
vt 0.843884 0.550597
vt 0.847310 0.559918
vt 0.833193 0.565573
vt 0.806897 0.573492
vt 0.849673 0.916652
vt 0.834680 0.912891
vt 0.808896 0.903793
vt 0.845465 0.926478
vt 0.830803 0.922270
vt 0.805272 0.912486
vt 0.862733 0.874544
vt 0.847403 0.870513
vt 0.820416 0.865917
vt 0.829571 0.964152
vt 0.816636 0.956159
vt 0.791586 0.945263
vt 0.823637 0.835196
vt 0.850945 0.837656
vt 0.865940 0.840758
vt 0.870239 0.643542
vt 0.854169 0.644219
vt 0.827107 0.649470
vt 0.859058 0.596391
vt 0.844040 0.599458
vt 0.817323 0.606120
vt 0.828845 0.659844
vt 0.856010 0.655327
vt 0.872287 0.654697
vt 0.830567 0.758536
vt 0.858072 0.759555
vt 0.873705 0.758806
vt 0.738955 0.090288
vt 0.789777 0.342552
vt 0.729299 0.090896
vt 0.790708 0.333775
vt 0.719562 0.091258
vt 0.790920 0.324990
vt 0.670398 0.084696
vt 0.710166 0.092332
vt 0.790704 0.316240
vt 0.663993 0.081438
vt 0.786832 0.310033
vt 0.656737 0.083548
vt 0.789405 0.302850
vt 0.648415 0.083415
vt 0.791432 0.295268
vt 0.639478 0.083141
vt 0.792813 0.287174
vt 0.630037 0.082548
vt 0.793741 0.278760
vt 0.620500 0.081630
vt 0.793247 0.270411
vt 0.611148 0.081156
vt 0.791001 0.262131
vt 0.602818 0.080734
vt 0.789177 0.254342
vt 0.594533 0.080320
vt 0.787569 0.246591
vt 0.586077 0.080075
vt 0.785749 0.238706
vt 0.577399 0.080223
vt 0.783186 0.230473
vt 0.568143 0.079387
vt 0.783319 0.221527
vt 0.558636 0.079883
vt 0.780152 0.212964
vt 0.549270 0.079261
vt 0.778707 0.203764
vt 0.539096 0.079394
vt 0.777238 0.194016
vt 0.527885 0.080431
vt 0.774134 0.183147
vt 0.516927 0.080571
vt 0.774647 0.172330
vt 0.505887 0.080927
vt 0.771200 0.162080
vt 0.462720 0.086180
vt 0.495521 0.079305
vt 0.768756 0.151725
vt 0.898075 0.490302
vt 0.453057 0.085529
vt 0.899985 0.481073
vt 0.443875 0.084477
vt 0.898892 0.472009
vt 0.436152 0.082656
vt 0.898679 0.463845
vt 0.428948 0.081879
vt 0.899889 0.456674
vt 0.421980 0.080546
vt 0.899578 0.449438
vt 0.414028 0.079598
vt 0.902643 0.442122
vt 0.406335 0.079479
vt 0.902726 0.434711
vt 0.398612 0.079583
vt 0.901182 0.426847
vt 0.391704 0.079687
vt 0.903902 0.420141
vt 0.384677 0.079487
vt 0.905647 0.413265
vt 0.376747 0.078724
vt 0.908698 0.406230
vt 0.368846 0.079405
vt 0.908628 0.398632
vt 0.361516 0.079117
vt 0.909966 0.391509
vt 0.354052 0.078739
vt 0.911312 0.384423
vt 0.346663 0.078162
vt 0.911395 0.377242
vt 0.338755 0.078036
vt 0.913554 0.369842
vt 0.329818 0.077206
vt 0.915698 0.361976
vt 0.321021 0.078095
vt 0.914140 0.354164
vt 0.313180 0.077754
vt 0.913730 0.346843
vt 0.305509 0.077140
vt 0.912010 0.339798
vt 0.297757 0.078095
vt 0.912709 0.332391
vt 0.245878 0.078246
vt 0.290256 0.076518
vt 0.911128 0.325269
vt 0.238377 0.079379
vt 0.913420 0.318598
vt 0.230299 0.079704
vt 0.913465 0.311122
vt 0.222295 0.079519
vt 0.913651 0.303435
vt 0.213735 0.079623
vt 0.914865 0.295404
vt 0.204287 0.079023
vt 0.915812 0.286916
vt 0.194817 0.079230
vt 0.915727 0.278347
vt 0.185665 0.078853
vt 0.915948 0.269836
vt 0.176498 0.078905
vt 0.915899 0.261252
vt 0.167258 0.078631
vt 0.916422 0.252672
vt 0.157728 0.078616
vt 0.916532 0.243957
vt 0.148110 0.078468
vt 0.916446 0.235108
vt 0.138306 0.077912
vt 0.916112 0.226147
vt 0.128518 0.077313
vt 0.914772 0.217239
vt 0.119084 0.076417
vt 0.912965 0.208531
vt 0.109888 0.075217
vt 0.911220 0.199947
vt 0.100722 0.073640
vt 0.909283 0.191606
vt 0.091644 0.072959
vt 0.905429 0.183812
vt 0.083743 0.072233
vt 0.902411 0.176238
vt 0.075480 0.071737
vt 0.902104 0.168158
vt 0.066839 0.072381
vt 0.898372 0.160486
vt 0.058427 0.070367
vt 0.906827 0.090651
vt 0.764285 0.500536
vt 0.896698 0.151767
vt 0.897705 0.093169
vt 0.766346 0.491169
vt 0.888975 0.093302
vt 0.768996 0.482657
vt 0.880127 0.093472
vt 0.771940 0.474300
vt 0.871131 0.093317
vt 0.774791 0.465804
vt 0.861971 0.092924
vt 0.777881 0.457361
vt 0.852790 0.092628
vt 0.780096 0.448656
vt 0.843238 0.091925
vt 0.783022 0.439958
vt 0.833820 0.091732
vt 0.784125 0.431005
vt 0.824016 0.090799
vt 0.786503 0.422057
vt 0.814161 0.090703
vt 0.786722 0.413013
vt 0.805032 0.089896
vt 0.786426 0.404088
vt 0.795250 0.089237
vt 0.788130 0.394902
vt 0.785225 0.088933
vt 0.788272 0.385993
vt 0.775406 0.089407
vt 0.787514 0.376757
vt 0.766462 0.088674
vt 0.788042 0.368103
vt 0.757147 0.088889
vt 0.788552 0.359628
vt 0.747892 0.088889
vt 0.787752 0.350933
vt 0.685670 0.332276
vt 0.686525 0.324138
vt 0.686778 0.315981
vt 0.686685 0.307858
vt 0.683567 0.301842
vt 0.685759 0.295041
vt 0.687496 0.287935
vt 0.688696 0.280439
vt 0.689512 0.272725
vt 0.689152 0.265113
vt 0.687345 0.257605
vt 0.685877 0.250560
vt 0.684582 0.243600
vt 0.683100 0.236585
vt 0.681011 0.229353
vt 0.681137 0.221600
vt 0.678533 0.214227
vt 0.677344 0.206389
vt 0.676136 0.198159
vt 0.673576 0.189074
vt 0.674004 0.180075
vt 0.671158 0.171577
vt 0.798815 0.476707
vt 0.669148 0.163023
vt 0.800396 0.469095
vt 0.799486 0.461648
vt 0.799303 0.454942
vt 0.800301 0.449074
vt 0.800031 0.443156
vt 0.802550 0.437153
vt 0.802616 0.431069
vt 0.801328 0.424575
vt 0.803565 0.419017
vt 0.804989 0.413262
vt 0.807496 0.407340
vt 0.807418 0.400905
vt 0.808497 0.394790
vt 0.809583 0.388660
vt 0.809620 0.382384
vt 0.811354 0.375864
vt 0.813081 0.368885
vt 0.811741 0.361896
vt 0.811344 0.355241
vt 0.809856 0.348767
vt 0.810358 0.341937
vt 0.808962 0.335290
vt 0.810761 0.328968
vt 0.810701 0.321932
vt 0.810745 0.314693
vt 0.811640 0.307132
vt 0.812299 0.299171
vt 0.812112 0.291132
vt 0.812171 0.283137
vt 0.812006 0.275089
vt 0.812308 0.267072
vt 0.812282 0.258976
vt 0.812092 0.250833
vt 0.811708 0.242667
vt 0.810499 0.234629
vt 0.808926 0.226832
vt 0.807404 0.219242
vt 0.805744 0.211951
vt 0.802514 0.205198
vt 0.799990 0.198727
vt 0.799714 0.191913
vt 0.796629 0.185510
vt 0.795245 0.178286
vt 0.663636 0.470879
vt 0.665339 0.463137
vt 0.667523 0.456077
vt 0.669969 0.449105
vt 0.672336 0.441980
vt 0.674917 0.434834
vt 0.676779 0.427428
vt 0.679239 0.419953
vt 0.680201 0.412197
vt 0.682229 0.404386
vt 0.682481 0.396422
vt 0.682312 0.388486
vt 0.683801 0.380277
vt 0.683999 0.372233
vt 0.683461 0.363872
vt 0.683981 0.355937
vt 0.684489 0.348113
vt 0.683917 0.340078
vt 0.691169 0.169711
vt 0.711171 0.167802
vt 0.731180 0.165870
vt 0.751189 0.163953
vt 0.754515 0.173851
vt 0.734384 0.175417
vt 0.714260 0.176997
vt 0.694129 0.178562
vt 0.708073 0.258599
vt 0.728804 0.259467
vt 0.749542 0.260298
vt 0.770274 0.261167
vt 0.772434 0.269294
vt 0.751616 0.268265
vt 0.730792 0.267266
vt 0.709967 0.266253
vt 0.828194 0.215471
vt 0.848942 0.211560
vt 0.869682 0.207613
vt 0.890438 0.203725
vt 0.892132 0.212111
vt 0.871340 0.215800
vt 0.850550 0.219541
vt 0.829751 0.223253
vt 0.822644 0.431722
vt 0.842662 0.432493
vt 0.862673 0.433287
vt 0.882690 0.434051
vt 0.882612 0.441180
vt 0.862595 0.440164
vt 0.842591 0.439118
vt 0.822581 0.438094
vt 0.696359 0.197391
vt 0.716578 0.196542
vt 0.736797 0.195655
vt 0.757016 0.194798
vt 0.758432 0.204237
vt 0.738159 0.204792
vt 0.717886 0.205376
vt 0.697613 0.205931
vt 0.687827 0.461351
vt 0.708110 0.466685
vt 0.728402 0.472042
vt 0.748692 0.477376
vt 0.746137 0.485588
vt 0.725933 0.479970
vt 0.705744 0.474321
vt 0.685548 0.468703
vt 0.829971 0.381220
vt 0.850328 0.380255
vt 0.870687 0.379349
vt 0.891044 0.378384
vt 0.890962 0.385395
vt 0.870615 0.386182
vt 0.850273 0.386909
vt 0.829925 0.387688
vt 0.820229 0.450552
vt 0.840137 0.452090
vt 0.860045 0.453650
vt 0.879960 0.455181
vt 0.878794 0.462084
vt 0.858923 0.460293
vt 0.839051 0.458487
vt 0.819188 0.456696
vt 0.703337 0.399672
vt 0.724175 0.403041
vt 0.745014 0.406432
vt 0.765859 0.409778
vt 0.765633 0.418601
vt 0.744781 0.415040
vt 0.723943 0.411434
vt 0.703092 0.407850
vt 0.831288 0.326798
vt 0.851827 0.324761
vt 0.872360 0.322768
vt 0.892892 0.320746
vt 0.890701 0.327347
vt 0.870263 0.329292
vt 0.849832 0.331208
vt 0.829395 0.333175
vt 0.709518 0.281838
vt 0.730345 0.283148
vt 0.751171 0.284443
vt 0.771998 0.285767
vt 0.770650 0.293742
vt 0.749864 0.292298
vt 0.729071 0.290876
vt 0.708277 0.289439
vt 0.879658 0.448219
vt 0.859751 0.446941
vt 0.839850 0.445640
vt 0.819943 0.444361
vt 0.833140 0.264204
vt 0.853963 0.261299
vt 0.874772 0.258386
vt 0.895589 0.255504
vt 0.895108 0.263993
vt 0.874339 0.266756
vt 0.853564 0.269541
vt 0.832789 0.272319
vt 0.701570 0.221670
vt 0.722006 0.221614
vt 0.742442 0.221528
vt 0.762887 0.221479
vt 0.762746 0.230188
vt 0.742317 0.230007
vt 0.721882 0.229863
vt 0.701445 0.229667
vt 0.889670 0.392279
vt 0.869375 0.392879
vt 0.849087 0.393420
vt 0.828793 0.394012
vt 0.823121 0.201011
vt 0.843693 0.196691
vt 0.864250 0.192334
vt 0.884823 0.188015
vt 0.888552 0.195597
vt 0.867854 0.199698
vt 0.847165 0.203851
vt 0.826475 0.207967
vt 0.820322 0.471477
vt 0.840234 0.473881
vt 0.860147 0.476293
vt 0.880058 0.478691
vt 0.748823 0.153965
vt 0.878205 0.487600
vt 0.728892 0.156243
vt 0.858358 0.484875
vt 0.708975 0.158528
vt 0.838510 0.482142
vt 0.689066 0.160798
vt 0.818669 0.479417
vt 0.892243 0.334389
vt 0.871773 0.336246
vt 0.851301 0.338059
vt 0.830824 0.339917
vt 0.692844 0.446686
vt 0.713326 0.451480
vt 0.733801 0.456297
vt 0.754290 0.461092
vt 0.751534 0.469303
vt 0.731140 0.464239
vt 0.710761 0.459152
vt 0.690375 0.454095
vt 0.823637 0.419142
vt 0.843698 0.419416
vt 0.863761 0.419727
vt 0.883830 0.420001
vt 0.881198 0.426460
vt 0.861233 0.425961
vt 0.841268 0.425432
vt 0.821303 0.424940
vt 0.895190 0.272480
vt 0.874441 0.275131
vt 0.853691 0.277789
vt 0.832934 0.280455
vt 0.704675 0.383141
vt 0.725538 0.386109
vt 0.746394 0.389100
vt 0.767256 0.392053
vt 0.765598 0.401045
vt 0.744774 0.397898
vt 0.723964 0.394706
vt 0.703147 0.391544
vt 0.833599 0.367389
vt 0.854131 0.366085
vt 0.874649 0.364819
vt 0.895172 0.363479
vt 0.893111 0.371165
vt 0.872671 0.372318
vt 0.852229 0.373403
vt 0.831789 0.374534
vt 0.706497 0.334319
vt 0.727317 0.336385
vt 0.748138 0.338458
vt 0.768958 0.340516
vt 0.766982 0.348799
vt 0.746217 0.346613
vt 0.725452 0.344413
vt 0.704688 0.342227
vt 0.831327 0.312359
vt 0.851905 0.310135
vt 0.872491 0.307941
vt 0.893069 0.305733
vt 0.892909 0.313345
vt 0.872358 0.315457
vt 0.851806 0.317553
vt 0.831248 0.319680
vt 0.832976 0.247734
vt 0.853842 0.244546
vt 0.874694 0.241343
vt 0.895561 0.238177
vt 0.895673 0.246901
vt 0.874831 0.249917
vt 0.853989 0.252964
vt 0.833148 0.256003
vt 0.772900 0.277487
vt 0.752055 0.276304
vt 0.731204 0.275158
vt 0.710352 0.273997
vt 0.820217 0.187232
vt 0.840679 0.182449
vt 0.861133 0.177629
vt 0.881602 0.172853
vt 0.881909 0.180674
vt 0.861431 0.185206
vt 0.840970 0.189774
vt 0.820500 0.194305
vt 0.759824 0.213158
vt 0.739498 0.213448
vt 0.719173 0.213767
vt 0.698855 0.214049
vt 0.704219 0.303513
vt 0.724878 0.305139
vt 0.745536 0.306750
vt 0.766180 0.308369
vt 0.769903 0.314559
vt 0.749102 0.312893
vt 0.728294 0.311227
vt 0.707487 0.309561
vt 0.697456 0.431603
vt 0.718108 0.435888
vt 0.738760 0.440196
vt 0.759418 0.444474
vt 0.757276 0.452911
vt 0.736684 0.448379
vt 0.716106 0.443817
vt 0.695521 0.439277
vt 0.878998 0.469952
vt 0.859126 0.467880
vt 0.839253 0.465785
vt 0.819380 0.463698
vt 0.705175 0.244294
vt 0.725771 0.244856
vt 0.746373 0.245372
vt 0.766970 0.245934
vt 0.768521 0.253524
vt 0.747861 0.252809
vt 0.727194 0.252124
vt 0.706533 0.251409
vt 0.704280 0.366404
vt 0.725088 0.369011
vt 0.745896 0.371647
vt 0.766703 0.374246
vt 0.767410 0.383314
vt 0.746554 0.380546
vt 0.725711 0.377733
vt 0.704853 0.374942
vt 0.827739 0.407008
vt 0.847973 0.406855
vt 0.868208 0.406738
vt 0.888455 0.406562
vt 0.885508 0.413356
vt 0.865372 0.413307
vt 0.845249 0.413213
vt 0.825120 0.413155
vt 0.754020 0.184297
vt 0.733908 0.185506
vt 0.713796 0.186737
vt 0.693691 0.187939
vt 0.831824 0.353450
vt 0.852301 0.351830
vt 0.872780 0.350261
vt 0.893258 0.348633
vt 0.893664 0.355828
vt 0.873182 0.357323
vt 0.852706 0.358758
vt 0.832224 0.360238
vt 0.833002 0.296669
vt 0.853706 0.294227
vt 0.874404 0.291807
vt 0.895108 0.289380
vt 0.894217 0.297778
vt 0.873576 0.300093
vt 0.852934 0.302392
vt 0.832286 0.304722
vt 0.831373 0.231219
vt 0.852222 0.227691
vt 0.873055 0.224141
vt 0.893905 0.220635
vt 0.895217 0.229373
vt 0.874347 0.232694
vt 0.853479 0.236067
vt 0.832602 0.239419
vt 0.707606 0.317802
vt 0.728440 0.319601
vt 0.749267 0.321400
vt 0.770094 0.323191
vt 0.769878 0.331857
vt 0.749039 0.329926
vt 0.728208 0.327994
vt 0.707363 0.326062
vt 0.683766 0.476773
vt 0.815545 0.173048
vt 0.703883 0.482712
vt 0.835812 0.167723
vt 0.724000 0.488681
vt 0.856079 0.162361
vt 0.744139 0.494627
vt 0.876376 0.157034
vt 0.877997 0.165445
vt 0.857654 0.170476
vt 0.837326 0.175544
vt 0.816997 0.180567
vt 0.768680 0.301248
vt 0.747957 0.299698
vt 0.727220 0.298178
vt 0.706490 0.296635
vt 0.700997 0.415886
vt 0.721774 0.419693
vt 0.742545 0.423531
vt 0.763329 0.427316
vt 0.762248 0.436024
vt 0.741501 0.432000
vt 0.720753 0.427925
vt 0.700005 0.423879
vt 0.765222 0.238216
vt 0.744691 0.237838
vt 0.724160 0.237490
vt 0.703628 0.237104
vt 0.705308 0.350386
vt 0.726121 0.352711
vt 0.746928 0.355051
vt 0.767734 0.357369
vt 0.767227 0.365726
vt 0.746417 0.363268
vt 0.725606 0.360794
vt 0.704796 0.358328
vt 0.827660 0.400329
vt 0.847902 0.399938
vt 0.868137 0.399599
vt 0.888378 0.399193
vt 0.830281 0.346860
vt 0.850718 0.345122
vt 0.871149 0.343429
vt 0.891578 0.341692
vt 0.832842 0.288540
vt 0.853564 0.285979
vt 0.874280 0.283440
vt 0.895004 0.280901
s 1
usemtl defaultMat
f 1/1/1 9/9/2 10/10/3 11/12/4
f 1/1/1 12/13/5 13/14/6 9/9/2
f 1/1/1 14/15/7 15/17/8 12/13/5
f 2/2/9 16/18/10 17/19/11 18/20/12
f 2/2/9 19/21/13 20/22/14 21/23/15
f 2/2/9 21/23/15 22/24/16 23/25/17
f 2/2/9 23/25/17 24/26/18 16/18/10
f 2/2/9 18/20/12 25/27/19 19/21/13
f 3/3/20 26/28/21 27/29/22 28/30/23
f 3/3/20 29/31/24 30/32/25 26/28/21
f 3/3/20 31/33/26 32/34/27 33/35/28
f 3/3/20 28/30/23 34/36/29 31/33/26
f 3/3/20 33/35/28 35/37/30 29/31/24
f 4/4/31 36/38/32 37/39/33 38/40/34
f 4/4/31 38/40/34 39/41/35 40/43/36
f 4/4/31 40/43/36 41/46/37 42/47/38
f 4/4/31 42/47/38 43/48/39 44/49/40
f 5/5/41 45/50/42 46/51/43 47/52/44
f 5/5/41 20/22/14 19/21/13 45/50/42
f 5/5/41 47/52/44 48/53/45 20/22/14
f 6/6/46 49/54/47 50/55/48 51/56/49
f 6/6/46 52/57/50 53/58/51 49/54/47
f 6/6/46 54/59/52 55/60/53 52/57/50
f 6/6/46 51/56/49 56/61/54 57/62/55
f 6/6/46 57/62/55 58/63/56 54/59/52
f 7/7/57 59/64/58 10/10/3 9/9/2
f 7/7/57 9/9/2 13/14/6 60/65/59
f 7/7/57 60/65/59 61/66/60 59/64/58
f 8/8/61 62/67/62 63/68/63 64/69/64
f 8/8/61 65/70/65 66/71/66 62/67/62
f 8/8/61 67/72/67 68/73/68 65/70/65
f 8/8/61 64/69/64 69/74/69 70/75/70
f 8/8/61 70/75/70 71/76/71 67/72/67
f 71/76/71 70/75/70 72/77/72 73/78/73
f 71/76/71 73/78/73 74/79/74 75/80/75
f 71/76/71 75/80/75 76/81/76 67/72/67
f 76/81/76 75/80/75 77/82/77 78/83/78
f 76/81/76 78/83/78 79/84/79 80/85/80
f 76/81/76 80/85/80 68/73/68 67/72/67
f 80/85/80 79/84/79 81/86/81 82/88/82
f 80/85/80 82/88/82 83/90/83 68/73/68
f 83/90/83 84/93/84 65/70/65 68/73/68
f 83/91/83 82/89/82 30/32/25 29/31/24
f 83/91/83 29/31/24 35/37/30 84/92/84
f 84/92/84 35/37/30 85/94/85 86/95/86
f 84/93/84 86/96/86 66/71/66 65/70/65
f 86/95/86 85/94/85 87/97/87 88/99/88
f 86/96/86 88/98/88 89/100/89 66/71/66
f 89/100/89 90/101/90 62/67/62 66/71/66
f 89/100/89 88/98/88 91/103/91 92/104/92
f 89/100/89 92/104/92 93/105/93 90/101/90
f 93/105/93 94/106/94 95/107/95 90/101/90
f 93/105/93 92/104/92 96/108/96 97/109/97
f 93/105/93 97/109/97 98/110/98 94/106/94
f 98/110/98 99/111/99 100/112/100 94/106/94
f 98/110/98 97/109/97 101/113/101 102/114/102
f 98/110/98 102/114/102 103/115/103 99/111/99
f 103/115/103 104/116/104 105/117/105 99/111/99
f 103/115/103 102/114/102 106/118/106 107/119/107
f 103/115/103 107/119/107 108/120/108 104/116/104
f 108/120/108 109/121/109 110/122/110 104/116/104
f 108/120/108 107/119/107 111/123/111 112/124/112
f 108/120/108 112/124/112 113/125/113 109/121/109
f 113/125/113 114/126/114 115/127/115 109/121/109
f 113/125/113 112/124/112 116/128/116 117/129/117
f 113/125/113 117/129/117 118/130/118 114/126/114
f 118/130/118 119/131/119 120/132/120 114/126/114
f 118/130/118 117/129/117 121/133/121 122/134/122
f 118/130/118 122/134/122 123/135/123 119/131/119
f 123/135/123 124/136/124 125/137/125 119/131/119
f 123/135/123 122/134/122 126/138/126 127/139/127
f 123/135/123 127/139/127 128/140/128 124/136/124
f 128/140/128 129/141/129 130/142/130 124/136/124
f 128/140/128 127/139/127 131/143/131 132/144/132
f 128/140/128 132/144/132 133/145/133 129/141/129
f 133/145/133 134/146/134 135/147/135 129/141/129
f 133/145/133 132/144/132 136/148/136 137/149/137
f 133/145/133 137/149/137 138/150/138 134/146/134
f 138/150/138 139/151/139 140/152/140 134/146/134
f 138/150/138 137/149/137 141/153/141 142/154/142
f 138/150/138 142/154/142 143/155/143 139/151/139
f 143/155/143 144/156/144 145/157/145 139/151/139
f 143/155/143 142/154/142 146/158/146 147/159/147
f 143/155/143 147/159/147 148/160/148 144/156/144
f 148/160/148 149/161/149 150/162/150 144/156/144
f 148/160/148 147/159/147 151/163/151 152/164/152
f 148/160/148 152/164/152 153/165/153 149/161/149
f 153/165/153 154/166/154 155/167/155 149/161/149
f 153/165/153 152/164/152 156/168/156 157/169/157
f 153/165/153 157/169/157 158/170/158 154/166/154
f 158/170/158 159/171/159 160/172/160 154/166/154
f 158/170/158 157/169/157 161/173/161 162/175/162
f 158/170/158 162/175/162 163/177/163 159/171/159
f 163/177/163 164/180/164 165/181/165 159/171/159
f 163/178/163 162/176/162 166/182/166 167/183/167
f 163/178/163 167/183/167 168/184/168 164/179/164
f 168/184/168 169/185/169 170/186/170 164/179/164
f 168/184/168 167/183/167 171/188/171 172/189/172
f 168/184/168 172/189/172 173/190/173 169/185/169
f 173/190/173 174/191/174 175/192/175 169/185/169
f 173/190/173 172/189/172 176/193/176 177/194/177
f 173/190/173 177/194/177 178/195/178 174/191/174
f 178/195/178 179/196/179 180/197/180 174/191/174
f 178/195/178 177/194/177 181/198/181 182/199/182
f 178/195/178 182/199/182 183/200/183 179/196/179
f 183/200/183 184/202/184 185/203/185 179/196/179
f 185/204/185 186/205/186 187/206/187 188/207/188
f 185/203/185 188/208/188 180/197/180 179/196/179
f 185/204/185 184/201/184 189/209/189 186/205/186
f 189/209/189 190/210/190 191/211/191 186/205/186
f 191/211/191 192/212/192 193/213/193 194/214/194
f 191/211/191 194/214/194 187/206/187 186/205/186
f 191/211/191 190/210/190 195/215/195 192/212/192
f 195/215/195 196/216/196 197/217/197 192/212/192
f 197/217/197 198/218/198 199/219/199 200/220/200
f 197/217/197 200/220/200 193/213/193 192/212/192
f 197/217/197 196/216/196 201/221/201 198/218/198
f 201/221/201 202/222/202 203/223/203 198/218/198
f 203/223/203 204/224/204 205/225/205 206/226/206
f 203/223/203 206/226/206 199/219/199 198/218/198
f 203/223/203 202/222/202 207/227/207 204/224/204
f 207/227/207 208/228/208 209/229/209 204/224/204
f 209/229/209 210/230/210 211/231/211 212/232/212
f 209/229/209 212/232/212 205/225/205 204/224/204
f 209/229/209 208/228/208 213/233/213 210/230/210
f 213/233/213 214/234/214 215/235/215 210/230/210
f 215/235/215 216/236/216 217/237/217 218/238/218
f 215/235/215 218/238/218 211/231/211 210/230/210
f 215/235/215 214/234/214 219/239/219 216/236/216
f 219/239/219 220/240/220 221/241/221 216/236/216
f 221/241/221 222/242/222 223/243/223 224/244/224
f 221/241/221 224/244/224 217/237/217 216/236/216
f 221/241/221 220/240/220 225/245/225 222/242/222
f 225/245/225 226/246/226 227/247/227 222/242/222
f 227/247/227 228/248/228 229/249/229 230/250/230
f 227/247/227 230/250/230 223/243/223 222/242/222
f 227/247/227 226/246/226 231/251/231 228/248/228
f 231/251/231 232/252/232 233/253/233 228/248/228
f 233/253/233 234/254/234 235/255/235 236/256/236
f 233/253/233 236/256/236 229/249/229 228/248/228
f 233/253/233 232/252/232 237/257/237 234/254/234
f 237/257/237 238/258/238 239/259/239 234/254/234
f 239/259/239 240/260/240 241/263/241 242/264/242
f 239/259/239 242/264/242 235/255/235 234/254/234
f 239/259/239 238/258/238 243/266/243 240/260/240
f 243/265/243 244/267/244 245/268/245 240/261/240
f 245/268/245 246/269/246 247/270/247 248/271/248
f 245/268/245 248/271/248 241/262/241 240/261/240
f 245/268/245 244/267/244 249/272/249 246/269/246
f 249/272/249 250/273/250 251/274/251 246/269/246
f 251/274/251 252/275/252 253/276/253 254/277/254
f 251/274/251 254/277/254 247/270/247 246/269/246
f 251/274/251 250/273/250 255/278/255 252/275/252
f 255/278/255 256/279/256 257/280/257 252/275/252
f 257/280/257 258/281/258 259/282/259 260/283/260
f 257/280/257 260/283/260 253/276/253 252/275/252
f 257/280/257 256/279/256 261/284/261 258/281/258
f 261/284/261 262/285/262 263/286/263 258/281/258
f 263/286/263 264/287/264 265/288/265 266/289/266
f 263/286/263 266/289/266 259/282/259 258/281/258
f 263/286/263 262/285/262 267/290/267 264/287/264
f 267/290/267 268/291/268 269/292/269 264/287/264
f 269/292/269 270/293/270 271/294/271 272/295/272
f 269/292/269 272/295/272 265/288/265 264/287/264
f 269/292/269 268/291/268 273/296/273 270/293/270
f 273/296/273 274/297/274 275/298/275 270/293/270
f 275/298/275 276/299/276 277/300/277 278/301/278
f 275/298/275 278/301/278 271/294/271 270/293/270
f 275/298/275 274/297/274 279/302/279 276/299/276
f 279/302/279 280/303/280 281/304/281 276/299/276
f 281/304/281 282/305/282 283/306/283 284/307/284
f 281/304/281 284/307/284 277/300/277 276/299/276
f 281/304/281 280/303/280 285/308/285 282/305/282
f 285/308/285 286/309/286 287/310/287 282/305/282
f 287/310/287 288/311/288 289/312/289 290/313/290
f 287/310/287 290/313/290 283/306/283 282/305/282
f 287/310/287 286/309/286 291/314/291 288/311/288
f 291/314/291 292/315/292 293/316/293 288/311/288
f 293/316/293 294/317/294 295/318/295 296/319/296
f 293/316/293 296/319/296 289/312/289 288/311/288
f 293/316/293 292/315/292 297/320/297 294/317/294
f 297/320/297 298/321/298 299/322/299 294/317/294
f 299/322/299 300/323/300 301/324/301 302/325/302
f 299/322/299 302/325/302 295/318/295 294/317/294
f 299/322/299 298/321/298 303/326/303 300/323/300
f 303/326/303 304/327/304 305/328/305 300/323/300
f 305/328/305 306/329/306 307/332/307 308/333/308
f 305/328/305 308/333/308 301/324/301 300/323/300
f 305/328/305 304/327/304 309/335/309 306/329/306
f 309/334/309 310/336/310 311/337/311 306/330/306
f 311/337/311 312/338/312 313/339/313 314/340/314
f 311/337/311 314/340/314 307/331/307 306/330/306
f 311/337/311 310/336/310 315/341/315 312/338/312
f 315/341/315 316/342/316 317/343/317 312/338/312
f 317/343/317 318/344/318 319/345/319 320/346/320
f 317/343/317 320/346/320 313/339/313 312/338/312
f 317/343/317 316/342/316 321/347/321 318/344/318
f 321/347/321 322/348/322 323/349/323 318/344/318
f 323/349/323 324/350/324 325/351/325 326/352/326
f 323/349/323 326/352/326 319/345/319 318/344/318
f 323/349/323 322/348/322 327/353/327 324/350/324
f 327/353/327 328/354/328 329/355/329 324/350/324
f 329/355/329 330/356/330 331/357/331 332/358/332
f 329/355/329 332/358/332 325/351/325 324/350/324
f 329/355/329 328/354/328 333/359/333 330/356/330
f 333/359/333 334/360/334 335/361/335 330/356/330
f 335/361/335 336/362/336 337/363/337 338/364/338
f 335/361/335 338/364/338 331/357/331 330/356/330
f 335/361/335 334/360/334 339/365/339 336/362/336
f 339/365/339 340/366/340 341/367/341 336/362/336
f 341/367/341 342/368/342 343/369/343 344/370/344
f 341/367/341 344/370/344 337/363/337 336/362/336
f 341/367/341 340/366/340 345/371/345 342/368/342
f 345/371/345 346/372/346 347/373/347 342/368/342
f 347/373/347 348/374/348 349/375/349 350/376/350
f 347/373/347 350/376/350 343/369/343 342/368/342
f 347/373/347 346/372/346 351/377/351 348/374/348
f 351/377/351 352/378/352 353/379/353 348/374/348
f 353/379/353 354/380/354 355/381/355 356/382/356
f 353/379/353 356/382/356 349/375/349 348/374/348
f 353/379/353 352/378/352 357/383/357 354/380/354
f 357/383/357 358/384/358 359/385/359 354/380/354
f 359/385/359 360/386/360 361/387/361 362/388/362
f 359/385/359 362/388/362 355/381/355 354/380/354
f 359/385/359 358/384/358 363/389/363 360/386/360
f 363/389/363 364/390/364 365/391/365 360/386/360
f 365/391/365 366/392/366 367/393/367 368/394/368
f 365/391/365 368/394/368 361/387/361 360/386/360
f 365/391/365 364/390/364 369/395/369 366/392/366
f 369/395/369 370/396/370 371/398/371 366/392/366
f 371/399/371 372/400/372 373/401/373 374/402/374
f 371/398/371 374/403/374 367/393/367 366/392/366
f 371/399/371 370/397/370 375/404/375 372/400/372
f 375/404/375 376/405/376 377/406/377 372/400/372
f 377/406/377 378/407/378 379/408/379 380/409/380
f 377/406/377 380/409/380 373/401/373 372/400/372
f 377/406/377 376/405/376 381/410/381 378/407/378
f 381/410/381 382/411/382 383/412/383 378/407/378
f 383/412/383 384/413/384 385/414/385 386/415/386
f 383/412/383 386/415/386 379/408/379 378/407/378
f 383/412/383 382/411/382 387/416/387 384/413/384
f 387/416/387 388/417/388 389/418/389 384/413/384
f 389/418/389 390/419/390 391/420/391 392/421/392
f 389/418/389 392/421/392 385/414/385 384/413/384
f 389/418/389 388/417/388 393/422/393 390/419/390
f 393/422/393 394/423/394 395/424/395 390/419/390
f 395/424/395 396/425/396 397/426/397 398/427/398
f 395/424/395 398/427/398 391/420/391 390/419/390
f 395/424/395 394/423/394 399/428/399 396/425/396
f 399/428/399 400/429/400 401/430/401 396/425/396
f 401/430/401 402/431/402 403/432/403 404/433/404
f 401/430/401 404/433/404 397/426/397 396/425/396
f 401/430/401 400/429/400 405/434/405 402/431/402
f 405/434/405 406/435/406 407/436/407 402/431/402
f 407/436/407 408/437/408 409/438/409 410/439/410
f 407/436/407 410/439/410 403/432/403 402/431/402
f 407/436/407 406/435/406 411/440/411 408/437/408
f 411/440/411 412/441/412 413/442/413 408/437/408
f 413/442/413 414/443/414 415/444/415 416/445/416
f 413/442/413 416/445/416 409/438/409 408/437/408
f 413/442/413 412/441/412 417/446/417 414/443/414
f 417/446/417 418/447/418 419/448/419 414/443/414
f 419/448/419 176/193/176 172/189/172 171/188/171
f 419/448/419 171/188/171 415/444/415 414/443/414
f 419/448/419 418/447/418 420/449/420 176/193/176
f 420/449/420 181/198/181 177/194/177 176/193/176
f 416/445/416 415/444/415 166/182/166 421/450/421
f 416/445/416 421/450/421 422/451/422 409/438/409
f 422/451/422 421/450/421 161/174/161 423/452/423
f 422/451/422 423/452/423 424/454/424 425/456/425
f 422/451/422 425/456/425 410/439/410 409/438/409
f 425/456/425 424/454/424 426/457/426 427/459/427
f 425/456/425 427/459/427 403/432/403 410/439/410
f 427/459/427 426/457/426 428/460/428 429/462/429
f 427/459/427 429/462/429 404/433/404 403/432/403
f 429/462/429 428/460/428 430/463/430 431/465/431
f 429/462/429 431/465/431 397/426/397 404/433/404
f 431/465/431 430/463/430 432/466/432 433/468/433
f 431/465/431 433/468/433 398/427/398 397/426/397
f 433/468/433 432/466/432 434/469/434 435/471/435
f 433/468/433 435/471/435 391/420/391 398/427/398
f 435/471/435 434/469/434 436/472/436 437/474/437
f 435/471/435 437/474/437 392/421/392 391/420/391
f 437/474/437 436/472/436 438/475/438 439/477/439
f 437/474/437 439/477/439 385/414/385 392/421/392
f 439/477/439 438/475/438 440/478/440 441/480/441
f 439/477/439 441/480/441 386/415/386 385/414/385
f 441/480/441 440/478/440 442/481/442 443/483/443
f 441/480/441 443/483/443 379/408/379 386/415/386
f 443/483/443 442/481/442 444/484/444 445/486/445
f 443/483/443 445/486/445 380/409/380 379/408/379
f 445/486/445 444/484/444 446/487/446 447/489/447
f 445/486/445 447/489/447 373/401/373 380/409/380
f 447/489/447 446/487/446 448/490/448 449/494/449
f 447/489/447 449/494/449 374/402/374 373/401/373
f 449/495/449 448/491/448 450/496/450 451/498/451
f 449/495/449 451/498/451 367/393/367 374/403/374
f 451/498/451 450/496/450 452/499/452 453/501/453
f 451/498/451 453/501/453 368/394/368 367/393/367
f 453/501/453 452/499/452 454/502/454 455/504/455
f 453/501/453 455/504/455 361/387/361 368/394/368
f 455/504/455 454/502/454 456/505/456 457/507/457
f 455/504/455 457/507/457 362/388/362 361/387/361
f 457/507/457 456/505/456 458/508/458 459/510/459
f 457/507/457 459/510/459 355/381/355 362/388/362
f 459/510/459 458/508/458 460/511/460 461/513/461
f 459/510/459 461/513/461 356/382/356 355/381/355
f 461/513/461 460/511/460 462/514/462 463/516/463
f 461/513/461 463/516/463 349/375/349 356/382/356
f 463/516/463 462/514/462 464/517/464 465/519/465
f 463/516/463 465/519/465 350/376/350 349/375/349
f 465/519/465 464/517/464 466/520/466 467/522/467
f 465/519/465 467/522/467 343/369/343 350/376/350
f 467/522/467 466/520/466 468/523/468 469/525/469
f 467/522/467 469/525/469 344/370/344 343/369/343
f 469/525/469 468/523/468 470/526/470 471/528/471
f 469/525/469 471/528/471 337/363/337 344/370/344
f 471/528/471 470/526/470 472/529/472 473/531/473
f 471/528/471 473/531/473 338/364/338 337/363/337
f 473/531/473 472/529/472 474/532/474 475/534/475
f 473/531/473 475/534/475 331/357/331 338/364/338
f 475/534/475 474/532/474 476/535/476 477/537/477
f 475/534/475 477/537/477 332/358/332 331/357/331
f 477/537/477 476/535/476 478/538/478 479/540/479
f 477/537/477 479/540/479 325/351/325 332/358/332
f 479/540/479 478/538/478 480/541/480 481/543/481
f 479/540/479 481/543/481 326/352/326 325/351/325
f 481/543/481 480/541/480 482/544/482 483/546/483
f 481/543/481 483/546/483 319/345/319 326/352/326
f 483/546/483 482/544/482 484/547/484 485/549/485
f 483/546/483 485/549/485 320/346/320 319/345/319
f 485/549/485 484/547/484 486/550/486 487/552/487
f 485/549/485 487/552/487 313/339/313 320/346/320
f 487/552/487 486/550/486 488/553/488 489/555/489
f 487/552/487 489/555/489 314/340/314 313/339/313
f 489/555/489 488/553/488 490/556/490 491/560/491
f 489/555/489 491/560/491 307/331/307 314/340/314
f 491/561/491 490/557/490 492/562/492 493/564/493
f 491/561/491 493/564/493 308/333/308 307/332/307
f 493/564/493 492/562/492 494/565/494 495/567/495
f 493/564/493 495/567/495 301/324/301 308/333/308
f 495/567/495 494/565/494 496/568/496 497/570/497
f 495/567/495 497/570/497 302/325/302 301/324/301
f 497/570/497 496/568/496 498/571/498 499/573/499
f 497/570/497 499/573/499 295/318/295 302/325/302
f 499/573/499 498/571/498 500/574/500 501/576/501
f 499/573/499 501/576/501 296/319/296 295/318/295
f 501/576/501 500/574/500 502/577/502 503/579/503
f 501/576/501 503/579/503 289/312/289 296/319/296
f 503/579/503 502/577/502 504/580/504 505/582/505
f 503/579/503 505/582/505 290/313/290 289/312/289
f 505/582/505 504/580/504 506/583/506 507/585/507
f 505/582/505 507/585/507 283/306/283 290/313/290
f 507/585/507 506/583/506 508/586/508 509/588/509
f 507/585/507 509/588/509 284/307/284 283/306/283
f 509/588/509 508/586/508 510/589/510 511/591/511
f 509/588/509 511/591/511 277/300/277 284/307/284
f 511/591/511 510/589/510 512/592/512 513/594/513
f 511/591/511 513/594/513 278/301/278 277/300/277
f 513/594/513 512/592/512 514/595/514 515/597/515
f 513/594/513 515/597/515 271/294/271 278/301/278
f 515/597/515 514/595/514 516/598/516 517/600/517
f 515/597/515 517/600/517 272/295/272 271/294/271
f 517/600/517 516/598/516 518/601/518 519/603/519
f 517/600/517 519/603/519 265/288/265 272/295/272
f 519/603/519 518/601/518 520/604/520 521/606/521
f 519/603/519 521/606/521 266/289/266 265/288/265
f 521/606/521 520/604/520 522/607/522 523/609/523
f 521/606/521 523/609/523 259/282/259 266/289/266
f 523/609/523 522/607/522 524/610/524 525/612/525
f 523/609/523 525/612/525 260/283/260 259/282/259
f 525/612/525 524/610/524 526/613/526 527/615/527
f 525/612/525 527/615/527 253/276/253 260/283/260
f 527/615/527 526/613/526 528/616/528 529/618/529
f 527/615/527 529/618/529 254/277/254 253/276/253
f 529/618/529 528/616/528 530/619/530 531/621/531
f 529/618/529 531/621/531 247/270/247 254/277/254
f 531/621/531 530/619/530 532/622/532 533/624/533
f 531/621/531 533/624/533 248/271/248 247/270/247
f 533/624/533 532/622/532 534/625/534 535/629/535
f 533/624/533 535/629/535 241/262/241 248/271/248
f 535/630/535 534/626/534 14/16/7 536/631/536
f 535/630/535 536/631/536 242/264/242 241/263/241
f 536/631/536 537/632/537 235/255/235 242/264/242
f 537/632/537 538/634/538 11/11/4 539/635/539
f 537/632/537 539/635/539 236/256/236 235/255/235
f 539/635/539 11/11/4 540/636/540 541/638/541
f 539/635/539 541/638/541 229/249/229 236/256/236
f 541/638/541 540/636/540 542/639/542 543/641/543
f 541/638/541 543/641/543 230/250/230 229/249/229
f 543/641/543 542/639/542 544/642/544 545/644/545
f 543/641/543 545/644/545 223/243/223 230/250/230
f 545/644/545 544/642/544 546/645/546 547/647/547
f 545/644/545 547/647/547 224/244/224 223/243/223
f 547/647/547 546/645/546 548/648/548 549/650/549
f 547/647/547 549/650/549 217/237/217 224/244/224
f 549/650/549 548/648/548 550/651/550 551/653/551
f 549/650/549 551/653/551 218/238/218 217/237/217
f 551/653/551 550/651/550 552/654/552 553/656/553
f 551/653/551 553/656/553 211/231/211 218/238/218
f 553/656/553 552/654/552 554/657/554 555/659/555
f 553/656/553 555/659/555 212/232/212 211/231/211
f 555/659/555 554/657/554 556/660/556 557/662/557
f 555/659/555 557/662/557 205/225/205 212/232/212
f 557/662/557 556/660/556 558/663/558 559/665/559
f 557/662/557 559/665/559 206/226/206 205/225/205
f 559/665/559 558/663/558 560/666/560 561/668/561
f 559/665/559 561/668/561 199/219/199 206/226/206
f 561/668/561 560/666/560 562/669/562 563/671/563
f 561/668/561 563/671/563 200/220/200 199/219/199
f 563/671/563 562/669/562 564/672/564 565/674/565
f 563/671/563 565/674/565 193/213/193 200/220/200
f 565/674/565 564/672/564 566/675/566 567/677/567
f 565/674/565 567/677/567 194/214/194 193/213/193
f 567/677/567 566/675/566 568/678/568 569/680/569
f 567/677/567 569/680/569 187/206/187 194/214/194
f 569/680/569 568/678/568 570/681/570 571/685/571
f 569/680/569 571/685/571 188/207/188 187/206/187
f 571/686/571 570/682/570 572/687/572 573/689/573
f 571/686/571 573/689/573 180/197/180 188/208/188
f 573/689/573 572/687/572 574/691/574 175/192/175
f 573/689/573 175/192/175 174/191/174 180/197/180
f 574/690/574 572/688/572 575/692/575 576/693/576
f 574/690/574 576/693/576 577/694/577 170/187/170
f 574/691/574 170/186/170 169/185/169 175/192/175
f 577/694/577 576/693/576 578/695/578 579/696/579
f 577/694/577 579/696/579 580/697/580 165/181/165
f 577/694/577 165/181/165 164/180/164 170/187/170
f 580/697/580 579/696/579 581/698/581 582/699/582
f 580/697/580 582/699/582 583/700/583 160/172/160
f 580/697/580 160/172/160 159/171/159 165/181/165
f 583/700/583 582/699/582 584/701/584 585/702/585
f 583/700/583 585/702/585 586/703/586 155/167/155
f 583/700/583 155/167/155 154/166/154 160/172/160
f 586/703/586 585/702/585 587/704/587 588/705/588
f 586/703/586 588/705/588 589/706/589 150/162/150
f 586/703/586 150/162/150 149/161/149 155/167/155
f 589/706/589 588/705/588 590/707/590 591/708/591
f 589/706/589 591/708/591 592/709/592 145/157/145
f 589/706/589 145/157/145 144/156/144 150/162/150
f 592/709/592 591/708/591 593/710/593 594/711/594
f 592/709/592 594/711/594 595/712/595 140/152/140
f 592/709/592 140/152/140 139/151/139 145/157/145
f 595/712/595 594/711/594 596/713/596 597/714/597
f 595/712/595 597/714/597 598/715/598 135/147/135
f 595/712/595 135/147/135 134/146/134 140/152/140
f 598/715/598 597/714/597 599/716/599 600/717/600
f 598/715/598 600/717/600 601/718/601 130/142/130
f 598/715/598 130/142/130 129/141/129 135/147/135
f 601/718/601 600/717/600 602/719/602 603/720/603
f 601/718/601 603/720/603 604/721/604 125/137/125
f 601/718/601 125/137/125 124/136/124 130/142/130
f 604/721/604 603/720/603 605/722/605 606/723/606
f 604/721/604 606/723/606 607/724/607 120/132/120
f 604/721/604 120/132/120 119/131/119 125/137/125
f 607/724/607 606/723/606 608/725/608 609/726/609
f 607/724/607 609/726/609 610/727/610 115/127/115
f 607/724/607 115/127/115 114/126/114 120/132/120
f 610/727/610 609/726/609 611/728/611 612/729/612
f 610/727/610 612/729/612 613/730/613 110/122/110
f 610/727/610 110/122/110 109/121/109 115/127/115
f 613/730/613 612/729/612 614/731/614 615/732/615
f 613/730/613 615/732/615 616/733/616 105/117/105
f 613/730/613 105/117/105 104/116/104 110/122/110
f 616/733/616 615/732/615 617/734/617 618/735/618
f 616/733/616 618/735/618 619/736/619 100/112/100
f 616/733/616 100/112/100 99/111/99 105/117/105
f 619/736/619 618/735/618 620/737/620 621/738/621
f 619/736/619 621/738/621 63/68/63 95/107/95
f 619/736/619 95/107/95 94/106/94 100/112/100
f 621/738/621 620/737/620 622/739/622 623/740/623
f 621/738/621 623/740/623 64/69/64 63/68/63
f 623/740/623 622/739/622 624/741/624 625/742/625
f 623/740/623 625/742/625 69/74/69 64/69/64
f 625/742/625 624/741/624 626/743/626 627/744/627
f 625/742/625 627/744/627 628/745/628 69/74/69
f 628/745/628 627/744/627 629/746/629 630/747/630
f 628/745/628 630/747/630 631/748/631 72/77/72
f 628/745/628 72/77/72 70/75/70 69/74/69
f 631/748/631 630/747/630 632/749/632 633/750/633
f 631/748/631 633/750/633 634/751/634 635/752/635
f 631/748/631 635/752/635 73/78/73 72/77/72
f 635/752/635 634/751/634 636/753/636 637/754/637
f 635/752/635 637/754/637 74/79/74 73/78/73
f 637/754/637 636/753/636 638/755/638 639/756/639
f 637/754/637 639/756/639 640/757/640 74/79/74
f 640/757/640 639/756/639 641/758/641 642/759/642
f 640/757/640 642/759/642 643/760/643 77/82/77
f 640/757/640 77/82/77 75/80/75 74/79/74
f 643/760/643 642/759/642 644/761/644 645/763/645
f 643/760/643 645/763/645 646/765/646 647/767/647
f 643/760/643 647/767/647 78/83/78 77/82/77
f 647/767/647 646/765/646 648/768/648 649/770/649
f 647/767/647 649/770/649 79/84/79 78/83/78
f 649/770/649 648/768/648 650/771/650 651/774/651
f 649/770/649 651/774/651 81/86/81 79/84/79
f 651/775/651 650/773/650 652/776/652 653/777/653
f 651/775/651 653/777/653 654/778/654 81/87/81
f 654/778/654 653/777/653 655/779/655 656/780/656
f 654/778/654 656/780/656 26/28/21 30/32/25
f 654/778/654 30/32/25 82/89/82 81/87/81
f 656/780/656 655/779/655 657/781/657 658/782/658
f 656/780/656 658/782/658 27/29/22 26/28/21
f 658/782/658 657/781/657 659/783/659 660/784/660
f 658/782/658 660/784/660 661/785/661 27/29/22
f 661/785/661 660/784/660 662/786/662 663/787/663
f 661/785/661 663/787/663 664/788/664 665/789/665
f 661/785/661 665/789/665 28/30/23 27/29/22
f 665/789/665 664/788/664 666/790/666 667/791/667
f 665/789/665 667/791/667 34/36/29 28/30/23
f 667/791/667 666/790/666 668/792/668 669/793/669
f 667/791/667 669/793/669 670/794/670 34/36/29
f 670/794/670 669/793/669 671/795/671 672/796/672
f 670/794/670 672/796/672 673/797/673 674/798/674
f 670/794/670 674/798/674 31/33/26 34/36/29
f 674/798/674 673/797/673 675/799/675 676/800/676
f 674/798/674 676/800/676 32/34/27 31/33/26
f 676/800/676 675/799/675 677/801/677 678/802/678
f 676/800/676 678/802/678 679/803/679 32/34/27
f 679/803/679 680/804/680 33/35/28 32/34/27
f 679/803/679 678/802/678 681/805/681 682/806/682
f 679/803/679 682/806/682 683/807/683 680/804/680
f 683/807/683 87/97/87 85/94/85 680/804/680
f 683/807/683 682/806/682 684/808/684 685/809/685
f 683/807/683 685/809/685 686/810/686 87/97/87
f 686/810/686 91/102/91 88/99/88 87/97/87
f 686/810/686 685/809/685 687/811/687 688/812/688
f 686/810/686 688/812/688 689/813/689 91/102/91
f 689/814/689 96/108/96 92/104/92 91/103/91
f 689/813/689 688/812/688 690/815/690 691/817/691
f 689/814/689 691/816/691 692/818/692 96/108/96
f 692/818/692 101/113/101 97/109/97 96/108/96
f 692/818/692 691/816/691 693/820/693 694/821/694
f 692/818/692 694/821/694 695/822/695 101/113/101
f 695/822/695 106/118/106 102/114/102 101/113/101
f 695/822/695 694/821/694 696/823/696 697/824/697
f 695/822/695 697/824/697 698/825/698 106/118/106
f 698/825/698 111/123/111 107/119/107 106/118/106
f 698/825/698 697/824/697 699/826/699 700/827/700
f 698/825/698 700/827/700 701/828/701 111/123/111
f 701/828/701 116/128/116 112/124/112 111/123/111
f 701/828/701 700/827/700 702/829/702 703/830/703
f 701/828/701 703/830/703 704/831/704 116/128/116
f 704/831/704 121/133/121 117/129/117 116/128/116
f 704/831/704 703/830/703 705/832/705 706/833/706
f 704/831/704 706/833/706 707/834/707 121/133/121
f 707/834/707 126/138/126 122/134/122 121/133/121
f 707/834/707 706/833/706 708/835/708 709/836/709
f 707/834/707 709/836/709 710/837/710 126/138/126
f 710/837/710 131/143/131 127/139/127 126/138/126
f 710/837/710 709/836/709 711/838/711 712/839/712
f 710/837/710 712/839/712 713/840/713 131/143/131
f 713/840/713 136/148/136 132/144/132 131/143/131
f 713/840/713 712/839/712 714/841/714 715/842/715
f 713/840/713 715/842/715 716/843/716 136/148/136
f 716/843/716 141/153/141 137/149/137 136/148/136
f 716/843/716 715/842/715 717/844/717 718/845/718
f 716/843/716 718/845/718 719/846/719 141/153/141
f 719/846/719 146/158/146 142/154/142 141/153/141
f 719/846/719 718/845/718 720/847/720 721/848/721
f 719/846/719 721/848/721 722/849/722 146/158/146
f 722/849/722 151/163/151 147/159/147 146/158/146
f 722/849/722 721/848/721 723/850/723 724/851/724
f 722/849/722 724/851/724 725/852/725 151/163/151
f 725/852/725 156/168/156 152/164/152 151/163/151
f 725/852/725 724/851/724 426/458/426 424/455/424
f 725/852/725 424/455/424 423/453/423 156/168/156
f 724/851/724 723/850/723 428/461/428 426/458/426
f 723/850/723 721/848/721 720/847/720 726/853/726
f 723/850/723 726/853/726 430/464/430 428/461/428
f 726/853/726 720/847/720 727/854/727 728/855/728
f 726/853/726 728/855/728 432/467/432 430/464/430
f 728/855/728 727/854/727 729/856/729 730/857/730
f 728/855/728 730/857/730 434/470/434 432/467/432
f 730/857/730 729/856/729 731/858/731 732/859/732
f 730/857/730 732/859/732 436/473/436 434/470/434
f 732/859/732 731/858/731 733/860/733 734/861/734
f 732/859/732 734/861/734 438/476/438 436/473/436
f 734/861/734 733/860/733 735/862/735 736/863/736
f 734/861/734 736/863/736 440/479/440 438/476/438
f 736/863/736 735/862/735 737/864/737 738/865/738
f 736/863/736 738/865/738 442/482/442 440/479/440
f 738/865/738 737/864/737 739/866/739 740/867/740
f 738/865/738 740/867/740 444/485/444 442/482/442
f 740/867/740 739/866/739 741/868/741 742/869/742
f 740/867/740 742/869/742 446/488/446 444/485/444
f 742/869/742 741/868/741 743/870/743 744/872/744
f 742/869/742 744/872/744 448/492/448 446/488/446
f 744/873/744 743/871/743 745/874/745 746/875/746
f 744/873/744 746/875/746 450/497/450 448/493/448
f 746/875/746 745/874/745 747/876/747 748/877/748
f 746/875/746 748/877/748 452/500/452 450/497/450
f 748/877/748 747/876/747 749/878/749 750/879/750
f 748/877/748 750/879/750 454/503/454 452/500/452
f 750/879/750 749/878/749 751/880/751 752/881/752
f 750/879/750 752/881/752 456/506/456 454/503/454
f 752/881/752 751/880/751 753/882/753 754/883/754
f 752/881/752 754/883/754 458/509/458 456/506/456
f 754/883/754 753/882/753 755/884/755 756/885/756
f 754/883/754 756/885/756 460/512/460 458/509/458
f 756/885/756 755/884/755 757/886/757 758/887/758
f 756/885/756 758/887/758 462/515/462 460/512/460
f 758/887/758 757/886/757 759/888/759 760/889/760
f 758/887/758 760/889/760 464/518/464 462/515/462
f 760/889/760 759/888/759 761/890/761 762/891/762
f 760/889/760 762/891/762 466/521/466 464/518/464
f 762/891/762 761/890/761 763/892/763 764/893/764
f 762/891/762 764/893/764 468/524/468 466/521/466
f 764/893/764 763/892/763 765/894/765 766/895/766
f 764/893/764 766/895/766 470/527/470 468/524/468
f 766/895/766 765/894/765 767/896/767 768/897/768
f 766/895/766 768/897/768 472/530/472 470/527/470
f 768/897/768 767/896/767 769/898/769 770/899/770
f 768/897/768 770/899/770 474/533/474 472/530/472
f 770/899/770 769/898/769 771/900/771 772/901/772
f 770/899/770 772/901/772 476/536/476 474/533/474
f 772/901/772 771/900/771 773/902/773 774/903/774
f 772/901/772 774/903/774 478/539/478 476/536/476
f 774/903/774 773/902/773 775/904/775 776/905/776
f 774/903/774 776/905/776 480/542/480 478/539/478
f 776/905/776 775/904/775 777/906/777 778/907/778
f 776/905/776 778/907/778 482/545/482 480/542/480
f 778/907/778 777/906/777 779/908/779 780/909/780
f 778/907/778 780/909/780 484/548/484 482/545/482
f 780/909/780 779/908/779 781/910/781 782/911/782
f 780/909/780 782/911/782 486/551/486 484/548/484
f 782/911/782 781/910/781 783/912/783 784/913/784
f 782/911/782 784/913/784 488/554/488 486/551/486
f 784/913/784 783/912/783 785/914/785 786/916/786
f 784/913/784 786/916/786 490/558/490 488/554/488
f 786/917/786 785/915/785 787/918/787 788/919/788
f 786/917/786 788/919/788 492/563/492 490/559/490
f 788/919/788 787/918/787 789/920/789 790/921/790
f 788/919/788 790/921/790 494/566/494 492/563/492
f 790/921/790 789/920/789 791/922/791 792/923/792
f 790/921/790 792/923/792 496/569/496 494/566/494
f 792/923/792 791/922/791 793/924/793 794/925/794
f 792/923/792 794/925/794 498/572/498 496/569/496
f 794/925/794 793/924/793 795/926/795 796/927/796
f 794/925/794 796/927/796 500/575/500 498/572/498
f 796/927/796 795/926/795 797/928/797 798/929/798
f 796/927/796 798/929/798 502/578/502 500/575/500
f 798/929/798 797/928/797 799/930/799 800/931/800
f 798/929/798 800/931/800 504/581/504 502/578/502
f 800/931/800 799/930/799 801/932/801 802/933/802
f 800/931/800 802/933/802 506/584/506 504/581/504
f 802/933/802 801/932/801 803/934/803 804/935/804
f 802/933/802 804/935/804 508/587/508 506/584/506
f 804/935/804 803/934/803 805/936/805 806/937/806
f 804/935/804 806/937/806 510/590/510 508/587/508
f 806/937/806 805/936/805 807/938/807 808/939/808
f 806/937/806 808/939/808 512/593/512 510/590/510
f 808/939/808 807/938/807 809/940/809 810/941/810
f 808/939/808 810/941/810 514/596/514 512/593/512
f 810/941/810 809/940/809 811/942/811 812/943/812
f 810/941/810 812/943/812 516/599/516 514/596/514
f 812/943/812 811/942/811 813/944/813 814/945/814
f 812/943/812 814/945/814 518/602/518 516/599/516
f 814/945/814 813/944/813 815/946/815 816/947/816
f 814/945/814 816/947/816 520/605/520 518/602/518
f 816/947/816 815/946/815 817/948/817 818/949/818
f 816/947/816 818/949/818 522/608/522 520/605/520
f 818/949/818 817/948/817 819/950/819 820/951/820
f 818/949/818 820/951/820 524/611/524 522/608/522
f 820/951/820 819/950/819 821/952/821 822/953/822
f 820/951/820 822/953/822 526/614/526 524/611/524
f 822/953/822 821/952/821 823/954/823 824/955/824
f 822/953/822 824/955/824 528/617/528 526/614/526
f 824/955/824 823/954/823 825/956/825 826/957/826
f 824/955/824 826/957/826 530/620/530 528/617/528
f 826/957/826 825/956/825 827/958/827 828/959/828
f 826/957/826 828/959/828 532/623/532 530/620/530
f 828/959/828 827/958/827 829/961/829 830/962/830
f 828/959/828 830/962/830 534/627/534 532/623/532
f 830/963/830 829/960/829 831/964/831 15/17/8
f 830/963/830 15/17/8 14/15/7 534/628/534
f 831/964/831 829/960/829 832/966/832 833/967/833
f 831/964/831 833/967/833 834/968/834 835/969/835
f 831/964/831 835/969/835 12/13/5 15/17/8
f 835/969/835 834/968/834 836/970/836 837/971/837
f 835/969/835 837/971/837 13/14/6 12/13/5
f 837/971/837 836/970/836 838/972/838 839/973/839
f 837/971/837 839/973/839 60/65/59 13/14/6
f 839/973/839 838/972/838 840/974/840 841/975/841
f 839/973/839 841/975/841 61/66/60 60/65/59
f 841/975/841 840/974/840 842/976/842 843/977/843
f 841/975/841 843/977/843 844/978/844 61/66/60
f 844/978/844 843/977/843 845/979/845 846/980/846
f 844/978/844 846/980/846 847/981/847 848/982/848
f 844/978/844 848/982/848 59/64/58 61/66/60
f 848/982/848 847/981/847 849/983/849 850/984/850
f 848/982/848 850/984/850 10/10/3 59/64/58
f 850/984/850 849/983/849 542/640/542 540/637/540
f 850/984/850 540/637/540 11/12/4 10/10/3
f 849/983/849 847/981/847 851/985/851 852/986/852
f 849/983/849 852/986/852 544/643/544 542/640/542
f 852/986/852 851/985/851 853/987/853 854/988/854
f 852/986/852 854/988/854 546/646/546 544/643/544
f 854/988/854 853/987/853 855/989/855 856/990/856
f 854/988/854 856/990/856 548/649/548 546/646/546
f 856/990/856 855/989/855 857/991/857 858/992/858
f 856/990/856 858/992/858 550/652/550 548/649/548
f 858/992/858 857/991/857 859/993/859 860/994/860
f 858/992/858 860/994/860 552/655/552 550/652/550
f 860/994/860 859/993/859 861/995/861 862/996/862
f 860/994/860 862/996/862 554/658/554 552/655/552
f 862/996/862 861/995/861 863/997/863 864/998/864
f 862/996/862 864/998/864 556/661/556 554/658/554
f 864/998/864 863/997/863 865/999/865 866/1000/866
f 864/998/864 866/1000/866 558/664/558 556/661/556
f 866/1000/866 865/999/865 867/1001/867 868/1002/868
f 866/1000/866 868/1002/868 560/667/560 558/664/558
f 868/1002/868 867/1001/867 869/1003/869 870/1004/870
f 868/1002/868 870/1004/870 562/670/562 560/667/560
f 870/1004/870 869/1003/869 871/1005/871 872/1006/872
f 870/1004/870 872/1006/872 564/673/564 562/670/562
f 872/1006/872 871/1005/871 873/1007/873 874/1008/874
f 872/1006/872 874/1008/874 566/676/566 564/673/564
f 874/1008/874 873/1007/873 875/1009/875 876/1010/876
f 874/1008/874 876/1010/876 568/679/568 566/676/566
f 876/1010/876 875/1009/875 877/1012/877 878/1013/878
f 876/1010/876 878/1013/878 570/683/570 568/679/568
f 878/1014/878 877/1011/877 879/1015/879 575/692/575
f 878/1014/878 575/692/575 572/688/572 570/684/570
f 879/1015/879 877/1011/877 880/1017/880 881/1018/881
f 879/1015/879 881/1018/881 882/1019/882 578/695/578
f 879/1015/879 578/695/578 576/693/576 575/692/575
f 882/1019/882 881/1018/881 883/1020/883 884/1021/884
f 882/1019/882 884/1021/884 885/1022/885 581/698/581
f 882/1019/882 581/698/581 579/696/579 578/695/578
f 885/1022/885 884/1021/884 886/1023/886 887/1024/887
f 885/1022/885 887/1024/887 888/1025/888 584/701/584
f 885/1022/885 584/701/584 582/699/582 581/698/581
f 888/1025/888 887/1024/887 889/1026/889 890/1027/890
f 888/1025/888 890/1027/890 891/1028/891 587/704/587
f 888/1025/888 587/704/587 585/702/585 584/701/584
f 891/1028/891 890/1027/890 892/1029/892 893/1030/893
f 891/1028/891 893/1030/893 894/1031/894 590/707/590
f 891/1028/891 590/707/590 588/705/588 587/704/587
f 894/1031/894 893/1030/893 895/1032/895 896/1033/896
f 894/1031/894 896/1033/896 897/1034/897 593/710/593
f 894/1031/894 593/710/593 591/708/591 590/707/590
f 897/1034/897 896/1033/896 898/1035/898 899/1036/899
f 897/1034/897 899/1036/899 900/1037/900 596/713/596
f 897/1034/897 596/713/596 594/711/594 593/710/593
f 900/1037/900 899/1036/899 901/1038/901 902/1039/902
f 900/1037/900 902/1039/902 903/1040/903 599/716/599
f 900/1037/900 599/716/599 597/714/597 596/713/596
f 903/1040/903 902/1039/902 904/1041/904 905/1042/905
f 903/1040/903 905/1042/905 906/1043/906 602/719/602
f 903/1040/903 602/719/602 600/717/600 599/716/599
f 906/1043/906 905/1042/905 907/1044/907 908/1045/908
f 906/1043/906 908/1045/908 909/1046/909 605/722/605
f 906/1043/906 605/722/605 603/720/603 602/719/602
f 909/1046/909 908/1045/908 910/1047/910 911/1048/911
f 909/1046/909 911/1048/911 912/1049/912 608/725/608
f 909/1046/909 608/725/608 606/723/606 605/722/605
f 912/1049/912 911/1048/911 913/1050/913 914/1051/914
f 912/1049/912 914/1051/914 915/1052/915 611/728/611
f 912/1049/912 611/728/611 609/726/609 608/725/608
f 915/1052/915 914/1051/914 916/1053/916 917/1054/917
f 915/1052/915 917/1054/917 918/1055/918 614/731/614
f 915/1052/915 614/731/614 612/729/612 611/728/611
f 918/1055/918 917/1054/917 919/1056/919 920/1057/920
f 918/1055/918 920/1057/920 921/1058/921 617/734/617
f 918/1055/918 617/734/617 615/732/615 614/731/614
f 921/1058/921 920/1057/920 922/1059/922 923/1060/923
f 921/1058/921 923/1060/923 622/739/622 620/737/620
f 921/1058/921 620/737/620 618/735/618 617/734/617
f 923/1060/923 922/1059/922 924/1061/924 925/1062/925
f 923/1060/923 925/1062/925 624/741/624 622/739/622
f 925/1062/925 924/1061/924 926/1063/926 927/1064/927
f 925/1062/925 927/1064/927 626/743/626 624/741/624
f 927/1064/927 926/1063/926 928/1065/928 929/1066/929
f 927/1064/927 929/1066/929 930/1067/930 626/743/626
f 930/1067/930 929/1066/929 931/1068/931 932/1069/932
f 930/1067/930 932/1069/932 933/1070/933 629/746/629
f 930/1067/930 629/746/629 627/744/627 626/743/626
f 933/1070/933 932/1069/932 934/1071/934 935/1072/935
f 933/1070/933 935/1072/935 936/1073/936 632/749/632
f 933/1070/933 632/749/632 630/747/630 629/746/629
f 936/1073/936 935/1072/935 937/1074/937 938/1075/938
f 936/1073/936 938/1075/938 939/1076/939 940/1077/940
f 936/1073/936 940/1077/940 633/750/633 632/749/632
f 940/1077/940 939/1076/939 941/1078/941 942/1079/942
f 940/1077/940 942/1079/942 634/751/634 633/750/633
f 942/1079/942 941/1078/941 943/1080/943 944/1081/944
f 942/1079/942 944/1081/944 636/753/636 634/751/634
f 944/1081/944 943/1080/943 945/1082/945 946/1083/946
f 944/1081/944 946/1083/946 638/755/638 636/753/636
f 946/1083/946 945/1082/945 947/1084/947 948/1085/948
f 946/1083/946 948/1085/948 949/1086/949 638/755/638
f 949/1086/949 948/1085/948 950/1087/950 951/1089/951
f 949/1086/949 951/1089/951 952/1092/952 641/758/641
f 949/1086/949 641/758/641 639/756/639 638/755/638
f 952/1091/952 951/1090/951 953/1093/953 954/1094/954
f 952/1091/952 954/1094/954 955/1095/955 644/762/644
f 952/1092/952 644/761/644 642/759/642 641/758/641
f 955/1095/955 954/1094/954 956/1096/956 957/1097/957
f 955/1095/955 957/1097/957 958/1098/958 959/1099/959
f 955/1095/955 959/1099/959 645/764/645 644/762/644
f 959/1099/959 958/1098/958 960/1100/960 961/1101/961
f 959/1099/959 961/1101/961 646/766/646 645/764/645
f 961/1101/961 960/1100/960 962/1102/962 963/1103/963
f 961/1101/961 963/1103/963 648/769/648 646/766/646
f 963/1103/963 962/1102/962 964/1104/964 965/1106/965
f 963/1103/963 965/1106/965 650/772/650 648/769/648
f 965/1107/965 964/1105/964 966/1109/966 967/1110/967
f 965/1108/965 967/1111/967 652/776/652 650/773/650
f 967/1110/967 966/1109/966 968/1112/968 969/1114/969
f 967/1111/967 969/1113/969 970/1115/970 652/776/652
f 970/1115/970 969/1113/969 971/1116/971 972/1118/972
f 970/1115/970 972/1118/972 657/781/657 655/779/655
f 970/1115/970 655/779/655 653/777/653 652/776/652
f 972/1118/972 971/1116/971 973/1119/973 974/1121/974
f 972/1118/972 974/1121/974 659/783/659 657/781/657
f 974/1121/974 973/1119/973 975/1123/975 976/1124/976
f 974/1121/974 976/1124/976 977/1125/977 659/783/659
f 977/1125/977 976/1124/976 978/1126/978 979/1127/979
f 977/1125/977 979/1127/979 980/1128/980 662/786/662
f 977/1125/977 662/786/662 660/784/660 659/783/659
f 980/1128/980 979/1127/979 981/1129/981 982/1130/982
f 980/1128/980 982/1130/982 983/1131/983 984/1132/984
f 980/1128/980 984/1132/984 663/787/663 662/786/662
f 984/1132/984 983/1131/983 985/1133/985 986/1134/986
f 984/1132/984 986/1134/986 664/788/664 663/787/663
f 986/1134/986 985/1133/985 987/1135/987 988/1136/988
f 986/1134/986 988/1136/988 666/790/666 664/788/664
f 988/1136/988 987/1135/987 989/1137/989 990/1138/990
f 988/1136/988 990/1138/990 668/792/668 666/790/666
f 990/1138/990 989/1137/989 991/1139/991 992/1140/992
f 990/1138/990 992/1140/992 993/1141/993 668/792/668
f 993/1141/993 992/1140/992 994/1142/994 995/1143/995
f 993/1141/993 995/1143/995 996/1144/996 671/795/671
f 993/1141/993 671/795/671 669/793/669 668/792/668
f 996/1144/996 995/1143/995 997/1145/997 998/1146/998
f 996/1144/996 998/1146/998 999/1147/999 1000/1148/1000
f 996/1144/996 1000/1148/1000 672/796/672 671/795/671
f 1000/1148/1000 999/1147/999 1001/1149/1001 1002/1150/1002
f 1000/1148/1000 1002/1150/1002 673/797/673 672/796/672
f 1002/1150/1002 1001/1149/1001 1003/1151/1003 1004/1152/1004
f 1002/1150/1002 1004/1152/1004 675/799/675 673/797/673
f 1004/1152/1004 1003/1151/1003 1005/1153/1005 1006/1154/1006
f 1004/1152/1004 1006/1154/1006 677/801/677 675/799/675
f 1006/1154/1006 1005/1153/1005 1007/1155/1007 1008/1156/1008
f 1006/1154/1006 1008/1156/1008 1009/1157/1009 677/801/677
f 1009/1157/1009 681/805/681 678/802/678 677/801/677
f 1009/1157/1009 1008/1156/1008 1010/1158/1010 1011/1159/1011
f 1009/1157/1009 1011/1159/1011 1012/1160/1012 681/805/681
f 1012/1160/1012 684/808/684 682/806/682 681/805/681
f 1012/1160/1012 1011/1159/1011 1013/1161/1013 1014/1162/1014
f 1012/1160/1012 1014/1162/1014 1015/1163/1015 684/808/684
f 1015/1163/1015 687/811/687 685/809/685 684/808/684
f 1015/1163/1015 1014/1162/1014 1016/1164/1016 1017/1165/1017
f 1015/1163/1015 1017/1165/1017 1018/1166/1018 687/811/687
f 1018/1166/1018 690/815/690 688/812/688 687/811/687
f 1018/1166/1018 1017/1165/1017 1019/1167/1019 1020/1168/1020
f 1018/1166/1018 1020/1168/1020 1021/1169/1021 690/815/690
f 1021/1169/1021 693/819/693 691/817/691 690/815/690
f 1021/1169/1021 1020/1168/1020 1022/1170/1022 1023/1171/1023
f 1021/1169/1021 1023/1171/1023 1024/1172/1024 693/819/693
f 1024/1173/1024 696/823/696 694/821/694 693/820/693
f 1024/1172/1024 1023/1171/1023 1025/1174/1025 1026/1176/1026
f 1024/1173/1024 1026/1175/1026 1027/1177/1027 696/823/696
f 1027/1177/1027 699/826/699 697/824/697 696/823/696
f 1027/1177/1027 1026/1175/1026 1028/1179/1028 1029/1180/1029
f 1027/1177/1027 1029/1180/1029 1030/1181/1030 699/826/699
f 1030/1181/1030 702/829/702 700/827/700 699/826/699
f 1030/1181/1030 1029/1180/1029 1031/1182/1031 1032/1183/1032
f 1030/1181/1030 1032/1183/1032 1033/1184/1033 702/829/702
f 1033/1184/1033 705/832/705 703/830/703 702/829/702
f 1033/1184/1033 1032/1183/1032 1034/1185/1034 1035/1186/1035
f 1033/1184/1033 1035/1186/1035 1036/1187/1036 705/832/705
f 1036/1187/1036 708/835/708 706/833/706 705/832/705
f 1036/1187/1036 1035/1186/1035 1037/1188/1037 1038/1189/1038
f 1036/1187/1036 1038/1189/1038 1039/1190/1039 708/835/708
f 1039/1190/1039 711/838/711 709/836/709 708/835/708
f 1039/1190/1039 1038/1189/1038 1040/1191/1040 1041/1192/1041
f 1039/1190/1039 1041/1192/1041 1042/1193/1042 711/838/711
f 1042/1193/1042 714/841/714 712/839/712 711/838/711
f 1042/1193/1042 1041/1192/1041 1043/1194/1043 1044/1195/1044
f 1042/1193/1042 1044/1195/1044 1045/1196/1045 714/841/714
f 1045/1196/1045 717/844/717 715/842/715 714/841/714
f 1045/1196/1045 1044/1195/1044 731/858/731 729/856/729
f 1045/1196/1045 729/856/729 727/854/727 717/844/717
f 1044/1195/1044 1043/1194/1043 733/860/733 731/858/731
f 1043/1194/1043 1041/1192/1041 1040/1191/1040 1046/1197/1046
f 1043/1194/1043 1046/1197/1046 735/862/735 733/860/733
f 1046/1197/1046 1040/1191/1040 1047/1198/1047 1048/1199/1048
f 1046/1197/1046 1048/1199/1048 737/864/737 735/862/735
f 1048/1199/1048 1047/1198/1047 1049/1200/1049 1050/1201/1050
f 1048/1199/1048 1050/1201/1050 739/866/739 737/864/737
f 1050/1201/1050 1049/1200/1049 1051/1202/1051 1052/1203/1052
f 1050/1201/1050 1052/1203/1052 741/868/741 739/866/739
f 1052/1203/1052 1051/1202/1051 1053/1204/1053 1054/1206/1054
f 1052/1203/1052 1054/1206/1054 743/870/743 741/868/741
f 1054/1207/1054 1053/1205/1053 1055/1208/1055 1056/1209/1056
f 1054/1207/1054 1056/1209/1056 745/874/745 743/871/743
f 1056/1209/1056 1055/1208/1055 1057/1210/1057 1058/1211/1058
f 1056/1209/1056 1058/1211/1058 747/876/747 745/874/745
f 1058/1211/1058 1057/1210/1057 1059/1212/1059 1060/1213/1060
f 1058/1211/1058 1060/1213/1060 749/878/749 747/876/747
f 1060/1213/1060 1059/1212/1059 1061/1214/1061 1062/1215/1062
f 1060/1213/1060 1062/1215/1062 751/880/751 749/878/749
f 1062/1215/1062 1061/1214/1061 1063/1216/1063 1064/1217/1064
f 1062/1215/1062 1064/1217/1064 753/882/753 751/880/751
f 1064/1217/1064 1063/1216/1063 1065/1218/1065 1066/1219/1066
f 1064/1217/1064 1066/1219/1066 755/884/755 753/882/753
f 1066/1219/1066 1065/1218/1065 1067/1220/1067 1068/1221/1068
f 1066/1219/1066 1068/1221/1068 757/886/757 755/884/755
f 1068/1221/1068 1067/1220/1067 1069/1222/1069 1070/1223/1070
f 1068/1221/1068 1070/1223/1070 759/888/759 757/886/757
f 1070/1223/1070 1069/1222/1069 1071/1224/1071 1072/1225/1072
f 1070/1223/1070 1072/1225/1072 761/890/761 759/888/759
f 1072/1225/1072 1071/1224/1071 1073/1226/1073 1074/1227/1074
f 1072/1225/1072 1074/1227/1074 763/892/763 761/890/761
f 1074/1227/1074 1073/1226/1073 1075/1228/1075 1076/1229/1076
f 1074/1227/1074 1076/1229/1076 765/894/765 763/892/763
f 1076/1229/1076 1075/1228/1075 1077/1230/1077 1078/1231/1078
f 1076/1229/1076 1078/1231/1078 767/896/767 765/894/765
f 1078/1231/1078 1077/1230/1077 1079/1232/1079 1080/1233/1080
f 1078/1231/1078 1080/1233/1080 769/898/769 767/896/767
f 1080/1233/1080 1079/1232/1079 1081/1234/1081 1082/1235/1082
f 1080/1233/1080 1082/1235/1082 771/900/771 769/898/769
f 1082/1235/1082 1081/1234/1081 1083/1236/1083 1084/1237/1084
f 1082/1235/1082 1084/1237/1084 773/902/773 771/900/771
f 1084/1237/1084 1083/1236/1083 1085/1238/1085 1086/1239/1086
f 1084/1237/1084 1086/1239/1086 775/904/775 773/902/773
f 1086/1239/1086 1085/1238/1085 1087/1240/1087 1088/1241/1088
f 1086/1239/1086 1088/1241/1088 777/906/777 775/904/775
f 1088/1241/1088 1087/1240/1087 1089/1242/1089 1090/1243/1090
f 1088/1241/1088 1090/1243/1090 779/908/779 777/906/777
f 1090/1243/1090 1089/1242/1089 1091/1244/1091 1092/1245/1092
f 1090/1243/1090 1092/1245/1092 781/910/781 779/908/779
f 1092/1245/1092 1091/1244/1091 1093/1246/1093 1094/1247/1094
f 1092/1245/1092 1094/1247/1094 783/912/783 781/910/781
f 1094/1247/1094 1093/1246/1093 1095/1248/1095 1096/1250/1096
f 1094/1247/1094 1096/1250/1096 785/914/785 783/912/783
f 1096/1251/1096 1095/1249/1095 1097/1252/1097 1098/1253/1098
f 1096/1251/1096 1098/1253/1098 787/918/787 785/915/785
f 1098/1253/1098 1097/1252/1097 1099/1254/1099 1100/1255/1100
f 1098/1253/1098 1100/1255/1100 789/920/789 787/918/787
f 1100/1255/1100 1099/1254/1099 1101/1256/1101 1102/1257/1102
f 1100/1255/1100 1102/1257/1102 791/922/791 789/920/789
f 1102/1257/1102 1101/1256/1101 1103/1258/1103 1104/1259/1104
f 1102/1257/1102 1104/1259/1104 793/924/793 791/922/791
f 1104/1259/1104 1103/1258/1103 1105/1260/1105 1106/1261/1106
f 1104/1259/1104 1106/1261/1106 795/926/795 793/924/793
f 1106/1261/1106 1105/1260/1105 1107/1262/1107 1108/1263/1108
f 1106/1261/1106 1108/1263/1108 797/928/797 795/926/795
f 1108/1263/1108 1107/1262/1107 1109/1264/1109 1110/1265/1110
f 1108/1263/1108 1110/1265/1110 799/930/799 797/928/797
f 1110/1265/1110 1109/1264/1109 1111/1266/1111 1112/1267/1112
f 1110/1265/1110 1112/1267/1112 801/932/801 799/930/799
f 1112/1267/1112 1111/1266/1111 1113/1268/1113 1114/1269/1114
f 1112/1267/1112 1114/1269/1114 803/934/803 801/932/801
f 1114/1269/1114 1113/1268/1113 1115/1270/1115 1116/1271/1116
f 1114/1269/1114 1116/1271/1116 805/936/805 803/934/803
f 1116/1271/1116 1115/1270/1115 1117/1272/1117 1118/1273/1118
f 1116/1271/1116 1118/1273/1118 807/938/807 805/936/805
f 1118/1273/1118 1117/1272/1117 1119/1274/1119 1120/1275/1120
f 1118/1273/1118 1120/1275/1120 809/940/809 807/938/807
f 1120/1275/1120 1119/1274/1119 1121/1276/1121 1122/1277/1122
f 1120/1275/1120 1122/1277/1122 811/942/811 809/940/809
f 1122/1277/1122 1121/1276/1121 1123/1278/1123 1124/1279/1124
f 1122/1277/1122 1124/1279/1124 813/944/813 811/942/811
f 1124/1279/1124 1123/1278/1123 1125/1280/1125 1126/1281/1126
f 1124/1279/1124 1126/1281/1126 815/946/815 813/944/813
f 1126/1281/1126 1125/1280/1125 1127/1282/1127 1128/1283/1128
f 1126/1281/1126 1128/1283/1128 817/948/817 815/946/815
f 1128/1283/1128 1127/1282/1127 1129/1284/1129 1130/1285/1130
f 1128/1283/1128 1130/1285/1130 819/950/819 817/948/817
f 1130/1285/1130 1129/1284/1129 1131/1286/1131 1132/1287/1132
f 1130/1285/1130 1132/1287/1132 821/952/821 819/950/819
f 1132/1287/1132 1131/1286/1131 1133/1288/1133 1134/1289/1134
f 1132/1287/1132 1134/1289/1134 823/954/823 821/952/821
f 1134/1289/1134 1133/1288/1133 1135/1290/1135 1136/1291/1136
f 1134/1289/1134 1136/1291/1136 825/956/825 823/954/823
f 1136/1291/1136 1135/1290/1135 1137/1292/1137 1138/1293/1138
f 1136/1291/1136 1138/1293/1138 827/958/827 825/956/825
f 1138/1293/1138 1137/1292/1137 1139/1294/1139 832/965/832
f 1138/1293/1138 832/965/832 829/961/829 827/958/827
f 1139/1294/1139 1137/1292/1137 1140/1296/1140 1141/1297/1141
f 1139/1295/1139 1141/1298/1141 1142/1299/1142 1143/1300/1143
f 1139/1295/1139 1143/1300/1143 833/967/833 832/966/832
f 1143/1300/1143 1142/1299/1142 1144/1301/1144 1145/1302/1145
f 1143/1300/1143 1145/1302/1145 834/968/834 833/967/833
f 1145/1302/1145 1144/1301/1144 1146/1303/1146 1147/1304/1147
f 1145/1302/1145 1147/1304/1147 836/970/836 834/968/834
f 1147/1304/1147 1146/1303/1146 1148/1305/1148 1149/1306/1149
f 1147/1304/1147 1149/1306/1149 838/972/838 836/970/836
f 1149/1306/1149 1148/1305/1148 1150/1307/1150 1151/1308/1151
f 1149/1306/1149 1151/1308/1151 840/974/840 838/972/838
f 1151/1308/1151 1150/1307/1150 1152/1309/1152 1153/1310/1153
f 1151/1308/1151 1153/1310/1153 842/976/842 840/974/840
f 1153/1310/1153 1152/1309/1152 1154/1311/1154 1155/1312/1155
f 1153/1310/1153 1155/1312/1155 1156/1313/1156 842/976/842
f 1156/1313/1156 1155/1312/1155 1157/1314/1157 1158/1315/1158
f 1156/1313/1156 1158/1315/1158 1159/1316/1159 845/979/845
f 1156/1313/1156 845/979/845 843/977/843 842/976/842
f 1159/1316/1159 1158/1315/1158 1160/1317/1160 1161/1318/1161
f 1159/1316/1159 1161/1318/1161 1162/1319/1162 1163/1320/1163
f 1159/1316/1159 1163/1320/1163 846/980/846 845/979/845
f 1163/1320/1163 1162/1319/1162 853/987/853 851/985/851
f 1163/1320/1163 851/985/851 847/981/847 846/980/846
f 1162/1319/1162 1161/1318/1161 1164/1321/1164 1165/1322/1165
f 1162/1319/1162 1165/1322/1165 855/989/855 853/987/853
f 1165/1322/1165 1164/1321/1164 1166/1323/1166 1167/1324/1167
f 1165/1322/1165 1167/1324/1167 857/991/857 855/989/855
f 1167/1324/1167 1166/1323/1166 1168/1325/1168 1169/1326/1169
f 1167/1324/1167 1169/1326/1169 859/993/859 857/991/857
f 1169/1326/1169 1168/1325/1168 1170/1327/1170 1171/1328/1171
f 1169/1326/1169 1171/1328/1171 861/995/861 859/993/859
f 1171/1328/1171 1170/1327/1170 1172/1329/1172 1173/1330/1173
f 1171/1328/1171 1173/1330/1173 863/997/863 861/995/861
f 1173/1330/1173 1172/1329/1172 1174/1331/1174 1175/1332/1175
f 1173/1330/1173 1175/1332/1175 865/999/865 863/997/863
f 1175/1332/1175 1174/1331/1174 1176/1333/1176 1177/1334/1177
f 1175/1332/1175 1177/1334/1177 867/1001/867 865/999/865
f 1177/1334/1177 1176/1333/1176 1178/1335/1178 1179/1336/1179
f 1177/1334/1177 1179/1336/1179 869/1003/869 867/1001/867
f 1179/1336/1179 1178/1335/1178 1180/1337/1180 1181/1338/1181
f 1179/1336/1179 1181/1338/1181 871/1005/871 869/1003/869
f 1181/1338/1181 1180/1337/1180 1182/1339/1182 1183/1340/1183
f 1181/1338/1181 1183/1340/1183 873/1007/873 871/1005/871
f 1183/1340/1183 1182/1339/1182 1184/1341/1184 1185/1342/1185
f 1183/1340/1183 1185/1342/1185 875/1009/875 873/1007/873
f 1185/1342/1185 1184/1341/1184 1186/1343/1186 880/1016/880
f 1185/1342/1185 880/1016/880 877/1012/877 875/1009/875
f 1186/1343/1186 1184/1341/1184 1187/1345/1187 1188/1347/1188
f 1186/1344/1186 1188/1346/1188 1189/1348/1189 883/1020/883
f 1186/1344/1186 883/1020/883 881/1018/881 880/1017/880
f 1189/1348/1189 1188/1346/1188 1190/1350/1190 1191/1351/1191
f 1189/1348/1189 1191/1351/1191 1192/1352/1192 886/1023/886
f 1189/1348/1189 886/1023/886 884/1021/884 883/1020/883
f 1192/1352/1192 1191/1351/1191 1193/1353/1193 1194/1354/1194
f 1192/1352/1192 1194/1354/1194 1195/1355/1195 889/1026/889
f 1192/1352/1192 889/1026/889 887/1024/887 886/1023/886
f 1195/1355/1195 1194/1354/1194 1196/1356/1196 1197/1357/1197
f 1195/1355/1195 1197/1357/1197 1198/1358/1198 892/1029/892
f 1195/1355/1195 892/1029/892 890/1027/890 889/1026/889
f 1198/1358/1198 1197/1357/1197 1199/1359/1199 1200/1360/1200
f 1198/1358/1198 1200/1360/1200 1201/1361/1201 895/1032/895
f 1198/1358/1198 895/1032/895 893/1030/893 892/1029/892
f 1201/1361/1201 1200/1360/1200 1202/1362/1202 1203/1363/1203
f 1201/1361/1201 1203/1363/1203 1204/1364/1204 898/1035/898
f 1201/1361/1201 898/1035/898 896/1033/896 895/1032/895
f 1204/1364/1204 1203/1363/1203 1205/1365/1205 1206/1366/1206
f 1204/1364/1204 1206/1366/1206 1207/1367/1207 901/1038/901
f 1204/1364/1204 901/1038/901 899/1036/899 898/1035/898
f 1207/1367/1207 1206/1366/1206 1208/1368/1208 1209/1369/1209
f 1207/1367/1207 1209/1369/1209 1210/1370/1210 904/1041/904
f 1207/1367/1207 904/1041/904 902/1039/902 901/1038/901
f 1210/1370/1210 1209/1369/1209 1211/1371/1211 1212/1372/1212
f 1210/1370/1210 1212/1372/1212 1213/1373/1213 907/1044/907
f 1210/1370/1210 907/1044/907 905/1042/905 904/1041/904
f 1213/1373/1213 1212/1372/1212 1214/1374/1214 1215/1375/1215
f 1213/1373/1213 1215/1375/1215 1216/1376/1216 910/1047/910
f 1213/1373/1213 910/1047/910 908/1045/908 907/1044/907
f 1216/1376/1216 1215/1375/1215 1217/1377/1217 1218/1378/1218
f 1216/1376/1216 1218/1378/1218 1219/1379/1219 913/1050/913
f 1216/1376/1216 913/1050/913 911/1048/911 910/1047/910
f 1219/1379/1219 1218/1378/1218 1220/1380/1220 1221/1381/1221
f 1219/1379/1219 1221/1381/1221 1222/1382/1222 916/1053/916
f 1219/1379/1219 916/1053/916 914/1051/914 913/1050/913
f 1222/1382/1222 1221/1381/1221 1223/1383/1223 1224/1384/1224
f 1222/1382/1222 1224/1384/1224 1225/1385/1225 919/1056/919
f 1222/1382/1222 919/1056/919 917/1054/917 916/1053/916
f 1225/1385/1225 1224/1384/1224 1226/1386/1226 1227/1387/1227
f 1225/1385/1225 1227/1387/1227 924/1061/924 922/1059/922
f 1225/1385/1225 922/1059/922 920/1057/920 919/1056/919
f 1227/1387/1227 1226/1386/1226 1228/1388/1228 1229/1389/1229
f 1227/1387/1227 1229/1389/1229 926/1063/926 924/1061/924
f 1229/1389/1229 1228/1388/1228 1230/1390/1230 1231/1391/1231
f 1229/1389/1229 1231/1391/1231 928/1065/928 926/1063/926
f 1231/1391/1231 1230/1390/1230 1232/1392/1232 1233/1393/1233
f 1231/1391/1231 1233/1393/1233 1234/1394/1234 928/1065/928
f 1234/1394/1234 1233/1393/1233 1235/1395/1235 1236/1396/1236
f 1234/1394/1234 1236/1396/1236 1237/1397/1237 931/1068/931
f 1234/1394/1234 931/1068/931 929/1066/929 928/1065/928
f 1237/1397/1237 1236/1396/1236 1238/1398/1238 1239/1399/1239
f 1237/1397/1237 1239/1399/1239 1240/1400/1240 934/1071/934
f 1237/1397/1237 934/1071/934 932/1069/932 931/1068/931
f 1240/1400/1240 1239/1399/1239 1241/1401/1241 1242/1402/1242
f 1240/1400/1240 1242/1402/1242 1243/1403/1243 937/1074/937
f 1240/1400/1240 937/1074/937 935/1072/935 934/1071/934
f 1243/1403/1243 1242/1402/1242 1244/1404/1244 1245/1405/1245
f 1243/1403/1243 1245/1405/1245 1246/1406/1246 1247/1407/1247
f 1243/1403/1243 1247/1407/1247 938/1075/938 937/1074/937
f 1247/1407/1247 1246/1406/1246 1248/1408/1248 1249/1409/1249
f 1247/1407/1247 1249/1409/1249 939/1076/939 938/1075/938
f 1249/1409/1249 1248/1408/1248 1250/1410/1250 1251/1411/1251
f 1249/1409/1249 1251/1411/1251 941/1078/941 939/1076/939
f 1251/1411/1251 1250/1410/1250 1252/1412/1252 1253/1413/1253
f 1251/1411/1251 1253/1413/1253 943/1080/943 941/1078/941
f 1253/1413/1253 1252/1412/1252 1254/1414/1254 1255/1415/1255
f 1253/1413/1253 1255/1415/1255 945/1082/945 943/1080/943
f 1255/1415/1255 1254/1414/1254 1256/1416/1256 1257/1417/1257
f 1255/1415/1255 1257/1417/1257 947/1084/947 945/1082/945
f 1257/1417/1257 1256/1416/1256 1258/1418/1258 1259/1420/1259
f 1257/1417/1257 1259/1420/1259 1260/1423/1260 947/1084/947
f 1260/1422/1260 1259/1421/1259 1261/1424/1261 1262/1425/1262
f 1260/1422/1260 1262/1425/1262 1263/1426/1263 950/1088/950
f 1260/1423/1260 950/1087/950 948/1085/948 947/1084/947
f 1263/1426/1263 1262/1425/1262 1264/1427/1264 1265/1428/1265
f 1263/1426/1263 1265/1428/1265 1266/1429/1266 953/1093/953
f 1263/1426/1263 953/1093/953 951/1090/951 950/1088/950
f 1266/1429/1266 1265/1428/1265 1267/1430/1267 1268/1431/1268
f 1266/1429/1266 1268/1431/1268 1269/1432/1269 956/1096/956
f 1266/1429/1266 956/1096/956 954/1094/954 953/1093/953
f 1269/1432/1269 1268/1431/1268 1270/1433/1270 1271/1434/1271
f 1269/1432/1269 1271/1434/1271 1272/1435/1272 1273/1436/1273
f 1269/1432/1269 1273/1436/1273 957/1097/957 956/1096/956
f 1273/1436/1273 1272/1435/1272 1274/1437/1274 1275/1438/1275
f 1273/1436/1273 1275/1438/1275 958/1098/958 957/1097/957
f 1275/1438/1275 1274/1437/1274 1276/1439/1276 1277/1440/1277
f 1275/1438/1275 1277/1440/1277 960/1100/960 958/1098/958
f 1277/1440/1277 1276/1439/1276 1278/1441/1278 1279/1442/1279
f 1277/1440/1277 1279/1442/1279 962/1102/962 960/1100/960
f 1279/1442/1279 1278/1441/1278 39/42/35 1280/1443/1280
f 1279/1442/1279 1280/1443/1280 964/1104/964 962/1102/962
f 1280/1444/1280 39/41/35 38/40/34 1281/1445/1281
f 1280/1444/1280 1281/1445/1281 966/1109/966 964/1105/964
f 1281/1445/1281 38/40/34 37/39/33 1282/1446/1282
f 1281/1445/1281 1282/1446/1282 968/1112/968 966/1109/966
f 1282/1446/1282 37/39/33 1283/1447/1283 1284/1448/1284
f 1282/1446/1282 1284/1448/1284 1285/1449/1285 968/1112/968
f 1285/1449/1285 1284/1448/1284 1286/1450/1286 1287/1451/1287
f 1285/1449/1285 1287/1451/1287 973/1120/973 971/1117/971
f 1285/1449/1285 971/1117/971 969/1114/969 968/1112/968
f 1287/1451/1287 1286/1450/1286 1288/1452/1288 1289/1453/1289
f 1287/1451/1287 1289/1453/1289 975/1122/975 973/1120/973
f 1289/1453/1289 1288/1452/1288 1290/1454/1290 1291/1455/1291
f 1289/1453/1289 1291/1455/1291 1292/1456/1292 975/1122/975
f 1292/1456/1292 1291/1455/1291 1293/1458/1293 1294/1460/1294
f 1292/1457/1292 1294/1459/1294 1295/1461/1295 978/1126/978
f 1292/1457/1292 978/1126/978 976/1124/976 975/1123/975
f 1295/1461/1295 1294/1459/1294 1296/1463/1296 1297/1464/1297
f 1295/1461/1295 1297/1464/1297 1298/1465/1298 981/1129/981
f 1295/1461/1295 981/1129/981 979/1127/979 978/1126/978
f 1298/1465/1298 1297/1464/1297 1299/1466/1299 1300/1467/1300
f 1298/1465/1298 1300/1467/1300 1301/1468/1301 1302/1469/1302
f 1298/1465/1298 1302/1469/1302 982/1130/982 981/1129/981
f 1302/1469/1302 1301/1468/1301 1303/1470/1303 1304/1471/1304
f 1302/1469/1302 1304/1471/1304 983/1131/983 982/1130/982
f 1304/1471/1304 1303/1470/1303 1305/1472/1305 1306/1473/1306
f 1304/1471/1304 1306/1473/1306 985/1133/985 983/1131/983
f 1306/1473/1306 1305/1472/1305 1307/1474/1307 1308/1475/1308
f 1306/1473/1306 1308/1475/1308 987/1135/987 985/1133/985
f 1308/1475/1308 1307/1474/1307 1309/1476/1309 1310/1477/1310
f 1308/1475/1308 1310/1477/1310 989/1137/989 987/1135/987
f 1310/1477/1310 1309/1476/1309 1311/1478/1311 1312/1479/1312
f 1310/1477/1310 1312/1479/1312 991/1139/991 989/1137/989
f 1312/1479/1312 1311/1478/1311 1313/1480/1313 1314/1481/1314
f 1312/1479/1312 1314/1481/1314 1315/1482/1315 991/1139/991
f 1315/1482/1315 1314/1481/1314 1316/1483/1316 1317/1484/1317
f 1315/1482/1315 1317/1484/1317 1318/1485/1318 994/1142/994
f 1315/1482/1315 994/1142/994 992/1140/992 991/1139/991
f 1318/1485/1318 1317/1484/1317 1319/1486/1319 1320/1487/1320
f 1318/1485/1318 1320/1487/1320 1321/1488/1321 997/1145/997
f 1318/1485/1318 997/1145/997 995/1143/995 994/1142/994
f 1321/1488/1321 1320/1487/1320 1322/1489/1322 1323/1490/1323
f 1321/1488/1321 1323/1490/1323 1324/1491/1324 1325/1492/1325
f 1321/1488/1321 1325/1492/1325 998/1146/998 997/1145/997
f 1325/1492/1325 1324/1491/1324 1326/1493/1326 1327/1494/1327
f 1325/1492/1325 1327/1494/1327 999/1147/999 998/1146/998
f 1327/1494/1327 1326/1493/1326 1328/1495/1328 1329/1496/1329
f 1327/1494/1327 1329/1496/1329 1001/1149/1001 999/1147/999
f 1329/1496/1329 1328/1495/1328 1330/1497/1330 1331/1498/1331
f 1329/1496/1329 1331/1498/1331 1003/1151/1003 1001/1149/1001
f 1331/1498/1331 1330/1497/1330 1332/1499/1332 1333/1500/1333
f 1331/1498/1331 1333/1500/1333 1005/1153/1005 1003/1151/1003
f 1333/1500/1333 1332/1499/1332 1334/1501/1334 1335/1502/1335
f 1333/1500/1333 1335/1502/1335 1007/1155/1007 1005/1153/1005
f 1335/1502/1335 1334/1501/1334 1336/1503/1336 1337/1504/1337
f 1335/1502/1335 1337/1504/1337 1338/1505/1338 1007/1155/1007
f 1338/1505/1338 1010/1158/1010 1008/1156/1008 1007/1155/1007
f 1338/1505/1338 1337/1504/1337 1339/1506/1339 1340/1507/1340
f 1338/1505/1338 1340/1507/1340 1341/1508/1341 1010/1158/1010
f 1341/1508/1341 1013/1161/1013 1011/1159/1011 1010/1158/1010
f 1341/1508/1341 1340/1507/1340 1342/1509/1342 1343/1510/1343
f 1341/1508/1341 1343/1510/1343 1344/1511/1344 1013/1161/1013
f 1344/1511/1344 1016/1164/1016 1014/1162/1014 1013/1161/1013
f 1344/1511/1344 1343/1510/1343 1345/1512/1345 1346/1513/1346
f 1344/1511/1344 1346/1513/1346 1347/1514/1347 1016/1164/1016
f 1347/1514/1347 1019/1167/1019 1017/1165/1017 1016/1164/1016
f 1347/1514/1347 1346/1513/1346 1348/1515/1348 1349/1516/1349
f 1347/1514/1347 1349/1516/1349 1350/1517/1350 1019/1167/1019
f 1350/1517/1350 1022/1170/1022 1020/1168/1020 1019/1167/1019
f 1350/1517/1350 1349/1516/1349 1351/1518/1351 1352/1519/1352
f 1350/1517/1350 1352/1519/1352 1353/1520/1353 1022/1170/1022
f 1353/1520/1353 1025/1174/1025 1023/1171/1023 1022/1170/1022
f 1353/1520/1353 1352/1519/1352 1354/1521/1354 1355/1522/1355
f 1353/1520/1353 1355/1522/1355 1356/1523/1356 1025/1174/1025
f 1356/1523/1356 1028/1178/1028 1026/1176/1026 1025/1174/1025
f 1356/1523/1356 1355/1522/1355 1357/1524/1357 1358/1525/1358
f 1356/1523/1356 1358/1525/1358 1359/1526/1359 1028/1178/1028
f 1359/1527/1359 1031/1182/1031 1029/1180/1029 1028/1179/1028
f 1359/1526/1359 1358/1525/1358 1360/1528/1360 1361/1530/1361
f 1359/1527/1359 1361/1529/1361 1362/1531/1362 1031/1182/1031
f 1362/1531/1362 1034/1185/1034 1032/1183/1032 1031/1182/1031
f 1362/1531/1362 1361/1529/1361 1363/1532/1363 1364/1534/1364
f 1362/1531/1362 1364/1534/1364 1365/1535/1365 1034/1185/1034
f 1365/1535/1365 1037/1188/1037 1035/1186/1035 1034/1185/1034
f 1365/1535/1365 1364/1534/1364 1051/1202/1051 1049/1200/1049
f 1365/1535/1365 1049/1200/1049 1047/1198/1047 1037/1188/1037
f 1364/1534/1364 1363/1532/1363 1053/1204/1053 1051/1202/1051
f 1363/1533/1363 1361/1530/1361 1360/1528/1360 1366/1536/1366
f 1363/1533/1363 1366/1536/1366 1055/1208/1055 1053/1205/1053
f 1366/1536/1366 1360/1528/1360 1367/1537/1367 1368/1538/1368
f 1366/1536/1366 1368/1538/1368 1057/1210/1057 1055/1208/1055
f 1368/1538/1368 1367/1537/1367 1369/1539/1369 1370/1540/1370
f 1368/1538/1368 1370/1540/1370 1059/1212/1059 1057/1210/1057
f 1370/1540/1370 1369/1539/1369 1371/1541/1371 1372/1542/1372
f 1370/1540/1370 1372/1542/1372 1061/1214/1061 1059/1212/1059
f 1372/1542/1372 1371/1541/1371 1373/1543/1373 1374/1544/1374
f 1372/1542/1372 1374/1544/1374 1063/1216/1063 1061/1214/1061
f 1374/1544/1374 1373/1543/1373 1375/1545/1375 1376/1546/1376
f 1374/1544/1374 1376/1546/1376 1065/1218/1065 1063/1216/1063
f 1376/1546/1376 1375/1545/1375 1377/1547/1377 1378/1548/1378
f 1376/1546/1376 1378/1548/1378 1067/1220/1067 1065/1218/1065
f 1378/1548/1378 1377/1547/1377 1379/1549/1379 1380/1550/1380
f 1378/1548/1378 1380/1550/1380 1069/1222/1069 1067/1220/1067
f 1380/1550/1380 1379/1549/1379 1381/1551/1381 1382/1552/1382
f 1380/1550/1380 1382/1552/1382 1071/1224/1071 1069/1222/1069
f 1382/1552/1382 1381/1551/1381 1383/1553/1383 1384/1554/1384
f 1382/1552/1382 1384/1554/1384 1073/1226/1073 1071/1224/1071
f 1384/1554/1384 1383/1553/1383 1385/1555/1385 1386/1556/1386
f 1384/1554/1384 1386/1556/1386 1075/1228/1075 1073/1226/1073
f 1386/1556/1386 1385/1555/1385 1387/1557/1387 1388/1558/1388
f 1386/1556/1386 1388/1558/1388 1077/1230/1077 1075/1228/1075
f 1388/1558/1388 1387/1557/1387 1389/1559/1389 1390/1560/1390
f 1388/1558/1388 1390/1560/1390 1079/1232/1079 1077/1230/1077
f 1390/1560/1390 1389/1559/1389 1391/1561/1391 1392/1562/1392
f 1390/1560/1390 1392/1562/1392 1081/1234/1081 1079/1232/1079
f 1392/1562/1392 1391/1561/1391 1393/1563/1393 1394/1564/1394
f 1392/1562/1392 1394/1564/1394 1083/1236/1083 1081/1234/1081
f 1394/1564/1394 1393/1563/1393 1395/1565/1395 1396/1566/1396
f 1394/1564/1394 1396/1566/1396 1085/1238/1085 1083/1236/1083
f 1396/1566/1396 1395/1565/1395 1397/1567/1397 1398/1568/1398
f 1396/1566/1396 1398/1568/1398 1087/1240/1087 1085/1238/1085
f 1398/1568/1398 1397/1567/1397 1399/1569/1399 1400/1570/1400
f 1398/1568/1398 1400/1570/1400 1089/1242/1089 1087/1240/1087
f 1400/1570/1400 1399/1569/1399 1401/1571/1401 1402/1572/1402
f 1400/1570/1400 1402/1572/1402 1091/1244/1091 1089/1242/1089
f 1402/1572/1402 1401/1571/1401 1403/1573/1403 1404/1574/1404
f 1402/1572/1402 1404/1574/1404 1093/1246/1093 1091/1244/1091
f 1404/1574/1404 1403/1573/1403 1405/1576/1405 1406/1577/1406
f 1404/1574/1404 1406/1577/1406 1095/1248/1095 1093/1246/1093
f 1406/1578/1406 1405/1575/1405 1407/1579/1407 1408/1580/1408
f 1406/1578/1406 1408/1580/1408 1097/1252/1097 1095/1249/1095
f 1408/1580/1408 1407/1579/1407 1409/1581/1409 1410/1582/1410
f 1408/1580/1408 1410/1582/1410 1099/1254/1099 1097/1252/1097
f 1410/1582/1410 1409/1581/1409 1411/1583/1411 1412/1584/1412
f 1410/1582/1410 1412/1584/1412 1101/1256/1101 1099/1254/1099
f 1412/1584/1412 1411/1583/1411 1413/1585/1413 1414/1586/1414
f 1412/1584/1412 1414/1586/1414 1103/1258/1103 1101/1256/1101
f 1414/1586/1414 1413/1585/1413 1415/1587/1415 1416/1588/1416
f 1414/1586/1414 1416/1588/1416 1105/1260/1105 1103/1258/1103
f 1416/1588/1416 1415/1587/1415 1417/1589/1417 1418/1590/1418
f 1416/1588/1416 1418/1590/1418 1107/1262/1107 1105/1260/1105
f 1418/1590/1418 1417/1589/1417 1419/1591/1419 1420/1592/1420
f 1418/1590/1418 1420/1592/1420 1109/1264/1109 1107/1262/1107
f 1420/1592/1420 1419/1591/1419 1421/1593/1421 1422/1594/1422
f 1420/1592/1420 1422/1594/1422 1111/1266/1111 1109/1264/1109
f 1422/1594/1422 1421/1593/1421 1423/1595/1423 1424/1596/1424
f 1422/1594/1422 1424/1596/1424 1113/1268/1113 1111/1266/1111
f 1424/1596/1424 1423/1595/1423 1425/1597/1425 1426/1598/1426
f 1424/1596/1424 1426/1598/1426 1115/1270/1115 1113/1268/1113
f 1426/1598/1426 1425/1597/1425 1427/1599/1427 1428/1600/1428
f 1426/1598/1426 1428/1600/1428 1117/1272/1117 1115/1270/1115
f 1428/1600/1428 1427/1599/1427 1429/1601/1429 1430/1602/1430
f 1428/1600/1428 1430/1602/1430 1119/1274/1119 1117/1272/1117
f 1430/1602/1430 1429/1601/1429 1431/1603/1431 1432/1604/1432
f 1430/1602/1430 1432/1604/1432 1121/1276/1121 1119/1274/1119
f 1432/1604/1432 1431/1603/1431 1433/1605/1433 1434/1606/1434
f 1432/1604/1432 1434/1606/1434 1123/1278/1123 1121/1276/1121
f 1434/1606/1434 1433/1605/1433 1435/1607/1435 1436/1608/1436
f 1434/1606/1434 1436/1608/1436 1125/1280/1125 1123/1278/1123
f 1436/1608/1436 1435/1607/1435 1437/1609/1437 1438/1610/1438
f 1436/1608/1436 1438/1610/1438 1127/1282/1127 1125/1280/1125
f 1438/1610/1438 1437/1609/1437 1439/1611/1439 1440/1612/1440
f 1438/1610/1438 1440/1612/1440 1129/1284/1129 1127/1282/1127
f 1440/1612/1440 1439/1611/1439 1441/1613/1441 1442/1614/1442
f 1440/1612/1440 1442/1614/1442 1131/1286/1131 1129/1284/1129
f 1442/1614/1442 1441/1613/1441 1443/1615/1443 1444/1616/1444
f 1442/1614/1442 1444/1616/1444 1133/1288/1133 1131/1286/1131
f 1444/1616/1444 1443/1615/1443 1445/1617/1445 1446/1618/1446
f 1444/1616/1444 1446/1618/1446 1135/1290/1135 1133/1288/1133
f 1446/1618/1446 1445/1617/1445 1447/1619/1447 1140/1296/1140
f 1446/1618/1446 1140/1296/1140 1137/1292/1137 1135/1290/1135
f 1447/1619/1447 1445/1617/1445 1448/1620/1448 1449/1621/1449
f 1447/1619/1447 1449/1621/1449 1450/1622/1450 1451/1624/1451
f 1447/1619/1447 1451/1624/1451 1141/1297/1141 1140/1296/1140
f 1451/1625/1451 1450/1623/1450 1452/1626/1452 1453/1627/1453
f 1451/1625/1451 1453/1627/1453 1142/1299/1142 1141/1298/1141
f 1453/1627/1453 1452/1626/1452 1454/1628/1454 1455/1629/1455
f 1453/1627/1453 1455/1629/1455 1144/1301/1144 1142/1299/1142
f 1455/1629/1455 1454/1628/1454 1456/1630/1456 1457/1631/1457
f 1455/1629/1455 1457/1631/1457 1146/1303/1146 1144/1301/1144
f 1457/1631/1457 1456/1630/1456 1458/1632/1458 1459/1633/1459
f 1457/1631/1457 1459/1633/1459 1148/1305/1148 1146/1303/1146
f 1459/1633/1459 1458/1632/1458 1460/1634/1460 1461/1635/1461
f 1459/1633/1459 1461/1635/1461 1150/1307/1150 1148/1305/1148
f 1461/1635/1461 1460/1634/1460 1462/1636/1462 1463/1637/1463
f 1461/1635/1461 1463/1637/1463 1152/1309/1152 1150/1307/1150
f 1463/1637/1463 1462/1636/1462 1464/1638/1464 1465/1639/1465
f 1463/1637/1463 1465/1639/1465 1154/1311/1154 1152/1309/1152
f 1465/1639/1465 1464/1638/1464 1466/1640/1466 1467/1641/1467
f 1465/1639/1465 1467/1641/1467 1468/1642/1468 1154/1311/1154
f 1468/1642/1468 1467/1641/1467 1469/1643/1469 1470/1644/1470
f 1468/1642/1468 1470/1644/1470 1471/1645/1471 1157/1314/1157
f 1468/1642/1468 1157/1314/1157 1155/1312/1155 1154/1311/1154
f 1471/1645/1471 1470/1644/1470 1472/1646/1472 1473/1647/1473
f 1471/1645/1471 1473/1647/1473 1474/1648/1474 1160/1317/1160
f 1471/1645/1471 1160/1317/1160 1158/1315/1158 1157/1314/1157
f 1474/1648/1474 1473/1647/1473 1475/1649/1475 1476/1650/1476
f 1474/1648/1474 1476/1650/1476 1166/1323/1166 1164/1321/1164
f 1474/1648/1474 1164/1321/1164 1161/1318/1161 1160/1317/1160
f 1476/1650/1476 1475/1649/1475 1477/1651/1477 1478/1652/1478
f 1476/1650/1476 1478/1652/1478 1168/1325/1168 1166/1323/1166
f 1478/1652/1478 1477/1651/1477 1479/1653/1479 1480/1654/1480
f 1478/1652/1478 1480/1654/1480 1170/1327/1170 1168/1325/1168
f 1480/1654/1480 1479/1653/1479 1481/1655/1481 1482/1656/1482
f 1480/1654/1480 1482/1656/1482 1172/1329/1172 1170/1327/1170
f 1482/1656/1482 1481/1655/1481 1483/1657/1483 1484/1658/1484
f 1482/1656/1482 1484/1658/1484 1174/1331/1174 1172/1329/1172
f 1484/1658/1484 1483/1657/1483 1485/1659/1485 1486/1660/1486
f 1484/1658/1484 1486/1660/1486 1176/1333/1176 1174/1331/1174
f 1486/1660/1486 1485/1659/1485 1487/1661/1487 1488/1662/1488
f 1486/1660/1486 1488/1662/1488 1178/1335/1178 1176/1333/1176
f 1488/1662/1488 1487/1661/1487 1489/1663/1489 1490/1664/1490
f 1488/1662/1488 1490/1664/1490 1180/1337/1180 1178/1335/1178
f 1490/1664/1490 1489/1663/1489 1491/1665/1491 1492/1666/1492
f 1490/1664/1490 1492/1666/1492 1182/1339/1182 1180/1337/1180
f 1492/1666/1492 1491/1665/1491 1493/1667/1493 1187/1345/1187
f 1492/1666/1492 1187/1345/1187 1184/1341/1184 1182/1339/1182
f 1493/1667/1493 1491/1665/1491 1494/1668/1494 1495/1669/1495
f 1493/1667/1493 1495/1669/1495 1496/1670/1496 1190/1349/1190
f 1493/1667/1493 1190/1349/1190 1188/1347/1188 1187/1345/1187
f 1496/1670/1496 1495/1669/1495 1497/1672/1497 1498/1674/1498
f 1496/1671/1496 1498/1673/1498 1499/1675/1499 1193/1353/1193
f 1496/1671/1496 1193/1353/1193 1191/1351/1191 1190/1350/1190
f 1499/1675/1499 1498/1673/1498 1500/1677/1500 1501/1678/1501
f 1499/1675/1499 1501/1678/1501 1502/1679/1502 1196/1356/1196
f 1499/1675/1499 1196/1356/1196 1194/1354/1194 1193/1353/1193
f 1502/1679/1502 1501/1678/1501 1503/1680/1503 1504/1681/1504
f 1502/1679/1502 1504/1681/1504 1505/1682/1505 1199/1359/1199
f 1502/1679/1502 1199/1359/1199 1197/1357/1197 1196/1356/1196
f 1505/1682/1505 1504/1681/1504 1506/1683/1506 1507/1684/1507
f 1505/1682/1505 1507/1684/1507 1508/1685/1508 1202/1362/1202
f 1505/1682/1505 1202/1362/1202 1200/1360/1200 1199/1359/1199
f 1508/1685/1508 1507/1684/1507 1509/1686/1509 1510/1687/1510
f 1508/1685/1508 1510/1687/1510 1511/1688/1511 1205/1365/1205
f 1508/1685/1508 1205/1365/1205 1203/1363/1203 1202/1362/1202
f 1511/1688/1511 1510/1687/1510 1512/1689/1512 1513/1690/1513
f 1511/1688/1511 1513/1690/1513 1514/1691/1514 1208/1368/1208
f 1511/1688/1511 1208/1368/1208 1206/1366/1206 1205/1365/1205
f 1514/1691/1514 1513/1690/1513 1515/1692/1515 1516/1693/1516
f 1514/1691/1514 1516/1693/1516 1517/1694/1517 1211/1371/1211
f 1514/1691/1514 1211/1371/1211 1209/1369/1209 1208/1368/1208
f 1517/1694/1517 1516/1693/1516 1518/1695/1518 1519/1696/1519
f 1517/1694/1517 1519/1696/1519 1520/1697/1520 1214/1374/1214
f 1517/1694/1517 1214/1374/1214 1212/1372/1212 1211/1371/1211
f 1520/1697/1520 1519/1696/1519 1521/1698/1521 1522/1699/1522
f 1520/1697/1520 1522/1699/1522 1523/1700/1523 1217/1377/1217
f 1520/1697/1520 1217/1377/1217 1215/1375/1215 1214/1374/1214
f 1523/1700/1523 1522/1699/1522 1524/1701/1524 1525/1702/1525
f 1523/1700/1523 1525/1702/1525 1526/1703/1526 1220/1380/1220
f 1523/1700/1523 1220/1380/1220 1218/1378/1218 1217/1377/1217
f 1526/1703/1526 1525/1702/1525 1527/1704/1527 1528/1705/1528
f 1526/1703/1526 1528/1705/1528 1529/1706/1529 1223/1383/1223
f 1526/1703/1526 1223/1383/1223 1221/1381/1221 1220/1380/1220
f 1529/1706/1529 1528/1705/1528 1530/1707/1530 1531/1708/1531
f 1529/1706/1529 1531/1708/1531 1228/1388/1228 1226/1386/1226
f 1529/1706/1529 1226/1386/1226 1224/1384/1224 1223/1383/1223
f 1531/1708/1531 1530/1707/1530 1532/1709/1532 1533/1710/1533
f 1531/1708/1531 1533/1710/1533 1230/1390/1230 1228/1388/1228
f 1533/1710/1533 1532/1709/1532 1534/1711/1534 1535/1712/1535
f 1533/1710/1533 1535/1712/1535 1232/1392/1232 1230/1390/1230
f 1535/1712/1535 1534/1711/1534 1536/1713/1536 1537/1714/1537
f 1535/1712/1535 1537/1714/1537 1538/1715/1538 1232/1392/1232
f 1538/1715/1538 1537/1714/1537 1539/1716/1539 1540/1717/1540
f 1538/1715/1538 1540/1717/1540 1541/1718/1541 1235/1395/1235
f 1538/1715/1538 1235/1395/1235 1233/1393/1233 1232/1392/1232
f 1541/1718/1541 1540/1717/1540 1542/1719/1542 1543/1720/1543
f 1541/1718/1541 1543/1720/1543 1544/1721/1544 1238/1398/1238
f 1541/1718/1541 1238/1398/1238 1236/1396/1236 1235/1395/1235
f 1544/1721/1544 1543/1720/1543 1545/1722/1545 1546/1723/1546
f 1544/1721/1544 1546/1723/1546 1547/1724/1547 1241/1401/1241
f 1544/1721/1544 1241/1401/1241 1239/1399/1239 1238/1398/1238
f 1547/1724/1547 1546/1723/1546 1548/1725/1548 1549/1726/1549
f 1547/1724/1547 1549/1726/1549 1550/1727/1550 1244/1404/1244
f 1547/1724/1547 1244/1404/1244 1242/1402/1242 1241/1401/1241
f 1550/1727/1550 1549/1726/1549 1551/1728/1551 1552/1729/1552
f 1550/1727/1550 1552/1729/1552 1553/1730/1553 1554/1731/1554
f 1550/1727/1550 1554/1731/1554 1245/1405/1245 1244/1404/1244
f 1554/1731/1554 1553/1730/1553 1555/1732/1555 1556/1733/1556
f 1554/1731/1554 1556/1733/1556 1246/1406/1246 1245/1405/1245
f 1556/1733/1556 1555/1732/1555 1557/1734/1557 1558/1735/1558
f 1556/1733/1556 1558/1735/1558 1248/1408/1248 1246/1406/1246
f 1558/1735/1558 1557/1734/1557 1559/1736/1559 1560/1737/1560
f 1558/1735/1558 1560/1737/1560 1250/1410/1250 1248/1408/1248
f 1560/1737/1560 1559/1736/1559 1561/1738/1561 1562/1739/1562
f 1560/1737/1560 1562/1739/1562 1252/1412/1252 1250/1410/1250
f 1562/1739/1562 1561/1738/1561 1563/1740/1563 1564/1741/1564
f 1562/1739/1562 1564/1741/1564 1254/1414/1254 1252/1412/1252
f 1564/1741/1564 1563/1740/1563 1565/1742/1565 1566/1743/1566
f 1564/1741/1564 1566/1743/1566 1256/1416/1256 1254/1414/1254
f 1566/1743/1566 1565/1742/1565 1567/1744/1567 1568/1746/1568
f 1566/1743/1566 1568/1746/1568 1258/1418/1258 1256/1416/1256
f 1568/1747/1568 1567/1745/1567 1569/1748/1569 1570/1749/1570
f 1568/1747/1568 1570/1749/1570 1571/1750/1571 1258/1419/1258
f 1571/1750/1571 1570/1749/1570 1572/1751/1572 1573/1752/1573
f 1571/1750/1571 1573/1752/1573 1574/1753/1574 1261/1424/1261
f 1571/1750/1571 1261/1424/1261 1259/1421/1259 1258/1419/1258
f 1574/1753/1574 1573/1752/1573 1575/1754/1575 1576/1755/1576
f 1574/1753/1574 1576/1755/1576 1577/1756/1577 1264/1427/1264
f 1574/1753/1574 1264/1427/1264 1262/1425/1262 1261/1424/1261
f 1577/1756/1577 1576/1755/1576 1578/1757/1578 1579/1758/1579
f 1577/1756/1577 1579/1758/1579 1580/1759/1580 1267/1430/1267
f 1577/1756/1577 1267/1430/1267 1265/1428/1265 1264/1427/1264
f 1580/1759/1580 1579/1758/1579 1581/1760/1581 1582/1761/1582
f 1580/1759/1580 1582/1761/1582 1583/1762/1583 1270/1433/1270
f 1580/1759/1580 1270/1433/1270 1268/1431/1268 1267/1430/1267
f 1583/1762/1583 1582/1761/1582 1584/1763/1584 1585/1764/1585
f 1583/1762/1583 1585/1764/1585 51/56/49 50/55/48
f 1583/1762/1583 50/55/48 1271/1434/1271 1270/1433/1270
f 1585/1764/1585 1584/1763/1584 1586/1765/1586 1587/1766/1587
f 1585/1764/1585 1587/1766/1587 56/61/54 51/56/49
f 1587/1766/1587 1586/1765/1586 1588/1767/1588 1589/1768/1589
f 1587/1766/1587 1589/1768/1589 1590/1769/1590 56/61/54
f 1590/1769/1590 1589/1768/1589 1591/1770/1591 1592/1771/1592
f 1590/1769/1590 1592/1771/1592 1593/1772/1593 1594/1773/1594
f 1590/1769/1590 1594/1773/1594 57/62/55 56/61/54
f 1594/1773/1594 1593/1772/1593 1595/1774/1595 1596/1775/1596
f 1594/1773/1594 1596/1775/1596 58/63/56 57/62/55
f 1596/1775/1596 1595/1774/1595 1597/1776/1597 1598/1777/1598
f 1596/1775/1596 1598/1777/1598 1599/1778/1599 58/63/56
f 1599/1778/1599 1600/1779/1600 54/59/52 58/63/56
f 1599/1778/1599 1598/1777/1598 1601/1780/1601 1602/1781/1602
f 1599/1778/1599 1602/1781/1602 1603/1782/1603 1600/1779/1600
f 1603/1782/1603 1604/1783/1604 1605/1784/1605 1600/1779/1600
f 1603/1782/1603 1602/1781/1602 1606/1785/1606 1607/1786/1607
f 1603/1782/1603 1607/1786/1607 1608/1787/1608 1604/1783/1604
f 1608/1787/1608 1609/1788/1609 1610/1789/1610 1604/1783/1604
f 1608/1787/1608 1607/1786/1607 1611/1790/1611 1612/1791/1612
f 1608/1787/1608 1612/1791/1612 1613/1792/1613 1609/1788/1609
f 1613/1792/1613 1614/1793/1614 1615/1794/1615 1609/1788/1609
f 1613/1792/1613 1612/1791/1612 1616/1795/1616 1617/1796/1617
f 1613/1792/1613 1617/1796/1617 1618/1797/1618 1614/1793/1614
f 1618/1797/1618 1619/1798/1619 1620/1801/1620 1614/1793/1614
f 1618/1797/1618 1617/1796/1617 1621/1802/1621 1622/1803/1622
f 1618/1797/1618 1622/1803/1622 1623/1804/1623 1619/1798/1619
f 1623/1805/1623 1624/1806/1624 1625/1807/1625 1619/1799/1619
f 1623/1804/1623 1622/1803/1622 1626/1808/1626 1627/1810/1627
f 1623/1805/1623 1627/1809/1627 1628/1811/1628 1624/1806/1624
f 1628/1811/1628 1629/1812/1629 1630/1813/1630 1624/1806/1624
f 1628/1811/1628 1627/1809/1627 1631/1814/1631 1632/1816/1632
f 1628/1811/1628 1632/1816/1632 1633/1817/1633 1629/1812/1629
f 1633/1817/1633 1634/1818/1634 25/27/19 1629/1812/1629
f 1633/1817/1633 1632/1816/1632 1449/1621/1449 1448/1620/1448
f 1633/1817/1633 1448/1620/1448 1635/1819/1635 1634/1818/1634
f 1635/1819/1635 46/51/43 45/50/42 1634/1818/1634
f 1635/1819/1635 1448/1620/1448 1445/1617/1445 1443/1615/1443
f 1635/1819/1635 1443/1615/1443 1441/1613/1441 46/51/43
f 1634/1818/1634 45/50/42 19/21/13 25/27/19
f 1632/1816/1632 1631/1814/1631 1450/1622/1450 1449/1621/1449
f 1631/1815/1631 1627/1810/1627 1626/1808/1626 1636/1820/1636
f 1631/1815/1631 1636/1820/1636 1452/1626/1452 1450/1623/1450
f 1636/1820/1636 1626/1808/1626 1637/1821/1637 1638/1822/1638
f 1636/1820/1636 1638/1822/1638 1454/1628/1454 1452/1626/1452
f 1638/1822/1638 1637/1821/1637 1639/1823/1639 1640/1824/1640
f 1638/1822/1638 1640/1824/1640 1456/1630/1456 1454/1628/1454
f 1640/1824/1640 1639/1823/1639 1641/1825/1641 1642/1826/1642
f 1640/1824/1640 1642/1826/1642 1458/1632/1458 1456/1630/1456
f 1642/1826/1642 1641/1825/1641 1643/1827/1643 1644/1828/1644
f 1642/1826/1642 1644/1828/1644 1460/1634/1460 1458/1632/1458
f 1644/1828/1644 1643/1827/1643 1645/1829/1645 1646/1830/1646
f 1644/1828/1644 1646/1830/1646 1462/1636/1462 1460/1634/1460
f 1646/1830/1646 1645/1829/1645 1647/1831/1647 1648/1832/1648
f 1646/1830/1646 1648/1832/1648 1464/1638/1464 1462/1636/1462
f 1648/1832/1648 1647/1831/1647 1649/1833/1649 1650/1834/1650
f 1648/1832/1648 1650/1834/1650 1466/1640/1466 1464/1638/1464
f 1650/1834/1650 1649/1833/1649 1651/1835/1651 1652/1836/1652
f 1650/1834/1650 1652/1836/1652 1653/1837/1653 1466/1640/1466
f 1653/1837/1653 1652/1836/1652 1654/1838/1654 1655/1839/1655
f 1653/1837/1653 1655/1839/1655 1656/1840/1656 1469/1643/1469
f 1653/1837/1653 1469/1643/1469 1467/1641/1467 1466/1640/1466
f 1656/1840/1656 1655/1839/1655 1657/1841/1657 1658/1842/1658
f 1656/1840/1656 1658/1842/1658 1659/1843/1659 1472/1646/1472
f 1656/1840/1656 1472/1646/1472 1470/1644/1470 1469/1643/1469
f 1659/1843/1659 1658/1842/1658 1660/1844/1660 1661/1845/1661
f 1659/1843/1659 1661/1845/1661 1477/1651/1477 1475/1649/1475
f 1659/1843/1659 1475/1649/1475 1473/1647/1473 1472/1646/1472
f 1661/1845/1661 1660/1844/1660 1662/1846/1662 1663/1847/1663
f 1661/1845/1661 1663/1847/1663 1479/1653/1479 1477/1651/1477
f 1663/1847/1663 1662/1846/1662 1664/1848/1664 1665/1849/1665
f 1663/1847/1663 1665/1849/1665 1481/1655/1481 1479/1653/1479
f 1665/1849/1665 1664/1848/1664 1666/1850/1666 1667/1851/1667
f 1665/1849/1665 1667/1851/1667 1483/1657/1483 1481/1655/1481
f 1667/1851/1667 1666/1850/1666 1668/1852/1668 1669/1853/1669
f 1667/1851/1667 1669/1853/1669 1485/1659/1485 1483/1657/1483
f 1669/1853/1669 1668/1852/1668 1670/1854/1670 1671/1855/1671
f 1669/1853/1669 1671/1855/1671 1487/1661/1487 1485/1659/1485
f 1671/1855/1671 1670/1854/1670 1672/1856/1672 1673/1857/1673
f 1671/1855/1671 1673/1857/1673 1489/1663/1489 1487/1661/1487
f 1673/1857/1673 1672/1856/1672 1674/1858/1674 1494/1668/1494
f 1673/1857/1673 1494/1668/1494 1491/1665/1491 1489/1663/1489
f 1674/1858/1674 1672/1856/1672 1675/1859/1675 1676/1860/1676
f 1674/1858/1674 1676/1860/1676 1677/1861/1677 1497/1672/1497
f 1674/1858/1674 1497/1672/1497 1495/1669/1495 1494/1668/1494
f 1677/1861/1677 1676/1860/1676 1678/1862/1678 1679/1863/1679
f 1677/1861/1677 1679/1863/1679 1680/1864/1680 1500/1676/1500
f 1677/1861/1677 1500/1676/1500 1498/1674/1498 1497/1672/1497
f 1680/1864/1680 1679/1863/1679 1681/1866/1681 1682/1868/1682
f 1680/1865/1680 1682/1867/1682 1683/1869/1683 1503/1680/1503
f 1680/1865/1680 1503/1680/1503 1501/1678/1501 1500/1677/1500
f 1683/1869/1683 1682/1867/1682 1684/1871/1684 1685/1872/1685
f 1683/1869/1683 1685/1872/1685 1686/1873/1686 1506/1683/1506
f 1683/1869/1683 1506/1683/1506 1504/1681/1504 1503/1680/1503
f 1686/1873/1686 1685/1872/1685 1687/1874/1687 1688/1875/1688
f 1686/1873/1686 1688/1875/1688 1689/1876/1689 1509/1686/1509
f 1686/1873/1686 1509/1686/1509 1507/1684/1507 1506/1683/1506
f 1689/1876/1689 1688/1875/1688 1690/1877/1690 1691/1878/1691
f 1689/1876/1689 1691/1878/1691 1692/1879/1692 1512/1689/1512
f 1689/1876/1689 1512/1689/1512 1510/1687/1510 1509/1686/1509
f 1692/1879/1692 1691/1878/1691 1693/1880/1693 1694/1881/1694
f 1692/1879/1692 1694/1881/1694 1695/1882/1695 1515/1692/1515
f 1692/1879/1692 1515/1692/1515 1513/1690/1513 1512/1689/1512
f 1695/1882/1695 1694/1881/1694 1696/1883/1696 1697/1884/1697
f 1695/1882/1695 1697/1884/1697 1698/1885/1698 1518/1695/1518
f 1695/1882/1695 1518/1695/1518 1516/1693/1516 1515/1692/1515
f 1698/1885/1698 1697/1884/1697 1699/1886/1699 1700/1887/1700
f 1698/1885/1698 1700/1887/1700 1701/1888/1701 1521/1698/1521
f 1698/1885/1698 1521/1698/1521 1519/1696/1519 1518/1695/1518
f 1701/1888/1701 1700/1887/1700 1702/1889/1702 1703/1890/1703
f 1701/1888/1701 1703/1890/1703 1704/1891/1704 1524/1701/1524
f 1701/1888/1701 1524/1701/1524 1522/1699/1522 1521/1698/1521
f 1704/1891/1704 1703/1890/1703 1705/1892/1705 1706/1893/1706
f 1704/1891/1704 1706/1893/1706 1707/1894/1707 1527/1704/1527
f 1704/1891/1704 1527/1704/1527 1525/1702/1525 1524/1701/1524
f 1707/1894/1707 1706/1893/1706 1708/1895/1708 1709/1896/1709
f 1707/1894/1707 1709/1896/1709 1532/1709/1532 1530/1707/1530
f 1707/1894/1707 1530/1707/1530 1528/1705/1528 1527/1704/1527
f 1709/1896/1709 1708/1895/1708 1710/1897/1710 1711/1898/1711
f 1709/1896/1709 1711/1898/1711 1534/1711/1534 1532/1709/1532
f 1711/1898/1711 1710/1897/1710 1712/1899/1712 1713/1900/1713
f 1711/1898/1711 1713/1900/1713 1536/1713/1536 1534/1711/1534
f 1713/1900/1713 1712/1899/1712 1714/1901/1714 1715/1902/1715
f 1713/1900/1713 1715/1902/1715 1716/1903/1716 1536/1713/1536
f 1716/1903/1716 1715/1902/1715 1717/1904/1717 1718/1905/1718
f 1716/1903/1716 1718/1905/1718 1719/1906/1719 1539/1716/1539
f 1716/1903/1716 1539/1716/1539 1537/1714/1537 1536/1713/1536
f 1719/1906/1719 1718/1905/1718 1720/1907/1720 1721/1908/1721
f 1719/1906/1719 1721/1908/1721 1722/1909/1722 1542/1719/1542
f 1719/1906/1719 1542/1719/1542 1540/1717/1540 1539/1716/1539
f 1722/1909/1722 1721/1908/1721 1723/1910/1723 1724/1911/1724
f 1722/1909/1722 1724/1911/1724 1725/1912/1725 1545/1722/1545
f 1722/1909/1722 1545/1722/1545 1543/1720/1543 1542/1719/1542
f 1725/1912/1725 1724/1911/1724 1726/1913/1726 1727/1914/1727
f 1725/1912/1725 1727/1914/1727 1728/1915/1728 1548/1725/1548
f 1725/1912/1725 1548/1725/1548 1546/1723/1546 1545/1722/1545
f 1728/1915/1728 1727/1914/1727 1729/1916/1729 1730/1917/1730
f 1728/1915/1728 1730/1917/1730 1731/1918/1731 1551/1728/1551
f 1728/1915/1728 1551/1728/1551 1549/1726/1549 1548/1725/1548
f 1731/1918/1731 1730/1917/1730 1732/1919/1732 1733/1920/1733
f 1731/1918/1731 1733/1920/1733 1734/1921/1734 1735/1922/1735
f 1731/1918/1731 1735/1922/1735 1552/1729/1552 1551/1728/1551
f 1735/1922/1735 1734/1921/1734 1736/1923/1736 1737/1924/1737
f 1735/1922/1735 1737/1924/1737 1553/1730/1553 1552/1729/1552
f 1737/1924/1737 1736/1923/1736 1738/1925/1738 1739/1926/1739
f 1737/1924/1737 1739/1926/1739 1555/1732/1555 1553/1730/1553
f 1739/1926/1739 1738/1925/1738 1740/1927/1740 1741/1928/1741
f 1739/1926/1739 1741/1928/1741 1557/1734/1557 1555/1732/1555
f 1741/1928/1741 1740/1927/1740 1742/1929/1742 1743/1930/1743
f 1741/1928/1741 1743/1930/1743 1559/1736/1559 1557/1734/1557
f 1743/1930/1743 1742/1929/1742 1744/1931/1744 1745/1932/1745
f 1743/1930/1743 1745/1932/1745 1561/1738/1561 1559/1736/1559
f 1745/1932/1745 1744/1931/1744 1746/1933/1746 1747/1934/1747
f 1745/1932/1745 1747/1934/1747 1563/1740/1563 1561/1738/1561
f 1747/1934/1747 1746/1933/1746 1748/1935/1748 1749/1936/1749
f 1747/1934/1747 1749/1936/1749 1565/1742/1565 1563/1740/1563
f 1749/1936/1749 1748/1935/1748 1750/1937/1750 1751/1939/1751
f 1749/1936/1749 1751/1939/1751 1567/1744/1567 1565/1742/1565
f 1751/1940/1751 1750/1938/1750 1752/1941/1752 1753/1942/1753
f 1751/1940/1751 1753/1942/1753 1569/1748/1569 1567/1745/1567
f 1753/1942/1753 1752/1941/1752 1754/1943/1754 1755/1944/1755
f 1753/1942/1753 1755/1944/1755 1756/1945/1756 1569/1748/1569
f 1756/1945/1756 1755/1944/1755 1757/1946/1757 1758/1947/1758
f 1756/1945/1756 1758/1947/1758 1759/1948/1759 1572/1751/1572
f 1756/1945/1756 1572/1751/1572 1570/1749/1570 1569/1748/1569
f 1759/1948/1759 1758/1947/1758 1760/1949/1760 1761/1950/1761
f 1759/1948/1759 1761/1950/1761 1762/1951/1762 1575/1754/1575
f 1759/1948/1759 1575/1754/1575 1573/1752/1573 1572/1751/1572
f 1762/1951/1762 1761/1950/1761 1763/1952/1763 1764/1953/1764
f 1762/1951/1762 1764/1953/1764 1765/1954/1765 1578/1757/1578
f 1762/1951/1762 1578/1757/1578 1576/1755/1576 1575/1754/1575
f 1765/1954/1765 1764/1953/1764 1766/1955/1766 1767/1956/1767
f 1765/1954/1765 1767/1956/1767 1768/1957/1768 1581/1760/1581
f 1765/1954/1765 1581/1760/1581 1579/1758/1579 1578/1757/1578
f 1768/1957/1768 1767/1956/1767 1769/1958/1769 1770/1959/1770
f 1768/1957/1768 1770/1959/1770 1586/1765/1586 1584/1763/1584
f 1768/1957/1768 1584/1763/1584 1582/1761/1582 1581/1760/1581
f 1770/1959/1770 1769/1958/1769 1771/1960/1771 1772/1961/1772
f 1770/1959/1770 1772/1961/1772 1588/1767/1588 1586/1765/1586
f 1772/1961/1772 1771/1960/1771 1773/1962/1773 1774/1963/1774
f 1772/1961/1772 1774/1963/1774 1775/1964/1775 1588/1767/1588
f 1775/1964/1775 1774/1963/1774 1776/1965/1776 1777/1966/1777
f 1775/1964/1775 1777/1966/1777 1778/1967/1778 1591/1770/1591
f 1775/1964/1775 1591/1770/1591 1589/1768/1589 1588/1767/1588
f 1778/1967/1778 1777/1966/1777 1779/1968/1779 1780/1969/1780
f 1778/1967/1778 1780/1969/1780 1781/1970/1781 1782/1971/1782
f 1778/1967/1778 1782/1971/1782 1592/1771/1592 1591/1770/1591
f 1782/1971/1782 1781/1970/1781 1783/1972/1783 1784/1973/1784
f 1782/1971/1782 1784/1973/1784 1593/1772/1593 1592/1771/1592
f 1784/1973/1784 1783/1972/1783 1785/1974/1785 1786/1975/1786
f 1784/1973/1784 1786/1975/1786 1595/1774/1595 1593/1772/1593
f 1786/1975/1786 1785/1974/1785 1787/1976/1787 1788/1977/1788
f 1786/1975/1786 1788/1977/1788 1597/1776/1597 1595/1774/1595
f 1788/1977/1788 1787/1976/1787 1789/1978/1789 1790/1979/1790
f 1788/1977/1788 1790/1979/1790 1791/1980/1791 1597/1776/1597
f 1791/1980/1791 1601/1780/1601 1598/1777/1598 1597/1776/1597
f 1791/1980/1791 1790/1979/1790 1792/1981/1792 1793/1982/1793
f 1791/1980/1791 1793/1982/1793 1794/1983/1794 1601/1780/1601
f 1794/1983/1794 1606/1785/1606 1602/1781/1602 1601/1780/1601
f 1794/1983/1794 1793/1982/1793 1795/1984/1795 1796/1985/1796
f 1794/1983/1794 1796/1985/1796 1797/1986/1797 1606/1785/1606
f 1797/1986/1797 1611/1790/1611 1607/1786/1607 1606/1785/1606
f 1797/1986/1797 1796/1985/1796 1798/1987/1798 1799/1988/1799
f 1797/1986/1797 1799/1988/1799 1800/1989/1800 1611/1790/1611
f 1800/1989/1800 1616/1795/1616 1612/1791/1612 1611/1790/1611
f 1800/1989/1800 1799/1988/1799 1801/1990/1801 1802/1991/1802
f 1800/1989/1800 1802/1991/1802 1803/1992/1803 1616/1795/1616
f 1803/1992/1803 1621/1802/1621 1617/1796/1617 1616/1795/1616
f 1803/1992/1803 1802/1991/1802 1641/1825/1641 1639/1823/1639
f 1803/1992/1803 1639/1823/1639 1637/1821/1637 1621/1802/1621
f 1802/1991/1802 1801/1990/1801 1643/1827/1643 1641/1825/1641
f 1801/1990/1801 1799/1988/1799 1798/1987/1798 1804/1993/1804
f 1801/1990/1801 1804/1993/1804 1645/1829/1645 1643/1827/1643
f 1804/1993/1804 1798/1987/1798 1805/1994/1805 1806/1995/1806
f 1804/1993/1804 1806/1995/1806 1647/1831/1647 1645/1829/1645
f 1806/1995/1806 1805/1994/1805 1807/1996/1807 1808/1997/1808
f 1806/1995/1806 1808/1997/1808 1649/1833/1649 1647/1831/1647
f 1808/1997/1808 1807/1996/1807 1809/1998/1809 1810/1999/1810
f 1808/1997/1808 1810/1999/1810 1651/1835/1651 1649/1833/1649
f 1810/1999/1810 1809/1998/1809 1811/2000/1811 1812/2001/1812
f 1810/1999/1810 1812/2001/1812 1813/2002/1813 1651/1835/1651
f 1813/2002/1813 1812/2001/1812 1814/2003/1814 1815/2004/1815
f 1813/2002/1813 1815/2004/1815 1816/2005/1816 1654/1838/1654
f 1813/2002/1813 1654/1838/1654 1652/1836/1652 1651/1835/1651
f 1816/2005/1816 1815/2004/1815 1817/2006/1817 1818/2007/1818
f 1816/2005/1816 1818/2007/1818 1819/2008/1819 1657/1841/1657
f 1816/2005/1816 1657/1841/1657 1655/1839/1655 1654/1838/1654
f 1819/2008/1819 1818/2007/1818 1820/2009/1820 1821/2010/1821
f 1819/2008/1819 1821/2010/1821 1662/1846/1662 1660/1844/1660
f 1819/2008/1819 1660/1844/1660 1658/1842/1658 1657/1841/1657
f 1821/2010/1821 1820/2009/1820 1822/2011/1822 1823/2012/1823
f 1821/2010/1821 1823/2012/1823 1664/1848/1664 1662/1846/1662
f 1823/2012/1823 1822/2011/1822 1824/2013/1824 1825/2014/1825
f 1823/2012/1823 1825/2014/1825 1666/1850/1666 1664/1848/1664
f 1825/2014/1825 1824/2013/1824 1826/2015/1826 1827/2016/1827
f 1825/2014/1825 1827/2016/1827 1668/1852/1668 1666/1850/1666
f 1827/2016/1827 1826/2015/1826 1828/2017/1828 1829/2018/1829
f 1827/2016/1827 1829/2018/1829 1670/1854/1670 1668/1852/1668
f 1829/2018/1829 1828/2017/1828 1830/2019/1830 1675/1859/1675
f 1829/2018/1829 1675/1859/1675 1672/1856/1672 1670/1854/1670
f 1830/2019/1830 1828/2017/1828 1831/2020/1831 1832/2021/1832
f 1830/2019/1830 1832/2021/1832 1833/2022/1833 1678/1862/1678
f 1830/2019/1830 1678/1862/1678 1676/1860/1676 1675/1859/1675
f 1833/2022/1833 1832/2021/1832 1834/2023/1834 1835/2024/1835
f 1833/2022/1833 1835/2024/1835 1836/2025/1836 1681/1866/1681
f 1833/2022/1833 1681/1866/1681 1679/1863/1679 1678/1862/1678
f 1836/2025/1836 1835/2024/1835 1837/2026/1837 1838/2027/1838
f 1836/2025/1836 1838/2027/1838 1839/2028/1839 1684/1870/1684
f 1836/2025/1836 1684/1870/1684 1682/1868/1682 1681/1866/1681
f 1839/2028/1839 1838/2027/1838 1840/2030/1840 1841/2032/1841
f 1839/2029/1839 1841/2031/1841 1842/2033/1842 1687/1874/1687
f 1839/2029/1839 1687/1874/1687 1685/1872/1685 1684/1871/1684
f 1842/2033/1842 1841/2031/1841 1843/2035/1843 1844/2036/1844
f 1842/2033/1842 1844/2036/1844 1845/2037/1845 1690/1877/1690
f 1842/2033/1842 1690/1877/1690 1688/1875/1688 1687/1874/1687
f 1845/2037/1845 1844/2036/1844 1846/2038/1846 1847/2039/1847
f 1845/2037/1845 1847/2039/1847 1848/2040/1848 1693/1880/1693
f 1845/2037/1845 1693/1880/1693 1691/1878/1691 1690/1877/1690
f 1848/2040/1848 1847/2039/1847 1849/2041/1849 1850/2042/1850
f 1848/2040/1848 1850/2042/1850 1851/2043/1851 1696/1883/1696
f 1848/2040/1848 1696/1883/1696 1694/1881/1694 1693/1880/1693
f 1851/2043/1851 1850/2042/1850 1852/2044/1852 1853/2045/1853
f 1851/2043/1851 1853/2045/1853 1854/2046/1854 1699/1886/1699
f 1851/2043/1851 1699/1886/1699 1697/1884/1697 1696/1883/1696
f 1854/2046/1854 1853/2045/1853 1855/2047/1855 1856/2048/1856
f 1854/2046/1854 1856/2048/1856 1857/2049/1857 1702/1889/1702
f 1854/2046/1854 1702/1889/1702 1700/1887/1700 1699/1886/1699
f 1857/2049/1857 1856/2048/1856 1858/2050/1858 1859/2051/1859
f 1857/2049/1857 1859/2051/1859 1860/2052/1860 1705/1892/1705
f 1857/2049/1857 1705/1892/1705 1703/1890/1703 1702/1889/1702
f 1860/2052/1860 1859/2051/1859 1861/2053/1861 1862/2054/1862
f 1860/2052/1860 1862/2054/1862 1710/1897/1710 1708/1895/1708
f 1860/2052/1860 1708/1895/1708 1706/1893/1706 1705/1892/1705
f 1862/2054/1862 1861/2053/1861 1863/2055/1863 1864/2056/1864
f 1862/2054/1862 1864/2056/1864 1712/1899/1712 1710/1897/1710
f 1864/2056/1864 1863/2055/1863 1865/2057/1865 1866/2058/1866
f 1864/2056/1864 1866/2058/1866 1714/1901/1714 1712/1899/1712
f 1866/2058/1866 1865/2057/1865 1867/2059/1867 1868/2060/1868
f 1866/2058/1866 1868/2060/1868 1869/2061/1869 1714/1901/1714
f 1869/2061/1869 1868/2060/1868 1870/2062/1870 1871/2063/1871
f 1869/2061/1869 1871/2063/1871 1872/2064/1872 1717/1904/1717
f 1869/2061/1869 1717/1904/1717 1715/1902/1715 1714/1901/1714
f 1872/2064/1872 1871/2063/1871 1873/2065/1873 1874/2066/1874
f 1872/2064/1872 1874/2066/1874 1875/2067/1875 1720/1907/1720
f 1872/2064/1872 1720/1907/1720 1718/1905/1718 1717/1904/1717
f 1875/2067/1875 1874/2066/1874 1876/2068/1876 1877/2069/1877
f 1875/2067/1875 1877/2069/1877 1878/2070/1878 1723/1910/1723
f 1875/2067/1875 1723/1910/1723 1721/1908/1721 1720/1907/1720
f 1878/2070/1878 1877/2069/1877 1879/2071/1879 1880/2072/1880
f 1878/2070/1878 1880/2072/1880 1881/2073/1881 1726/1913/1726
f 1878/2070/1878 1726/1913/1726 1724/1911/1724 1723/1910/1723
f 1881/2073/1881 1880/2072/1880 1882/2074/1882 1883/2075/1883
f 1881/2073/1881 1883/2075/1883 1884/2076/1884 1729/1916/1729
f 1881/2073/1881 1729/1916/1729 1727/1914/1727 1726/1913/1726
f 1884/2076/1884 1883/2075/1883 1885/2077/1885 1886/2078/1886
f 1884/2076/1884 1886/2078/1886 1887/2079/1887 1732/1919/1732
f 1884/2076/1884 1732/1919/1732 1730/1917/1730 1729/1916/1729
f 1887/2079/1887 1886/2078/1886 1888/2080/1888 1889/2081/1889
f 1887/2079/1887 1889/2081/1889 1890/2082/1890 1891/2083/1891
f 1887/2079/1887 1891/2083/1891 1733/1920/1733 1732/1919/1732
f 1891/2083/1891 1890/2082/1890 1892/2084/1892 1893/2085/1893
f 1891/2083/1891 1893/2085/1893 1734/1921/1734 1733/1920/1733
f 1893/2085/1893 1892/2084/1892 1894/2086/1894 1895/2087/1895
f 1893/2085/1893 1895/2087/1895 1736/1923/1736 1734/1921/1734
f 1895/2087/1895 1894/2086/1894 1896/2088/1896 1897/2089/1897
f 1895/2087/1895 1897/2089/1897 1738/1925/1738 1736/1923/1736
f 1897/2089/1897 1896/2088/1896 1898/2090/1898 1899/2091/1899
f 1897/2089/1897 1899/2091/1899 1740/1927/1740 1738/1925/1738
f 1899/2091/1899 1898/2090/1898 1900/2092/1900 1901/2093/1901
f 1899/2091/1899 1901/2093/1901 1742/1929/1742 1740/1927/1740
f 1901/2093/1901 1900/2092/1900 1902/2094/1902 1903/2095/1903
f 1901/2093/1901 1903/2095/1903 1744/1931/1744 1742/1929/1742
f 1903/2095/1903 1902/2094/1902 1904/2096/1904 1905/2097/1905
f 1903/2095/1903 1905/2097/1905 1746/1933/1746 1744/1931/1744
f 1905/2097/1905 1904/2096/1904 1906/2098/1906 1907/2099/1907
f 1905/2097/1905 1907/2099/1907 1748/1935/1748 1746/1933/1746
f 1907/2099/1907 1906/2098/1906 1908/2100/1908 1909/2102/1909
f 1907/2099/1907 1909/2102/1909 1750/1937/1750 1748/1935/1748
f 1909/2103/1909 1908/2101/1908 1910/2104/1910 1911/2105/1911
f 1909/2103/1909 1911/2105/1911 1752/1941/1752 1750/1938/1750
f 1911/2105/1911 1910/2104/1910 1912/2106/1912 1913/2107/1913
f 1911/2105/1911 1913/2107/1913 1754/1943/1754 1752/1941/1752
f 1913/2107/1913 1912/2106/1912 1914/2108/1914 1915/2109/1915
f 1913/2107/1913 1915/2109/1915 1916/2110/1916 1754/1943/1754
f 1916/2110/1916 1915/2109/1915 1917/2111/1917 1918/2112/1918
f 1916/2110/1916 1918/2112/1918 1919/2113/1919 1757/1946/1757
f 1916/2110/1916 1757/1946/1757 1755/1944/1755 1754/1943/1754
f 1919/2113/1919 1918/2112/1918 1920/2114/1920 1921/2115/1921
f 1919/2113/1919 1921/2115/1921 1922/2116/1922 1760/1949/1760
f 1919/2113/1919 1760/1949/1760 1758/1947/1758 1757/1946/1757
f 1922/2116/1922 1921/2115/1921 1923/2117/1923 1924/2118/1924
f 1922/2116/1922 1924/2118/1924 1925/2119/1925 1763/1952/1763
f 1922/2116/1922 1763/1952/1763 1761/1950/1761 1760/1949/1760
f 1925/2119/1925 1924/2118/1924 1926/2120/1926 1927/2121/1927
f 1925/2119/1925 1927/2121/1927 1928/2122/1928 1766/1955/1766
f 1925/2119/1925 1766/1955/1766 1764/1953/1764 1763/1952/1763
f 1928/2122/1928 1927/2121/1927 1929/2123/1929 1930/2124/1930
f 1928/2122/1928 1930/2124/1930 1771/1960/1771 1769/1958/1769
f 1928/2122/1928 1769/1958/1769 1767/1956/1767 1766/1955/1766
f 1930/2124/1930 1929/2123/1929 1931/2125/1931 1932/2126/1932
f 1930/2124/1930 1932/2126/1932 1773/1962/1773 1771/1960/1771
f 1932/2126/1932 1931/2125/1931 1933/2127/1933 1934/2128/1934
f 1932/2126/1932 1934/2128/1934 1935/2129/1935 1773/1962/1773
f 1935/2129/1935 1934/2128/1934 1936/2130/1936 1937/2131/1937
f 1935/2129/1935 1937/2131/1937 1938/2132/1938 1776/1965/1776
f 1935/2129/1935 1776/1965/1776 1774/1963/1774 1773/1962/1773
f 1938/2132/1938 1937/2131/1937 1939/2133/1939 1940/2134/1940
f 1938/2132/1938 1940/2134/1940 1941/2135/1941 1779/1968/1779
f 1938/2132/1938 1779/1968/1779 1777/1966/1777 1776/1965/1776
f 1941/2135/1941 1940/2134/1940 1942/2136/1942 1943/2137/1943
f 1941/2135/1941 1943/2137/1943 1944/2138/1944 1945/2139/1945
f 1941/2135/1941 1945/2139/1945 1780/1969/1780 1779/1968/1779
f 1945/2139/1945 1944/2138/1944 1946/2140/1946 1947/2141/1947
f 1945/2139/1945 1947/2141/1947 1781/1970/1781 1780/1969/1780
f 1947/2141/1947 1946/2140/1946 1948/2142/1948 1949/2143/1949
f 1947/2141/1947 1949/2143/1949 1783/1972/1783 1781/1970/1781
f 1949/2143/1949 1948/2142/1948 1950/2144/1950 1951/2145/1951
f 1949/2143/1949 1951/2145/1951 1785/1974/1785 1783/1972/1783
f 1951/2145/1951 1950/2144/1950 1952/2146/1952 1953/2147/1953
f 1951/2145/1951 1953/2147/1953 1787/1976/1787 1785/1974/1785
f 1953/2147/1953 1952/2146/1952 1954/2148/1954 1955/2149/1955
f 1953/2147/1953 1955/2149/1955 1789/1978/1789 1787/1976/1787
f 1955/2149/1955 1954/2148/1954 1956/2150/1956 1957/2151/1957
f 1955/2149/1955 1957/2151/1957 1958/2152/1958 1789/1978/1789
f 1958/2152/1958 1792/1981/1792 1790/1979/1790 1789/1978/1789
f 1958/2152/1958 1957/2151/1957 1959/2153/1959 1960/2154/1960
f 1958/2152/1958 1960/2154/1960 1961/2155/1961 1792/1981/1792
f 1961/2155/1961 1795/1984/1795 1793/1982/1793 1792/1981/1792
f 1961/2155/1961 1960/2154/1960 1809/1998/1809 1807/1996/1807
f 1961/2155/1961 1807/1996/1807 1805/1994/1805 1795/1984/1795
f 1960/2154/1960 1959/2153/1959 1811/2000/1811 1809/1998/1809
f 1959/2153/1959 1957/2151/1957 1956/2150/1956 1962/2156/1962
f 1959/2153/1959 1962/2156/1962 1963/2157/1963 1811/2000/1811
f 1963/2157/1963 1962/2156/1962 1964/2158/1964 1965/2159/1965
f 1963/2157/1963 1965/2159/1965 1966/2160/1966 1814/2003/1814
f 1963/2157/1963 1814/2003/1814 1812/2001/1812 1811/2000/1811
f 1966/2160/1966 1965/2159/1965 1967/2161/1967 1968/2162/1968
f 1966/2160/1966 1968/2162/1968 1969/2163/1969 1817/2006/1817
f 1966/2160/1966 1817/2006/1817 1815/2004/1815 1814/2003/1814
f 1969/2163/1969 1968/2162/1968 1970/2164/1970 1971/2165/1971
f 1969/2163/1969 1971/2165/1971 1822/2011/1822 1820/2009/1820
f 1969/2163/1969 1820/2009/1820 1818/2007/1818 1817/2006/1817
f 1971/2165/1971 1970/2164/1970 1972/2166/1972 1973/2167/1973
f 1971/2165/1971 1973/2167/1973 1824/2013/1824 1822/2011/1822
f 1973/2167/1973 1972/2166/1972 1974/2168/1974 1975/2169/1975
f 1973/2167/1973 1975/2169/1975 1826/2015/1826 1824/2013/1824
f 1975/2169/1975 1974/2168/1974 1976/2170/1976 1831/2020/1831
f 1975/2169/1975 1831/2020/1831 1828/2017/1828 1826/2015/1826
f 1976/2170/1976 1974/2168/1974 1977/2171/1977 1978/2172/1978
f 1976/2170/1976 1978/2172/1978 1979/2173/1979 1834/2023/1834
f 1976/2170/1976 1834/2023/1834 1832/2021/1832 1831/2020/1831
f 1979/2173/1979 1978/2172/1978 1980/2174/1980 1981/2175/1981
f 1979/2173/1979 1981/2175/1981 1982/2176/1982 1837/2026/1837
f 1979/2173/1979 1837/2026/1837 1835/2024/1835 1834/2023/1834
f 1982/2176/1982 1981/2175/1981 1983/2177/1983 1984/2178/1984
f 1982/2176/1982 1984/2178/1984 1985/2179/1985 1840/2030/1840
f 1982/2176/1982 1840/2030/1840 1838/2027/1838 1837/2026/1837
f 1985/2179/1985 1984/2178/1984 1986/2180/1986 1987/2181/1987
f 1985/2179/1985 1987/2181/1987 1988/2182/1988 1843/2034/1843
f 1985/2179/1985 1843/2034/1843 1841/2032/1841 1840/2030/1840
f 1988/2182/1988 1987/2181/1987 1989/2184/1989 1990/2186/1990
f 1988/2183/1988 1990/2185/1990 1991/2187/1991 1846/2038/1846
f 1988/2183/1988 1846/2038/1846 1844/2036/1844 1843/2035/1843
f 1991/2187/1991 1990/2185/1990 1992/2189/1992 1993/2190/1993
f 1991/2187/1991 1993/2190/1993 1994/2191/1994 1849/2041/1849
f 1991/2187/1991 1849/2041/1849 1847/2039/1847 1846/2038/1846
f 1994/2191/1994 1993/2190/1993 1995/2192/1995 1996/2193/1996
f 1994/2191/1994 1996/2193/1996 1997/2194/1997 1852/2044/1852
f 1994/2191/1994 1852/2044/1852 1850/2042/1850 1849/2041/1849
f 1997/2194/1997 1996/2193/1996 1998/2195/1998 1999/2196/1999
f 1997/2194/1997 1999/2196/1999 2000/2197/2000 1855/2047/1855
f 1997/2194/1997 1855/2047/1855 1853/2045/1853 1852/2044/1852
f 2000/2197/2000 1999/2196/1999 2001/2198/2001 2002/2199/2002
f 2000/2197/2000 2002/2199/2002 2003/2200/2003 1858/2050/1858
f 2000/2197/2000 1858/2050/1858 1856/2048/1856 1855/2047/1855
f 2003/2200/2003 2002/2199/2002 2004/2201/2004 2005/2202/2005
f 2003/2200/2003 2005/2202/2005 1863/2055/1863 1861/2053/1861
f 2003/2200/2003 1861/2053/1861 1859/2051/1859 1858/2050/1858
f 2005/2202/2005 2004/2201/2004 2006/2203/2006 2007/2204/2007
f 2005/2202/2005 2007/2204/2007 1865/2057/1865 1863/2055/1863
f 2007/2204/2007 2006/2203/2006 2008/2205/2008 2009/2206/2009
f 2007/2204/2007 2009/2206/2009 1867/2059/1867 1865/2057/1865
f 2009/2206/2009 2008/2205/2008 2010/2207/2010 2011/2208/2011
f 2009/2206/2009 2011/2208/2011 2012/2209/2012 1867/2059/1867
f 2012/2209/2012 2011/2208/2011 2013/2210/2013 2014/2211/2014
f 2012/2209/2012 2014/2211/2014 2015/2212/2015 1870/2062/1870
f 2012/2209/2012 1870/2062/1870 1868/2060/1868 1867/2059/1867
f 2015/2212/2015 2014/2211/2014 2016/2213/2016 2017/2214/2017
f 2015/2212/2015 2017/2214/2017 2018/2215/2018 1873/2065/1873
f 2015/2212/2015 1873/2065/1873 1871/2063/1871 1870/2062/1870
f 2018/2215/2018 2017/2214/2017 2019/2216/2019 2020/2217/2020
f 2018/2215/2018 2020/2217/2020 2021/2218/2021 1876/2068/1876
f 2018/2215/2018 1876/2068/1876 1874/2066/1874 1873/2065/1873
f 2021/2218/2021 2020/2217/2020 2022/2219/2022 2023/2220/2023
f 2021/2218/2021 2023/2220/2023 2024/2221/2024 1879/2071/1879
f 2021/2218/2021 1879/2071/1879 1877/2069/1877 1876/2068/1876
f 2024/2221/2024 2023/2220/2023 2025/2222/2025 2026/2223/2026
f 2024/2221/2024 2026/2223/2026 2027/2224/2027 1882/2074/1882
f 2024/2221/2024 1882/2074/1882 1880/2072/1880 1879/2071/1879
f 2027/2224/2027 2026/2223/2026 2028/2225/2028 2029/2226/2029
f 2027/2224/2027 2029/2226/2029 2030/2227/2030 1885/2077/1885
f 2027/2224/2027 1885/2077/1885 1883/2075/1883 1882/2074/1882
f 2030/2227/2030 2029/2226/2029 2031/2228/2031 2032/2229/2032
f 2030/2227/2030 2032/2229/2032 2033/2230/2033 1888/2080/1888
f 2030/2227/2030 1888/2080/1888 1886/2078/1886 1885/2077/1885
f 2033/2230/2033 2032/2229/2032 2034/2231/2034 2035/2233/2035
f 2033/2230/2033 2035/2233/2035 2036/2235/2036 2037/2237/2037
f 2033/2230/2033 2037/2237/2037 1889/2081/1889 1888/2080/1888
f 2037/2237/2037 2036/2235/2036 2038/2238/2038 2039/2240/2039
f 2037/2237/2037 2039/2240/2039 1890/2082/1890 1889/2081/1889
f 2039/2240/2039 2038/2238/2038 2040/2241/2040 2041/2243/2041
f 2039/2240/2039 2041/2243/2041 1892/2084/1892 1890/2082/1890
f 2041/2243/2041 2040/2241/2040 2042/2244/2042 2043/2246/2043
f 2041/2243/2041 2043/2246/2043 1894/2086/1894 1892/2084/1892
f 2043/2246/2043 2042/2244/2042 2044/2247/2044 2045/2249/2045
f 2043/2246/2043 2045/2249/2045 1896/2088/1896 1894/2086/1894
f 2045/2249/2045 2044/2247/2044 2046/2250/2046 2047/2252/2047
f 2045/2249/2045 2047/2252/2047 1898/2090/1898 1896/2088/1896
f 2047/2252/2047 2046/2250/2046 2048/2253/2048 2049/2255/2049
f 2047/2252/2047 2049/2255/2049 1900/2092/1900 1898/2090/1898
f 2049/2255/2049 2048/2253/2048 2050/2256/2050 2051/2258/2051
f 2049/2255/2049 2051/2258/2051 1902/2094/1902 1900/2092/1900
f 2051/2258/2051 2050/2256/2050 2052/2259/2052 2053/2261/2053
f 2051/2258/2051 2053/2261/2053 1904/2096/1904 1902/2094/1902
f 2053/2261/2053 2052/2259/2052 2054/2262/2054 2055/2264/2055
f 2053/2261/2053 2055/2264/2055 1906/2098/1906 1904/2096/1904
f 2055/2264/2055 2054/2262/2054 2056/2265/2056 2057/2269/2057
f 2055/2264/2055 2057/2269/2057 1908/2100/1908 1906/2098/1906
f 2057/2270/2057 2056/2266/2056 2058/2271/2058 2059/2273/2059
f 2057/2270/2057 2059/2273/2059 1910/2104/1910 1908/2101/1908
f 2059/2273/2059 2058/2271/2058 2060/2274/2060 2061/2276/2061
f 2059/2273/2059 2061/2276/2061 1912/2106/1912 1910/2104/1910
f 2061/2276/2061 2060/2274/2060 2062/2277/2062 2063/2279/2063
f 2061/2276/2061 2063/2279/2063 1914/2108/1914 1912/2106/1912
f 2063/2279/2063 2062/2277/2062 2064/2281/2064 2065/2282/2065
f 2063/2279/2063 2065/2282/2065 2066/2283/2066 1914/2108/1914
f 2066/2283/2066 2065/2282/2065 2067/2284/2067 2068/2285/2068
f 2066/2283/2066 2068/2285/2068 2069/2286/2069 1917/2111/1917
f 2066/2283/2066 1917/2111/1917 1915/2109/1915 1914/2108/1914
f 2069/2286/2069 2068/2285/2068 2070/2287/2070 2071/2288/2071
f 2069/2286/2069 2071/2288/2071 2072/2289/2072 1920/2114/1920
f 2069/2286/2069 1920/2114/1920 1918/2112/1918 1917/2111/1917
f 2072/2289/2072 2071/2288/2071 2073/2290/2073 2074/2291/2074
f 2072/2289/2072 2074/2291/2074 2075/2292/2075 1923/2117/1923
f 2072/2289/2072 1923/2117/1923 1921/2115/1921 1920/2114/1920
f 2075/2292/2075 2074/2291/2074 2076/2293/2076 2077/2294/2077
f 2075/2292/2075 2077/2294/2077 2078/2295/2078 1926/2120/1926
f 2075/2292/2075 1926/2120/1926 1924/2118/1924 1923/2117/1923
f 2078/2295/2078 2077/2294/2077 2079/2296/2079 2080/2297/2080
f 2078/2295/2078 2080/2297/2080 1931/2125/1931 1929/2123/1929
f 2078/2295/2078 1929/2123/1929 1927/2121/1927 1926/2120/1926
f 2080/2297/2080 2079/2296/2079 2081/2298/2081 2082/2299/2082
f 2080/2297/2080 2082/2299/2082 1933/2127/1933 1931/2125/1931
f 2082/2299/2082 2081/2298/2081 2083/2300/2083 2084/2301/2084
f 2082/2299/2082 2084/2301/2084 2085/2302/2085 1933/2127/1933
f 2085/2302/2085 2084/2301/2084 2086/2303/2086 2087/2304/2087
f 2085/2302/2085 2087/2304/2087 2088/2305/2088 1936/2130/1936
f 2085/2302/2085 1936/2130/1936 1934/2128/1934 1933/2127/1933
f 2088/2305/2088 2087/2304/2087 2089/2306/2089 2090/2307/2090
f 2088/2305/2088 2090/2307/2090 2091/2308/2091 1939/2133/1939
f 2088/2305/2088 1939/2133/1939 1937/2131/1937 1936/2130/1936
f 2091/2308/2091 2090/2307/2090 2092/2309/2092 2093/2310/2093
f 2091/2308/2091 2093/2310/2093 2094/2311/2094 1942/2136/1942
f 2091/2308/2091 1942/2136/1942 1940/2134/1940 1939/2133/1939
f 2094/2311/2094 2093/2310/2093 2095/2312/2095 2096/2313/2096
f 2094/2311/2094 2096/2313/2096 2097/2314/2097 2098/2315/2098
f 2094/2311/2094 2098/2315/2098 1943/2137/1943 1942/2136/1942
f 2098/2315/2098 2097/2314/2097 2099/2316/2099 2100/2317/2100
f 2098/2315/2098 2100/2317/2100 1944/2138/1944 1943/2137/1943
f 2100/2317/2100 2099/2316/2099 2101/2318/2101 2102/2319/2102
f 2100/2317/2100 2102/2319/2102 1946/2140/1946 1944/2138/1944
f 2102/2319/2102 2101/2318/2101 2103/2320/2103 2104/2321/2104
f 2102/2319/2102 2104/2321/2104 1948/2142/1948 1946/2140/1946
f 2104/2321/2104 2103/2320/2103 2105/2322/2105 2106/2323/2106
f 2104/2321/2104 2106/2323/2106 1950/2144/1950 1948/2142/1948
f 2106/2323/2106 2105/2322/2105 2107/2324/2107 2108/2325/2108
f 2106/2323/2106 2108/2325/2108 1952/2146/1952 1950/2144/1950
f 2108/2325/2108 2107/2324/2107 2109/2326/2109 2110/2327/2110
f 2108/2325/2108 2110/2327/2110 1954/2148/1954 1952/2146/1952
f 2110/2327/2110 2109/2326/2109 2111/2328/2111 2112/2329/2112
f 2110/2327/2110 2112/2329/2112 1956/2150/1956 1954/2148/1954
f 2112/2329/2112 2111/2328/2111 2113/2330/2113 1964/2158/1964
f 2112/2329/2112 1964/2158/1964 1962/2156/1962 1956/2150/1956
f 2113/2330/2113 2111/2328/2111 2114/2331/2114 2115/2332/2115
f 2113/2330/2113 2115/2332/2115 2116/2333/2116 1967/2161/1967
f 2113/2330/2113 1967/2161/1967 1965/2159/1965 1964/2158/1964
f 2116/2333/2116 2115/2332/2115 2117/2334/2117 2118/2335/2118
f 2116/2333/2116 2118/2335/2118 1972/2166/1972 1970/2164/1970
f 2116/2333/2116 1970/2164/1970 1968/2162/1968 1967/2161/1967
f 2118/2335/2118 2117/2334/2117 2119/2336/2119 1977/2171/1977
f 2118/2335/2118 1977/2171/1977 1974/2168/1974 1972/2166/1972
f 2119/2336/2119 2117/2334/2117 2120/2337/2120 2121/2338/2121
f 2119/2336/2119 2121/2338/2121 2122/2339/2122 1980/2174/1980
f 2119/2336/2119 1980/2174/1980 1978/2172/1978 1977/2171/1977
f 2122/2339/2122 2121/2338/2121 2123/2340/2123 2124/2341/2124
f 2122/2339/2122 2124/2341/2124 2125/2342/2125 1983/2177/1983
f 2122/2339/2122 1983/2177/1983 1981/2175/1981 1980/2174/1980
f 2125/2342/2125 2124/2341/2124 2126/2343/2126 2127/2344/2127
f 2125/2342/2125 2127/2344/2127 2128/2345/2128 1986/2180/1986
f 2125/2342/2125 1986/2180/1986 1984/2178/1984 1983/2177/1983
f 2128/2345/2128 2127/2344/2127 2129/2346/2129 2130/2347/2130
f 2128/2345/2128 2130/2347/2130 2131/2348/2131 1989/2184/1989
f 2128/2345/2128 1989/2184/1989 1987/2181/1987 1986/2180/1986
f 2131/2348/2131 2130/2347/2130 2132/2349/2132 2133/2350/2133
f 2131/2348/2131 2133/2350/2133 2134/2351/2134 1992/2188/1992
f 2131/2348/2131 1992/2188/1992 1990/2186/1990 1989/2184/1989
f 2134/2351/2134 2133/2350/2133 2135/2353/2135 2136/2355/2136
f 2134/2352/2134 2136/2354/2136 2137/2356/2137 1995/2192/1995
f 2134/2352/2134 1995/2192/1995 1993/2190/1993 1992/2189/1992
f 2137/2356/2137 2136/2354/2136 2138/2358/2138 2139/2359/2139
f 2137/2356/2137 2139/2359/2139 2140/2360/2140 1998/2195/1998
f 2137/2356/2137 1998/2195/1998 1996/2193/1996 1995/2192/1995
f 2140/2360/2140 2139/2359/2139 2141/2361/2141 2142/2362/2142
f 2140/2360/2140 2142/2362/2142 2143/2363/2143 2001/2198/2001
f 2140/2360/2140 2001/2198/2001 1999/2196/1999 1998/2195/1998
f 2143/2363/2143 2142/2362/2142 2144/2364/2144 2145/2365/2145
f 2143/2363/2143 2145/2365/2145 2006/2203/2006 2004/2201/2004
f 2143/2363/2143 2004/2201/2004 2002/2199/2002 2001/2198/2001
f 2145/2365/2145 2144/2364/2144 2146/2366/2146 2147/2367/2147
f 2145/2365/2145 2147/2367/2147 2008/2205/2008 2006/2203/2006
f 2147/2367/2147 2146/2366/2146 2148/2368/2148 2149/2369/2149
f 2147/2367/2147 2149/2369/2149 2010/2207/2010 2008/2205/2008
f 2149/2369/2149 2148/2368/2148 2150/2370/2150 2151/2371/2151
f 2149/2369/2149 2151/2371/2151 2152/2372/2152 2010/2207/2010
f 2152/2372/2152 2151/2371/2151 2153/2373/2153 2154/2374/2154
f 2152/2372/2152 2154/2374/2154 2155/2375/2155 2013/2210/2013
f 2152/2372/2152 2013/2210/2013 2011/2208/2011 2010/2207/2010
f 2155/2375/2155 2154/2374/2154 2156/2376/2156 2157/2377/2157
f 2155/2375/2155 2157/2377/2157 2158/2378/2158 2016/2213/2016
f 2155/2375/2155 2016/2213/2016 2014/2211/2014 2013/2210/2013
f 2158/2378/2158 2157/2377/2157 2159/2379/2159 2160/2380/2160
f 2158/2378/2158 2160/2380/2160 2161/2381/2161 2019/2216/2019
f 2158/2378/2158 2019/2216/2019 2017/2214/2017 2016/2213/2016
f 2161/2381/2161 2160/2380/2160 2162/2382/2162 2163/2383/2163
f 2161/2381/2161 2163/2383/2163 2164/2384/2164 2022/2219/2022
f 2161/2381/2161 2022/2219/2022 2020/2217/2020 2019/2216/2019
f 2164/2384/2164 2163/2383/2163 2165/2385/2165 2166/2386/2166
f 2164/2384/2164 2166/2386/2166 2167/2387/2167 2025/2222/2025
f 2164/2384/2164 2025/2222/2025 2023/2220/2023 2022/2219/2022
f 2167/2387/2167 2166/2386/2166 2168/2388/2168 2169/2389/2169
f 2167/2387/2167 2169/2389/2169 2170/2390/2170 2028/2225/2028
f 2167/2387/2167 2028/2225/2028 2026/2223/2026 2025/2222/2025
f 2170/2390/2170 2169/2389/2169 2171/2391/2171 2172/2393/2172
f 2170/2390/2170 2172/2393/2172 2173/2396/2173 2031/2228/2031
f 2170/2390/2170 2031/2228/2031 2029/2226/2029 2028/2225/2028
f 2173/2395/2173 2172/2394/2172 2174/2397/2174 2175/2398/2175
f 2173/2395/2173 2175/2398/2175 2176/2399/2176 2034/2232/2034
f 2173/2396/2173 2034/2231/2034 2032/2229/2032 2031/2228/2031
f 2176/2399/2176 2175/2398/2175 2177/2400/2177 2178/2401/2178
f 2176/2399/2176 2178/2401/2178 2179/2402/2179 2180/2403/2180
f 2176/2399/2176 2180/2403/2180 2035/2234/2035 2034/2232/2034
f 2180/2403/2180 2179/2402/2179 2181/2404/2181 2182/2405/2182
f 2180/2403/2180 2182/2405/2182 2036/2236/2036 2035/2234/2035
f 2182/2405/2182 2181/2404/2181 2183/2406/2183 2184/2407/2184
f 2182/2405/2182 2184/2407/2184 2038/2239/2038 2036/2236/2036
f 2184/2407/2184 2183/2406/2183 2185/2408/2185 2186/2409/2186
f 2184/2407/2184 2186/2409/2186 2040/2242/2040 2038/2239/2038
f 2186/2409/2186 2185/2408/2185 2187/2410/2187 2188/2411/2188
f 2186/2409/2186 2188/2411/2188 2042/2245/2042 2040/2242/2040
f 2188/2411/2188 2187/2410/2187 2189/2412/2189 2190/2413/2190
f 2188/2411/2188 2190/2413/2190 2044/2248/2044 2042/2245/2042
f 2190/2413/2190 2189/2412/2189 2191/2414/2191 2192/2415/2192
f 2190/2413/2190 2192/2415/2192 2046/2251/2046 2044/2248/2044
f 2192/2415/2192 2191/2414/2191 2193/2416/2193 2194/2417/2194
f 2192/2415/2192 2194/2417/2194 2048/2254/2048 2046/2251/2046
f 2194/2417/2194 2193/2416/2193 2195/2418/2195 2196/2419/2196
f 2194/2417/2194 2196/2419/2196 2050/2257/2050 2048/2254/2048
f 2196/2419/2196 2195/2418/2195 2197/2420/2197 2198/2421/2198
f 2196/2419/2196 2198/2421/2198 2052/2260/2052 2050/2257/2050
f 2198/2421/2198 2197/2420/2197 2199/2422/2199 2200/2423/2200
f 2198/2421/2198 2200/2423/2200 2054/2263/2054 2052/2260/2052
f 2200/2423/2200 2199/2422/2199 2201/2425/2201 2202/2426/2202
f 2200/2423/2200 2202/2426/2202 2056/2267/2056 2054/2263/2054
f 2202/2427/2202 2201/2424/2201 2203/2428/2203 2204/2429/2204
f 2202/2427/2202 2204/2429/2204 2058/2272/2058 2056/2268/2056
f 2204/2429/2204 2203/2428/2203 2205/2430/2205 2206/2431/2206
f 2204/2429/2204 2206/2431/2206 2060/2275/2060 2058/2272/2058
f 2206/2431/2206 2205/2430/2205 2207/2432/2207 2208/2433/2208
f 2206/2431/2206 2208/2433/2208 2062/2278/2062 2060/2275/2060
f 2208/2433/2208 2207/2432/2207 2209/2434/2209 2210/2435/2210
f 2208/2433/2208 2210/2435/2210 2064/2280/2064 2062/2278/2062
f 2210/2435/2210 2209/2434/2209 2211/2436/2211 2212/2437/2212
f 2210/2435/2210 2212/2437/2212 2213/2438/2213 2064/2280/2064
f 2213/2438/2213 2212/2437/2212 2214/2440/2214 2215/2442/2215
f 2213/2439/2213 2215/2441/2215 2216/2443/2216 2067/2284/2067
f 2213/2439/2213 2067/2284/2067 2065/2282/2065 2064/2281/2064
f 2216/2443/2216 2215/2441/2215 2217/2445/2217 2218/2446/2218
f 2216/2443/2216 2218/2446/2218 2219/2447/2219 2070/2287/2070
f 2216/2443/2216 2070/2287/2070 2068/2285/2068 2067/2284/2067
f 2219/2447/2219 2218/2446/2218 2220/2448/2220 2221/2449/2221
f 2219/2447/2219 2221/2449/2221 2222/2450/2222 2073/2290/2073
f 2219/2447/2219 2073/2290/2073 2071/2288/2071 2070/2287/2070
f 2222/2450/2222 2221/2449/2221 2223/2451/2223 2224/2452/2224
f 2222/2450/2222 2224/2452/2224 2225/2453/2225 2076/2293/2076
f 2222/2450/2222 2076/2293/2076 2074/2291/2074 2073/2290/2073
f 2225/2453/2225 2224/2452/2224 2226/2454/2226 2227/2455/2227
f 2225/2453/2225 2227/2455/2227 2081/2298/2081 2079/2296/2079
f 2225/2453/2225 2079/2296/2079 2077/2294/2077 2076/2293/2076
f 2227/2455/2227 2226/2454/2226 2228/2456/2228 2229/2457/2229
f 2227/2455/2227 2229/2457/2229 2083/2300/2083 2081/2298/2081
f 2229/2457/2229 2228/2456/2228 2230/2458/2230 2231/2459/2231
f 2229/2457/2229 2231/2459/2231 2232/2460/2232 2083/2300/2083
f 2232/2460/2232 2231/2459/2231 2233/2461/2233 2234/2462/2234
f 2232/2460/2232 2234/2462/2234 2235/2463/2235 2086/2303/2086
f 2232/2460/2232 2086/2303/2086 2084/2301/2084 2083/2300/2083
f 2235/2463/2235 2234/2462/2234 2236/2464/2236 2237/2465/2237
f 2235/2463/2235 2237/2465/2237 2238/2466/2238 2089/2306/2089
f 2235/2463/2235 2089/2306/2089 2087/2304/2087 2086/2303/2086
f 2238/2466/2238 2237/2465/2237 2239/2467/2239 2240/2468/2240
f 2238/2466/2238 2240/2468/2240 2241/2469/2241 2092/2309/2092
f 2238/2466/2238 2092/2309/2092 2090/2307/2090 2089/2306/2089
f 2241/2469/2241 2240/2468/2240 2242/2470/2242 2243/2471/2243
f 2241/2469/2241 2243/2471/2243 2244/2472/2244 2095/2312/2095
f 2241/2469/2241 2095/2312/2095 2093/2310/2093 2092/2309/2092
f 2244/2472/2244 2243/2471/2243 2245/2473/2245 2246/2474/2246
f 2244/2472/2244 2246/2474/2246 2247/2475/2247 2248/2476/2248
f 2244/2472/2244 2248/2476/2248 2096/2313/2096 2095/2312/2095
f 2248/2476/2248 2247/2475/2247 2249/2477/2249 2250/2478/2250
f 2248/2476/2248 2250/2478/2250 2097/2314/2097 2096/2313/2096
f 2250/2478/2250 2249/2477/2249 2251/2479/2251 2252/2480/2252
f 2250/2478/2250 2252/2480/2252 2099/2316/2099 2097/2314/2097
f 2252/2480/2252 2251/2479/2251 2253/2481/2253 2254/2482/2254
f 2252/2480/2252 2254/2482/2254 2101/2318/2101 2099/2316/2099
f 2254/2482/2254 2253/2481/2253 2255/2483/2255 2256/2484/2256
f 2254/2482/2254 2256/2484/2256 2103/2320/2103 2101/2318/2101
f 2256/2484/2256 2255/2483/2255 2257/2485/2257 2258/2486/2258
f 2256/2484/2256 2258/2486/2258 2105/2322/2105 2103/2320/2103
f 2258/2486/2258 2257/2485/2257 2259/2487/2259 2260/2488/2260
f 2258/2486/2258 2260/2488/2260 2107/2324/2107 2105/2322/2105
f 2260/2488/2260 2259/2487/2259 2261/2489/2261 2262/2490/2262
f 2260/2488/2260 2262/2490/2262 2109/2326/2109 2107/2324/2107
f 2262/2490/2262 2261/2489/2261 2120/2337/2120 2114/2331/2114
f 2262/2490/2262 2114/2331/2114 2111/2328/2111 2109/2326/2109
f 2261/2489/2261 2259/2487/2259 2263/2491/2263 2123/2340/2123
f 2261/2489/2261 2123/2340/2123 2121/2338/2121 2120/2337/2120
f 2263/2491/2263 2259/2487/2259 2257/2485/2257 2264/2492/2264
f 2263/2491/2263 2264/2492/2264 2265/2493/2265 2126/2343/2126
f 2263/2491/2263 2126/2343/2126 2124/2341/2124 2123/2340/2123
f 2265/2493/2265 2264/2492/2264 2266/2494/2266 2267/2495/2267
f 2265/2493/2265 2267/2495/2267 2268/2496/2268 2129/2346/2129
f 2265/2493/2265 2129/2346/2129 2127/2344/2127 2126/2343/2126
f 2268/2496/2268 2267/2495/2267 2269/2497/2269 2270/2498/2270
f 2268/2496/2268 2270/2498/2270 2271/2499/2271 2132/2349/2132
f 2268/2496/2268 2132/2349/2132 2130/2347/2130 2129/2346/2129
f 2271/2499/2271 2270/2498/2270 2272/2500/2272 2273/2501/2273
f 2271/2499/2271 2273/2501/2273 2274/2502/2274 2135/2353/2135
f 2271/2499/2271 2135/2353/2135 2133/2350/2133 2132/2349/2132
f 2274/2502/2274 2273/2501/2273 2275/2503/2275 2276/2504/2276
f 2274/2502/2274 2276/2504/2276 2277/2505/2277 2138/2357/2138
f 2274/2502/2274 2138/2357/2138 2136/2355/2136 2135/2353/2135
f 2277/2505/2277 2276/2504/2276 2278/2507/2278 2279/2509/2279
f 2277/2506/2277 2279/2508/2279 2280/2510/2280 2141/2361/2141
f 2277/2506/2277 2141/2361/2141 2139/2359/2139 2138/2358/2138
f 2280/2510/2280 2279/2508/2279 2281/2511/2281 2282/2513/2282
f 2280/2510/2280 2282/2513/2282 2146/2366/2146 2144/2364/2144
f 2280/2510/2280 2144/2364/2144 2142/2362/2142 2141/2361/2141
f 2282/2513/2282 2281/2511/2281 2283/2514/2283 2284/2516/2284
f 2282/2513/2282 2284/2516/2284 2148/2368/2148 2146/2366/2146
f 2284/2516/2284 2283/2514/2283 2285/2517/2285 2286/2519/2286
f 2284/2516/2284 2286/2519/2286 2150/2370/2150 2148/2368/2148
f 2286/2519/2286 2285/2517/2285 2287/2521/2287 2288/2522/2288
f 2286/2519/2286 2288/2522/2288 2289/2523/2289 2150/2370/2150
f 2289/2523/2289 2288/2522/2288 2290/2524/2290 2291/2525/2291
f 2289/2523/2289 2291/2525/2291 2292/2526/2292 2153/2373/2153
f 2289/2523/2289 2153/2373/2153 2151/2371/2151 2150/2370/2150
f 2292/2526/2292 2291/2525/2291 2293/2527/2293 2294/2528/2294
f 2292/2526/2292 2294/2528/2294 2295/2529/2295 2156/2376/2156
f 2292/2526/2292 2156/2376/2156 2154/2374/2154 2153/2373/2153
f 2295/2529/2295 2294/2528/2294 2296/2530/2296 2297/2531/2297
f 2295/2529/2295 2297/2531/2297 2298/2532/2298 2159/2379/2159
f 2295/2529/2295 2159/2379/2159 2157/2377/2157 2156/2376/2156
f 2298/2532/2298 2297/2531/2297 2299/2533/2299 2300/2534/2300
f 2298/2532/2298 2300/2534/2300 2301/2535/2301 2162/2382/2162
f 2298/2532/2298 2162/2382/2162 2160/2380/2160 2159/2379/2159
f 2301/2535/2301 2300/2534/2300 2302/2536/2302 2303/2537/2303
f 2301/2535/2301 2303/2537/2303 2304/2538/2304 2165/2385/2165
f 2301/2535/2301 2165/2385/2165 2163/2383/2163 2162/2382/2162
f 2304/2538/2304 2303/2537/2303 2305/2539/2305 2306/2541/2306
f 2304/2538/2304 2306/2541/2306 2307/2544/2307 2168/2388/2168
f 2304/2538/2304 2168/2388/2168 2166/2386/2166 2165/2385/2165
f 2307/2543/2307 2306/2542/2306 2308/2545/2308 2309/2546/2309
f 2307/2543/2307 2309/2546/2309 2310/2547/2310 2171/2392/2171
f 2307/2544/2307 2171/2391/2171 2169/2389/2169 2168/2388/2168
f 2310/2547/2310 2309/2546/2309 2311/2548/2311 2312/2549/2312
f 2310/2547/2310 2312/2549/2312 2313/2550/2313 2174/2397/2174
f 2310/2547/2310 2174/2397/2174 2172/2394/2172 2171/2392/2171
f 2313/2550/2313 2177/2400/2177 2175/2398/2175 2174/2397/2174
f 2311/2548/2311 2309/2546/2309 2308/2545/2308 2314/2551/2314
f 2314/2551/2314 2308/2545/2308 2315/2552/2315 2316/2553/2316
f 2316/2553/2316 2315/2552/2315 2317/2554/2317 2318/2555/2318
f 2318/2555/2318 2317/2554/2317 2319/2556/2319 2320/2557/2320
f 2320/2557/2320 2319/2556/2319 2321/2558/2321 2322/2559/2322
f 2322/2559/2322 2321/2558/2321 2323/2560/2323 2324/2561/2324
f 2324/2561/2324 2323/2560/2323 2325/2562/2325 2326/2563/2326
f 2326/2563/2326 2325/2562/2325 2327/2565/2327 2328/2566/2328
f 2328/2567/2328 2327/2564/2327 2329/2568/2329 2330/2569/2330
f 2330/2569/2330 2329/2568/2329 2331/2570/2331 2332/2571/2332
f 2332/2571/2332 2331/2570/2331 2333/2572/2333 2334/2573/2334
f 2334/2573/2334 2333/2572/2333 2335/2574/2335 2336/2575/2336
f 2336/2575/2336 2335/2574/2335 2337/2576/2337 2338/2577/2338
f 2338/2577/2338 2337/2576/2337 2339/2578/2339 2340/2579/2340
f 2340/2579/2340 2339/2578/2339 2341/2580/2341 2342/2581/2342
f 2342/2581/2342 2341/2580/2341 2343/2582/2343 2344/2583/2344
f 2344/2583/2344 2343/2582/2343 2345/2584/2345 2346/2585/2346
f 2346/2585/2346 2345/2584/2345 2347/2586/2347 2348/2587/2348
f 2348/2587/2348 2347/2586/2347 2349/2588/2349 2350/2589/2350
f 2350/2589/2350 2349/2588/2349 2351/2590/2351 2352/2591/2352
f 2352/2591/2352 2351/2590/2351 2353/2592/2353 2354/2593/2354
f 2354/2593/2354 2353/2592/2353 2355/2594/2355 2356/2595/2356
f 2356/2595/2356 2355/2594/2355 2357/2596/2357 2358/2597/2358
f 2358/2597/2358 2357/2596/2357 2359/2598/2359 2360/2599/2360
f 2360/2599/2360 2359/2598/2359 2214/2440/2214 2361/2600/2361
f 2361/2600/2361 2214/2440/2214 2212/2437/2212 2211/2436/2211
f 2359/2598/2359 2357/2596/2357 2362/2601/2362 2217/2444/2217
f 2359/2598/2359 2217/2444/2217 2215/2442/2215 2214/2440/2214
f 2362/2601/2362 2357/2596/2357 2355/2594/2355 2363/2604/2363
f 2362/2602/2362 2363/2603/2363 2364/2605/2364 2220/2448/2220
f 2362/2602/2362 2220/2448/2220 2218/2446/2218 2217/2445/2217
f 2364/2605/2364 2363/2603/2363 2365/2606/2365 2366/2608/2366
f 2364/2605/2364 2366/2608/2366 2367/2609/2367 2223/2451/2223
f 2364/2605/2364 2223/2451/2223 2221/2449/2221 2220/2448/2220
f 2367/2609/2367 2366/2608/2366 2368/2610/2368 2369/2611/2369
f 2367/2609/2367 2369/2611/2369 2228/2456/2228 2226/2454/2226
f 2367/2609/2367 2226/2454/2226 2224/2452/2224 2223/2451/2223
f 2369/2611/2369 2368/2610/2368 2370/2612/2370 2371/2613/2371
f 2369/2611/2369 2371/2613/2371 2230/2458/2230 2228/2456/2228
f 2371/2613/2371 2370/2612/2370 2372/2614/2372 2373/2615/2373
f 2371/2613/2371 2373/2615/2373 2374/2616/2374 2230/2458/2230
f 2374/2616/2374 2373/2615/2373 2375/2617/2375 2376/2618/2376
f 2374/2616/2374 2376/2618/2376 2377/2619/2377 2233/2461/2233
f 2374/2616/2374 2233/2461/2233 2231/2459/2231 2230/2458/2230
f 2377/2619/2377 2376/2618/2376 2378/2620/2378 2379/2621/2379
f 2377/2619/2377 2379/2621/2379 2380/2622/2380 2236/2464/2236
f 2377/2619/2377 2236/2464/2236 2234/2462/2234 2233/2461/2233
f 2380/2622/2380 2379/2621/2379 2381/2623/2381 2382/2624/2382
f 2380/2622/2380 2382/2624/2382 2383/2625/2383 2239/2467/2239
f 2380/2622/2380 2239/2467/2239 2237/2465/2237 2236/2464/2236
f 2383/2625/2383 2382/2624/2382 2384/2626/2384 2385/2627/2385
f 2383/2625/2383 2385/2627/2385 2386/2628/2386 2242/2470/2242
f 2383/2625/2383 2242/2470/2242 2240/2468/2240 2239/2467/2239
f 2386/2628/2386 2385/2627/2385 2387/2629/2387 2388/2630/2388
f 2386/2628/2386 2388/2630/2388 2389/2631/2389 2245/2473/2245
f 2386/2628/2386 2245/2473/2245 2243/2471/2243 2242/2470/2242
f 2389/2631/2389 2388/2630/2388 2390/2632/2390 2391/2633/2391
f 2389/2631/2389 2391/2633/2391 2392/2634/2392 2393/2635/2393
f 2389/2631/2389 2393/2635/2393 2246/2474/2246 2245/2473/2245
f 2393/2635/2393 2392/2634/2392 2394/2636/2394 2395/2637/2395
f 2393/2635/2393 2395/2637/2395 2247/2475/2247 2246/2474/2246
f 2395/2637/2395 2394/2636/2394 2396/2638/2396 2397/2639/2397
f 2395/2637/2395 2397/2639/2397 2249/2477/2249 2247/2475/2247
f 2397/2639/2397 2396/2638/2396 2398/2640/2398 2399/2641/2399
f 2397/2639/2397 2399/2641/2399 2251/2479/2251 2249/2477/2249
f 2399/2641/2399 2398/2640/2398 2269/2497/2269 2400/2642/2400
f 2399/2641/2399 2400/2642/2400 2253/2481/2253 2251/2479/2251
f 2400/2642/2400 2269/2497/2269 2267/2495/2267 2266/2494/2266
f 2400/2642/2400 2266/2494/2266 2255/2483/2255 2253/2481/2253
f 2398/2640/2398 2396/2638/2396 2401/2643/2401 2272/2500/2272
f 2398/2640/2398 2272/2500/2272 2270/2498/2270 2269/2497/2269
f 2401/2643/2401 2396/2638/2396 2394/2636/2394 2402/2644/2402
f 2401/2643/2401 2402/2644/2402 2403/2645/2403 2275/2503/2275
f 2401/2643/2401 2275/2503/2275 2273/2501/2273 2272/2500/2272
f 2403/2645/2403 2402/2644/2402 2404/2646/2404 2405/2647/2405
f 2403/2645/2403 2405/2647/2405 2406/2648/2406 2278/2507/2278
f 2403/2645/2403 2278/2507/2278 2276/2504/2276 2275/2503/2275
f 2406/2648/2406 2405/2647/2405 2407/2649/2407 2408/2650/2408
f 2406/2648/2406 2408/2650/2408 2283/2515/2283 2281/2512/2281
f 2406/2648/2406 2281/2512/2281 2279/2509/2279 2278/2507/2278
f 2408/2650/2408 2407/2649/2407 2409/2651/2409 2410/2652/2410
f 2408/2650/2408 2410/2652/2410 2285/2518/2285 2283/2515/2283
f 2410/2652/2410 2409/2651/2409 2411/2653/2411 2412/2654/2412
f 2410/2652/2410 2412/2654/2412 2287/2520/2287 2285/2518/2285
f 2412/2654/2412 2411/2653/2411 2413/2655/2413 2414/2656/2414
f 2412/2654/2412 2414/2656/2414 2415/2657/2415 2287/2520/2287
f 2415/2657/2415 2414/2656/2414 2416/2659/2416 2417/2661/2417
f 2415/2658/2415 2417/2660/2417 2418/2662/2418 2290/2524/2290
f 2415/2658/2415 2290/2524/2290 2288/2522/2288 2287/2521/2287
f 2418/2662/2418 2417/2660/2417 2419/2663/2419 2420/2665/2420
f 2418/2662/2418 2420/2665/2420 2421/2666/2421 2293/2527/2293
f 2418/2662/2418 2293/2527/2293 2291/2525/2291 2290/2524/2290
f 2421/2666/2421 2420/2665/2420 2422/2667/2422 2423/2668/2423
f 2421/2666/2421 2423/2668/2423 2424/2669/2424 2296/2530/2296
f 2421/2666/2421 2296/2530/2296 2294/2528/2294 2293/2527/2293
f 2424/2669/2424 2423/2668/2423 2425/2670/2425 2426/2671/2426
f 2424/2669/2424 2426/2671/2426 2427/2672/2427 2299/2533/2299
f 2424/2669/2424 2299/2533/2299 2297/2531/2297 2296/2530/2296
f 2427/2672/2427 2426/2671/2426 2428/2674/2428 2429/2675/2429
f 2427/2672/2427 2429/2675/2429 2430/2678/2430 2302/2536/2302
f 2427/2672/2427 2302/2536/2302 2300/2534/2300 2299/2533/2299
f 2430/2677/2430 2429/2676/2429 2319/2556/2319 2317/2554/2317
f 2430/2677/2430 2317/2554/2317 2315/2552/2315 2305/2540/2305
f 2430/2678/2430 2305/2539/2305 2303/2537/2303 2302/2536/2302
f 2429/2676/2429 2428/2673/2428 2321/2558/2321 2319/2556/2319
f 2428/2673/2428 2431/2679/2431 2323/2560/2323 2321/2558/2321
f 2428/2674/2428 2426/2671/2426 2425/2670/2425 2431/2680/2431
f 2431/2679/2431 2432/2682/2432 2325/2562/2325 2323/2560/2323
f 2431/2680/2431 2425/2670/2425 2433/2683/2433 2432/2681/2432
f 2433/2683/2433 2434/2684/2434 2435/2686/2435 2432/2681/2432
f 2433/2683/2433 2425/2670/2425 2423/2668/2423 2422/2667/2422
f 2433/2683/2433 2422/2667/2422 2436/2690/2436 2434/2684/2434
f 2436/2691/2436 2437/2692/2437 2438/2693/2438 2434/2685/2434
f 2436/2690/2436 2422/2667/2422 2420/2665/2420 2419/2663/2419
f 2436/2691/2436 2419/2664/2419 2439/2694/2439 2437/2692/2437
f 2439/2694/2439 2440/2695/2440 2441/2696/2441 2437/2692/2437
f 2439/2694/2439 2419/2664/2419 2417/2661/2417 2416/2659/2416
f 2439/2694/2439 2416/2659/2416 2442/2697/2442 2440/2695/2440
f 2442/2697/2442 2443/2698/2443 2444/2699/2444 2440/2695/2440
f 2442/2697/2442 2416/2659/2416 2414/2656/2414 2413/2655/2413
f 2442/2697/2442 2413/2655/2413 2445/2700/2445 2443/2698/2443
f 2445/2700/2445 2446/2701/2446 2447/2702/2447 2443/2698/2443
f 2445/2700/2445 2413/2655/2413 2411/2653/2411 2448/2703/2448
f 2445/2700/2445 2448/2703/2448 2449/2704/2449 2446/2701/2446
f 2449/2704/2449 2387/2629/2387 2450/2705/2450 2446/2701/2446
f 2449/2704/2449 2448/2703/2448 2451/2706/2451 2390/2632/2390
f 2449/2704/2449 2390/2632/2390 2388/2630/2388 2387/2629/2387
f 2451/2706/2451 2448/2703/2448 2411/2653/2411 2409/2651/2409
f 2451/2706/2451 2409/2651/2409 2407/2649/2407 2452/2707/2452
f 2451/2706/2451 2452/2707/2452 2391/2633/2391 2390/2632/2390
f 2452/2707/2452 2407/2649/2407 2405/2647/2405 2404/2646/2404
f 2452/2707/2452 2404/2646/2404 2392/2634/2392 2391/2633/2391
f 2450/2705/2450 2384/2626/2384 2453/2708/2453 2454/2709/2454
f 2450/2705/2450 2454/2709/2454 2447/2702/2447 2446/2701/2446
f 2450/2705/2450 2387/2629/2387 2385/2627/2385 2384/2626/2384
f 2454/2709/2454 2453/2708/2453 2455/2710/2455 2456/2711/2456
f 2454/2709/2454 2456/2711/2456 2457/2712/2457 2447/2702/2447
f 2457/2712/2457 2456/2711/2456 2458/2713/2458 2459/2714/2459
f 2457/2712/2457 2459/2714/2459 2460/2715/2460 2444/2699/2444
f 2457/2712/2457 2444/2699/2444 2443/2698/2443 2447/2702/2447
f 2460/2715/2460 2459/2714/2459 2461/2716/2461 2462/2717/2462
f 2460/2715/2460 2462/2717/2462 2463/2718/2463 2441/2696/2441
f 2460/2715/2460 2441/2696/2441 2440/2695/2440 2444/2699/2444
f 2463/2718/2463 2462/2717/2462 2464/2720/2464 2465/2721/2465
f 2463/2718/2463 2465/2721/2465 2466/2724/2466 2438/2693/2438
f 2463/2718/2463 2438/2693/2438 2437/2692/2437 2441/2696/2441
f 2466/2723/2466 2465/2722/2465 2331/2570/2331 2329/2568/2329
f 2466/2723/2466 2329/2568/2329 2327/2564/2327 2435/2687/2435
f 2466/2724/2466 2435/2688/2435 2434/2685/2434 2438/2693/2438
f 2465/2722/2465 2464/2719/2464 2333/2572/2333 2331/2570/2331
f 2464/2719/2464 2467/2725/2467 2335/2574/2335 2333/2572/2333
f 2464/2720/2464 2462/2717/2462 2461/2716/2461 2467/2726/2467
f 2467/2725/2467 2468/2728/2468 2337/2576/2337 2335/2574/2335
f 2467/2726/2467 2461/2716/2461 2469/2729/2469 2468/2727/2468
f 2469/2729/2469 2470/2730/2470 2471/2731/2471 2468/2727/2468
f 2469/2729/2469 2461/2716/2461 2459/2714/2459 2458/2713/2458
f 2469/2729/2469 2458/2713/2458 2472/2733/2472 2470/2730/2470
f 2472/2733/2472 2473/2734/2473 2474/2735/2474 2470/2730/2470
f 2472/2733/2472 2458/2713/2458 2456/2711/2456 2455/2710/2455
f 2472/2733/2472 2455/2710/2455 2475/2736/2475 2473/2734/2473
f 2475/2736/2475 2378/2620/2378 2476/2737/2476 2473/2734/2473
f 2475/2736/2475 2455/2710/2455 2453/2708/2453 2381/2623/2381
f 2475/2736/2475 2381/2623/2381 2379/2621/2379 2378/2620/2378
f 2476/2737/2476 2375/2617/2375 2477/2738/2477 2478/2739/2478
f 2476/2737/2476 2478/2739/2478 2474/2735/2474 2473/2734/2473
f 2476/2737/2476 2378/2620/2378 2376/2618/2376 2375/2617/2375
f 2478/2739/2478 2477/2738/2477 2479/2741/2479 2480/2742/2480
f 2478/2739/2478 2480/2742/2480 2481/2745/2481 2474/2735/2474
f 2481/2744/2481 2480/2743/2480 2343/2582/2343 2341/2580/2341
f 2481/2744/2481 2341/2580/2341 2339/2578/2339 2471/2732/2471
f 2481/2745/2481 2471/2731/2471 2470/2730/2470 2474/2735/2474
f 2480/2743/2480 2479/2740/2479 2345/2584/2345 2343/2582/2343
f 2479/2740/2479 2482/2746/2482 2347/2586/2347 2345/2584/2345
f 2479/2741/2479 2477/2738/2477 2372/2614/2372 2482/2747/2482
f 2482/2746/2482 2483/2748/2483 2349/2588/2349 2347/2586/2347
f 2482/2747/2482 2372/2614/2372 2370/2612/2370 2483/2749/2483
f 2483/2748/2483 2484/2750/2484 2351/2590/2351 2349/2588/2349
f 2483/2749/2483 2370/2612/2370 2368/2610/2368 2484/2751/2484
f 2484/2750/2484 2365/2607/2365 2353/2592/2353 2351/2590/2351
f 2484/2751/2484 2368/2610/2368 2366/2608/2366 2365/2606/2365
f 2477/2738/2477 2375/2617/2375 2373/2615/2373 2372/2614/2372
f 2471/2732/2471 2339/2578/2339 2337/2576/2337 2468/2728/2468
f 2453/2708/2453 2384/2626/2384 2382/2624/2382 2381/2623/2381
f 2435/2689/2435 2327/2565/2327 2325/2562/2325 2432/2682/2432
f 2404/2646/2404 2402/2644/2402 2394/2636/2394 2392/2634/2392
f 2365/2607/2365 2363/2604/2363 2355/2594/2355 2353/2592/2353
f 2315/2552/2315 2308/2545/2308 2306/2542/2306 2305/2540/2305
f 2266/2494/2266 2264/2492/2264 2257/2485/2257 2255/2483/2255
f 2120/2337/2120 2117/2334/2117 2115/2332/2115 2114/2331/2114
f 1805/1994/1805 1798/1987/1798 1796/1985/1796 1795/1984/1795
f 1637/1821/1637 1626/1808/1626 1622/1803/1622 1621/1802/1621
f 1630/1813/1630 18/20/12 17/19/11 2485/2752/2485
f 1630/1813/1630 2485/2752/2485 1625/1807/1625 1624/1806/1624
f 1630/1813/1630 1629/1812/1629 25/27/19 18/20/12
f 2485/2752/2485 17/19/11 2486/2753/2486 2487/2754/2487
f 2485/2752/2485 2487/2754/2487 2488/2755/2488 1625/1807/1625
f 2488/2755/2488 2487/2754/2487 2489/2756/2489 2490/2757/2490
f 2488/2755/2488 2490/2757/2490 2491/2758/2491 1620/1800/1620
f 2488/2755/2488 1620/1800/1620 1619/1799/1619 1625/1807/1625
f 2491/2758/2491 2490/2757/2490 2492/2760/2492 2493/2762/2493
f 2491/2759/2491 2493/2761/2493 2494/2763/2494 1615/1794/1615
f 2491/2759/2491 1615/1794/1615 1614/1793/1614 1620/1801/1620
f 2494/2763/2494 2493/2761/2493 2495/2764/2495 2496/2766/2496
f 2494/2763/2494 2496/2766/2496 2497/2767/2497 1610/1789/1610
f 2494/2763/2494 1610/1789/1610 1609/1788/1609 1615/1794/1615
f 2497/2767/2497 2496/2766/2496 2498/2768/2498 2499/2769/2499
f 2497/2767/2497 2499/2769/2499 55/60/53 1605/1784/1605
f 2497/2767/2497 1605/1784/1605 1604/1783/1604 1610/1789/1610
f 2499/2769/2499 2498/2768/2498 2500/2770/2500 2501/2771/2501
f 2499/2769/2499 2501/2771/2501 52/57/50 55/60/53
f 2501/2771/2501 2500/2770/2500 2502/2772/2502 2503/2773/2503
f 2501/2771/2501 2503/2773/2503 53/58/51 52/57/50
f 2503/2773/2503 2502/2772/2502 1278/1441/1278 1276/1439/1276
f 2503/2773/2503 1276/1439/1276 1274/1437/1274 53/58/51
f 2502/2772/2502 40/44/36 39/42/35 1278/1441/1278
f 2502/2772/2502 2500/2770/2500 41/45/37 40/44/36
f 2500/2770/2500 2498/2768/2498 2504/2774/2504 41/45/37
f 2504/2775/2504 2505/2776/2505 42/47/38 41/46/37
f 2504/2774/2504 2498/2768/2498 2496/2766/2496 2495/2764/2495
f 2504/2775/2504 2495/2765/2495 2506/2777/2506 2505/2776/2505
f 2506/2777/2506 2507/2778/2507 2508/2779/2508 2505/2776/2505
f 2506/2777/2506 2495/2765/2495 2493/2762/2493 2492/2760/2492
f 2506/2777/2506 2492/2760/2492 2509/2780/2509 2507/2778/2507
f 2509/2780/2509 2510/2781/2510 2511/2782/2511 2507/2778/2507
f 2509/2780/2509 2492/2760/2492 2490/2757/2490 2489/2756/2489
f 2509/2780/2509 2489/2756/2489 2512/2783/2512 2510/2781/2510
f 2512/2783/2512 2513/2784/2513 2514/2785/2514 2510/2781/2510
f 2512/2783/2512 2489/2756/2489 2487/2754/2487 2486/2753/2486
f 2512/2783/2512 2486/2753/2486 2515/2786/2515 2513/2784/2513
f 2515/2786/2515 2516/2787/2516 2517/2788/2517 2513/2784/2513
f 2515/2786/2515 2486/2753/2486 17/19/11 16/18/10
f 2515/2786/2515 16/18/10 24/26/18 2516/2787/2516
f 2517/2788/2517 2518/2789/2518 2519/2790/2519 2520/2791/2520
f 2517/2788/2517 2520/2791/2520 2514/2785/2514 2513/2784/2513
f 2517/2788/2517 2516/2787/2516 2521/2792/2521 2518/2789/2518
f 2521/2792/2521 2522/2793/2522 2523/2794/2523 2518/2789/2518
f 2521/2792/2521 2516/2787/2516 24/26/18 2524/2795/2524
f 2521/2792/2521 2524/2795/2524 2525/2796/2525 2522/2793/2522
f 2525/2796/2525 2526/2797/2526 2527/2798/2527 2522/2793/2522
f 2525/2796/2525 2524/2795/2524 2528/2799/2528 2529/2800/2529
f 2525/2796/2525 2529/2800/2529 2530/2801/2530 2526/2797/2526
f 2530/2801/2530 2531/2802/2531 2532/2803/2532 2526/2797/2526
f 2530/2801/2530 2529/2800/2529 2533/2804/2533 2534/2805/2534
f 2530/2801/2530 2534/2805/2534 2535/2806/2535 2531/2802/2531
f 2535/2806/2535 2536/2807/2536 2537/2808/2537 2531/2802/2531
f 2535/2806/2535 2534/2805/2534 2538/2809/2538 2539/2810/2539
f 2535/2806/2535 2539/2810/2539 2540/2811/2540 2536/2807/2536
f 2540/2811/2540 2541/2812/2541 2542/2813/2542 2536/2807/2536
f 2540/2811/2540 2539/2810/2539 1425/1597/1425 1423/1595/1423
f 2540/2811/2540 1423/1595/1423 1421/1593/1421 2541/2812/2541
f 2542/2813/2542 2543/2814/2543 2544/2815/2544 2545/2816/2545
f 2542/2813/2542 2545/2816/2545 2537/2808/2537 2536/2807/2536
f 2542/2813/2542 2541/2812/2541 2546/2817/2546 2543/2814/2543
f 2546/2817/2546 2547/2818/2547 2548/2819/2548 2543/2814/2543
f 2546/2817/2546 2541/2812/2541 1421/1593/1421 1419/1591/1419
f 2546/2817/2546 1419/1591/1419 1417/1589/1417 2547/2818/2547
f 2548/2819/2548 2549/2820/2549 2550/2821/2550 2551/2822/2551
f 2548/2819/2548 2551/2822/2551 2544/2815/2544 2543/2814/2543
f 2548/2819/2548 2547/2818/2547 2552/2823/2552 2549/2820/2549
f 2552/2823/2552 2553/2824/2553 2554/2825/2554 2549/2820/2549
f 2552/2823/2552 2547/2818/2547 1417/1589/1417 1415/1587/1415
f 2552/2823/2552 1415/1587/1415 1413/1585/1413 2553/2824/2553
f 2554/2825/2554 2555/2826/2555 2556/2827/2556 2557/2828/2557
f 2554/2825/2554 2557/2828/2557 2550/2821/2550 2549/2820/2549
f 2554/2825/2554 2553/2824/2553 2558/2829/2558 2555/2826/2555
f 2558/2829/2558 2559/2830/2559 2560/2831/2560 2555/2826/2555
f 2558/2829/2558 2553/2824/2553 1413/1585/1413 1411/1583/1411
f 2558/2829/2558 1411/1583/1411 1409/1581/1409 2559/2830/2559
f 2560/2831/2560 2561/2832/2561 2562/2833/2562 2563/2834/2563
f 2560/2831/2560 2563/2834/2563 2556/2827/2556 2555/2826/2555
f 2560/2831/2560 2559/2830/2559 2564/2835/2564 2561/2832/2561
f 2564/2835/2564 2565/2836/2565 2566/2838/2566 2561/2832/2561
f 2564/2835/2564 2559/2830/2559 1409/1581/1409 1407/1579/1407
f 2564/2835/2564 1407/1579/1407 1405/1575/1405 2565/2836/2565
f 2566/2839/2566 2567/2840/2567 2568/2841/2568 2569/2842/2569
f 2566/2838/2566 2569/2843/2569 2562/2833/2562 2561/2832/2561
f 2566/2839/2566 2565/2837/2565 2570/2844/2570 2567/2840/2567
f 2570/2844/2570 2571/2845/2571 2572/2846/2572 2567/2840/2567
f 2570/2844/2570 2565/2837/2565 1405/1576/1405 1403/1573/1403
f 2570/2844/2570 1403/1573/1403 1401/1571/1401 2571/2845/2571
f 2572/2846/2572 2573/2847/2573 2574/2848/2574 2575/2849/2575
f 2572/2846/2572 2575/2849/2575 2568/2841/2568 2567/2840/2567
f 2572/2846/2572 2571/2845/2571 2576/2850/2576 2573/2847/2573
f 2576/2850/2576 2577/2851/2577 2578/2852/2578 2573/2847/2573
f 2576/2850/2576 2571/2845/2571 1401/1571/1401 1399/1569/1399
f 2576/2850/2576 1399/1569/1399 1397/1567/1397 2577/2851/2577
f 2578/2852/2578 2579/2853/2579 2580/2854/2580 2581/2855/2581
f 2578/2852/2578 2581/2855/2581 2574/2848/2574 2573/2847/2573
f 2578/2852/2578 2577/2851/2577 2582/2856/2582 2579/2853/2579
f 2582/2856/2582 2583/2857/2583 2584/2858/2584 2579/2853/2579
f 2582/2856/2582 2577/2851/2577 1397/1567/1397 1395/1565/1395
f 2582/2856/2582 1395/1565/1395 1393/1563/1393 2583/2857/2583
f 2584/2858/2584 2585/2859/2585 2586/2860/2586 2587/2861/2587
f 2584/2858/2584 2587/2861/2587 2580/2854/2580 2579/2853/2579
f 2584/2858/2584 2583/2857/2583 2588/2862/2588 2585/2859/2585
f 2588/2862/2588 2589/2863/2589 2590/2864/2590 2585/2859/2585
f 2588/2862/2588 2583/2857/2583 1393/1563/1393 1391/1561/1391
f 2588/2862/2588 1391/1561/1391 1389/1559/1389 2589/2863/2589
f 2590/2864/2590 2591/2865/2591 2592/2866/2592 2593/2867/2593
f 2590/2864/2590 2593/2867/2593 2586/2860/2586 2585/2859/2585
f 2590/2864/2590 2589/2863/2589 2594/2868/2594 2591/2865/2591
f 2594/2868/2594 2595/2869/2595 2596/2870/2596 2591/2865/2591
f 2594/2868/2594 2589/2863/2589 1389/1559/1389 1387/1557/1387
f 2594/2868/2594 1387/1557/1387 1385/1555/1385 2595/2869/2595
f 2596/2870/2596 2597/2871/2597 2598/2872/2598 2599/2873/2599
f 2596/2870/2596 2599/2873/2599 2592/2866/2592 2591/2865/2591
f 2596/2870/2596 2595/2869/2595 2600/2874/2600 2597/2871/2597
f 2600/2874/2600 2601/2875/2601 2602/2876/2602 2597/2871/2597
f 2600/2874/2600 2595/2869/2595 1385/1555/1385 1383/1553/1383
f 2600/2874/2600 1383/1553/1383 1381/1551/1381 2601/2875/2601
f 2602/2876/2602 2603/2877/2603 2604/2878/2604 2605/2879/2605
f 2602/2876/2602 2605/2879/2605 2598/2872/2598 2597/2871/2597
f 2602/2876/2602 2601/2875/2601 2606/2880/2606 2603/2877/2603
f 2606/2880/2606 2607/2881/2607 2608/2882/2608 2603/2877/2603
f 2606/2880/2606 2601/2875/2601 1381/1551/1381 1379/1549/1379
f 2606/2880/2606 1379/1549/1379 1377/1547/1377 2607/2881/2607
f 2608/2882/2608 2609/2883/2609 2610/2884/2610 2611/2885/2611
f 2608/2882/2608 2611/2885/2611 2604/2878/2604 2603/2877/2603
f 2608/2882/2608 2607/2881/2607 2612/2886/2612 2609/2883/2609
f 2612/2886/2612 2613/2887/2613 2614/2888/2614 2609/2883/2609
f 2612/2886/2612 2607/2881/2607 1377/1547/1377 1375/1545/1375
f 2612/2886/2612 1375/1545/1375 1373/1543/1373 2613/2887/2613
f 2614/2888/2614 2615/2889/2615 1351/1518/1351 2616/2890/2616
f 2614/2888/2614 2616/2890/2616 2610/2884/2610 2609/2883/2609
f 2614/2888/2614 2613/2887/2613 2617/2891/2617 2615/2889/2615
f 2617/2891/2617 2618/2892/2618 1354/1521/1354 2615/2889/2615
f 2617/2891/2617 2613/2887/2613 1373/1543/1373 1371/1541/1371
f 2617/2891/2617 1371/1541/1371 1369/1539/1369 2618/2892/2618
f 2618/2892/2618 1357/1524/1357 1355/1522/1355 1354/1521/1354
f 2618/2892/2618 1369/1539/1369 1367/1537/1367 1357/1524/1357
f 2616/2890/2616 1351/1518/1351 1349/1516/1349 1348/1515/1348
f 2616/2890/2616 1348/1515/1348 2619/2893/2619 2610/2884/2610
f 2619/2893/2619 1348/1515/1348 1346/1513/1346 1345/1512/1345
f 2619/2893/2619 1345/1512/1345 2620/2894/2620 2621/2895/2621
f 2619/2893/2619 2621/2895/2621 2611/2885/2611 2610/2884/2610
f 2621/2895/2621 2620/2894/2620 2622/2896/2622 2623/2897/2623
f 2621/2895/2621 2623/2897/2623 2604/2878/2604 2611/2885/2611
f 2623/2897/2623 2622/2896/2622 2624/2898/2624 2625/2899/2625
f 2623/2897/2623 2625/2899/2625 2605/2879/2605 2604/2878/2604
f 2625/2899/2625 2624/2898/2624 2626/2900/2626 2627/2901/2627
f 2625/2899/2625 2627/2901/2627 2598/2872/2598 2605/2879/2605
f 2627/2901/2627 2626/2900/2626 2628/2902/2628 2629/2903/2629
f 2627/2901/2627 2629/2903/2629 2599/2873/2599 2598/2872/2598
f 2629/2903/2629 2628/2902/2628 2630/2904/2630 2631/2905/2631
f 2629/2903/2629 2631/2905/2631 2592/2866/2592 2599/2873/2599
f 2631/2905/2631 2630/2904/2630 2632/2906/2632 2633/2907/2633
f 2631/2905/2631 2633/2907/2633 2593/2867/2593 2592/2866/2592
f 2633/2907/2633 2632/2906/2632 2634/2908/2634 2635/2909/2635
f 2633/2907/2633 2635/2909/2635 2586/2860/2586 2593/2867/2593
f 2635/2909/2635 2634/2908/2634 2636/2910/2636 2637/2911/2637
f 2635/2909/2635 2637/2911/2637 2587/2861/2587 2586/2860/2586
f 2637/2911/2637 2636/2910/2636 2638/2912/2638 2639/2913/2639
f 2637/2911/2637 2639/2913/2639 2580/2854/2580 2587/2861/2587
f 2639/2913/2639 2638/2912/2638 2640/2914/2640 2641/2915/2641
f 2639/2913/2639 2641/2915/2641 2581/2855/2581 2580/2854/2580
f 2641/2915/2641 2640/2914/2640 2642/2916/2642 2643/2917/2643
f 2641/2915/2641 2643/2917/2643 2574/2848/2574 2581/2855/2581
f 2643/2917/2643 2642/2916/2642 2644/2918/2644 2645/2919/2645
f 2643/2917/2643 2645/2919/2645 2575/2849/2575 2574/2848/2574
f 2645/2919/2645 2644/2918/2644 2646/2920/2646 2647/2921/2647
f 2645/2919/2645 2647/2921/2647 2568/2841/2568 2575/2849/2575
f 2647/2921/2647 2646/2920/2646 2648/2922/2648 2649/2924/2649
f 2647/2921/2647 2649/2924/2649 2569/2842/2569 2568/2841/2568
f 2649/2925/2649 2648/2923/2648 2650/2926/2650 2651/2927/2651
f 2649/2925/2649 2651/2927/2651 2562/2833/2562 2569/2843/2569
f 2651/2927/2651 2650/2926/2650 2652/2928/2652 2653/2929/2653
f 2651/2927/2651 2653/2929/2653 2563/2834/2563 2562/2833/2562
f 2653/2929/2653 2652/2928/2652 2654/2930/2654 2655/2931/2655
f 2653/2929/2653 2655/2931/2655 2556/2827/2556 2563/2834/2563
f 2655/2931/2655 2654/2930/2654 2656/2932/2656 2657/2933/2657
f 2655/2931/2655 2657/2933/2657 2557/2828/2557 2556/2827/2556
f 2657/2933/2657 2656/2932/2656 2658/2934/2658 2659/2935/2659
f 2657/2933/2657 2659/2935/2659 2550/2821/2550 2557/2828/2557
f 2659/2935/2659 2658/2934/2658 2660/2936/2660 2661/2937/2661
f 2659/2935/2659 2661/2937/2661 2551/2822/2551 2550/2821/2550
f 2661/2937/2661 2660/2936/2660 2662/2938/2662 2663/2939/2663
f 2661/2937/2661 2663/2939/2663 2544/2815/2544 2551/2822/2551
f 2663/2939/2663 2662/2938/2662 2664/2940/2664 2665/2941/2665
f 2663/2939/2663 2665/2941/2665 2545/2816/2545 2544/2815/2544
f 2665/2941/2665 2664/2940/2664 2666/2942/2666 2667/2943/2667
f 2665/2941/2665 2667/2943/2667 2537/2808/2537 2545/2816/2545
f 2667/2943/2667 2666/2942/2666 2668/2944/2668 2532/2803/2532
f 2667/2943/2667 2532/2803/2532 2531/2802/2531 2537/2808/2537
f 2668/2944/2668 2666/2942/2666 2669/2945/2669 2670/2946/2670
f 2668/2944/2668 2670/2946/2670 2671/2947/2671 2527/2798/2527
f 2668/2944/2668 2527/2798/2527 2526/2797/2526 2532/2803/2532
f 2671/2947/2671 2670/2946/2670 2672/2948/2672 2673/2949/2673
f 2671/2947/2671 2673/2949/2673 2674/2950/2674 2523/2794/2523
f 2671/2947/2671 2523/2794/2523 2522/2793/2522 2527/2798/2527
f 2674/2950/2674 2673/2949/2673 2675/2951/2675 2676/2952/2676
f 2674/2950/2674 2676/2952/2676 2677/2953/2677 2519/2790/2519
f 2674/2950/2674 2519/2790/2519 2518/2789/2518 2523/2794/2523
f 2677/2953/2677 2676/2952/2676 2678/2954/2678 2679/2955/2679
f 2677/2953/2677 2679/2955/2679 2680/2956/2680 2681/2957/2681
f 2677/2953/2677 2681/2957/2681 2520/2791/2520 2519/2790/2519
f 2681/2957/2681 2680/2956/2680 2682/2958/2682 2683/2959/2683
f 2681/2957/2681 2683/2959/2683 2514/2785/2514 2520/2791/2520
f 2683/2959/2683 2682/2958/2682 2684/2960/2684 2511/2782/2511
f 2683/2959/2683 2511/2782/2511 2510/2781/2510 2514/2785/2514
f 2684/2960/2684 2682/2958/2682 2685/2961/2685 2686/2962/2686
f 2684/2960/2684 2686/2962/2686 43/48/39 2508/2779/2508
f 2684/2960/2684 2508/2779/2508 2507/2778/2507 2511/2782/2511
f 2686/2962/2686 2685/2961/2685 2687/2963/2687 2688/2964/2688
f 2686/2962/2686 2688/2964/2688 44/49/40 43/48/39
f 2688/2964/2688 2687/2963/2687 2689/2965/2689 2690/2966/2690
f 2688/2964/2688 2690/2966/2690 2691/2967/2691 44/49/40
f 2691/2967/2691 2690/2966/2690 2692/2968/2692 2693/2969/2693
f 2691/2967/2691 2693/2969/2693 2694/2970/2694 36/38/32
f 2691/2967/2691 36/38/32 4/4/31 44/49/40
f 2694/2970/2694 2693/2969/2693 2695/2971/2695 2696/2972/2696
f 2694/2970/2694 2696/2972/2696 2697/2973/2697 1283/1447/1283
f 2694/2970/2694 1283/1447/1283 37/39/33 36/38/32
f 2697/2973/2697 2696/2972/2696 2698/2974/2698 2699/2975/2699
f 2697/2973/2697 2699/2975/2699 1288/1452/1288 1286/1450/1286
f 2697/2973/2697 1286/1450/1286 1284/1448/1284 1283/1447/1283
f 2699/2975/2699 2698/2974/2698 2700/2976/2700 2701/2977/2701
f 2699/2975/2699 2701/2977/2701 1290/1454/1290 1288/1452/1288
f 2701/2977/2701 2700/2976/2700 2702/2978/2702 2703/2979/2703
f 2701/2977/2701 2703/2979/2703 2704/2980/2704 1290/1454/1290
f 2704/2980/2704 2703/2979/2703 2705/2981/2705 2706/2982/2706
f 2704/2980/2704 2706/2982/2706 2707/2983/2707 1293/1458/1293
f 2704/2980/2704 1293/1458/1293 1291/1455/1291 1290/1454/1290
f 2707/2983/2707 2706/2982/2706 2708/2984/2708 2709/2985/2709
f 2707/2983/2707 2709/2985/2709 2710/2986/2710 1296/1462/1296
f 2707/2983/2707 1296/1462/1296 1294/1460/1294 1293/1458/1293
f 2710/2986/2710 2709/2985/2709 2711/2988/2711 2712/2990/2712
f 2710/2987/2710 2712/2989/2712 2713/2991/2713 1299/1466/1299
f 2710/2987/2710 1299/1466/1299 1297/1464/1297 1296/1463/1296
f 2713/2991/2713 2712/2989/2712 2714/2993/2714 2715/2994/2715
f 2713/2991/2713 2715/2994/2715 2716/2995/2716 2717/2996/2717
f 2713/2991/2713 2717/2996/2717 1300/1467/1300 1299/1466/1299
f 2717/2996/2717 2716/2995/2716 2718/2997/2718 2719/2998/2719
f 2717/2996/2717 2719/2998/2719 1301/1468/1301 1300/1467/1300
f 2719/2998/2719 2718/2997/2718 2720/2999/2720 2721/3000/2721
f 2719/2998/2719 2721/3000/2721 1303/1470/1303 1301/1468/1301
f 2721/3000/2721 2720/2999/2720 2722/3001/2722 2723/3002/2723
f 2721/3000/2721 2723/3002/2723 1305/1472/1305 1303/1470/1303
f 2723/3002/2723 2722/3001/2722 2724/3003/2724 2725/3004/2725
f 2723/3002/2723 2725/3004/2725 1307/1474/1307 1305/1472/1305
f 2725/3004/2725 2724/3003/2724 2726/3005/2726 2727/3006/2727
f 2725/3004/2725 2727/3006/2727 1309/1476/1309 1307/1474/1307
f 2727/3006/2727 2726/3005/2726 2728/3007/2728 2729/3008/2729
f 2727/3006/2727 2729/3008/2729 1311/1478/1311 1309/1476/1309
f 2729/3008/2729 2728/3007/2728 2730/3009/2730 2731/3010/2731
f 2729/3008/2729 2731/3010/2731 1313/1480/1313 1311/1478/1311
f 2731/3010/2731 2730/3009/2730 2732/3011/2732 2733/3012/2733
f 2731/3010/2731 2733/3012/2733 2734/3013/2734 1313/1480/1313
f 2734/3013/2734 2733/3012/2733 2735/3014/2735 2736/3015/2736
f 2734/3013/2734 2736/3015/2736 2737/3016/2737 1316/1483/1316
f 2734/3013/2734 1316/1483/1316 1314/1481/1314 1313/1480/1313
f 2737/3016/2737 2736/3015/2736 2738/3017/2738 2739/3018/2739
f 2737/3016/2737 2739/3018/2739 2740/3019/2740 1319/1486/1319
f 2737/3016/2737 1319/1486/1319 1317/1484/1317 1316/1483/1316
f 2740/3019/2740 2739/3018/2739 2741/3020/2741 2742/3021/2742
f 2740/3019/2740 2742/3021/2742 2743/3022/2743 1322/1489/1322
f 2740/3019/2740 1322/1489/1322 1320/1487/1320 1319/1486/1319
f 2743/3022/2743 2742/3021/2742 2744/3023/2744 2745/3024/2745
f 2743/3022/2743 2745/3024/2745 2746/3025/2746 2747/3026/2747
f 2743/3022/2743 2747/3026/2747 1323/1490/1323 1322/1489/1322
f 2747/3026/2747 2746/3025/2746 2748/3027/2748 2749/3028/2749
f 2747/3026/2747 2749/3028/2749 1324/1491/1324 1323/1490/1323
f 2749/3028/2749 2748/3027/2748 2750/3029/2750 2751/3030/2751
f 2749/3028/2749 2751/3030/2751 1326/1493/1326 1324/1491/1324
f 2751/3030/2751 2750/3029/2750 2752/3031/2752 2753/3032/2753
f 2751/3030/2751 2753/3032/2753 1328/1495/1328 1326/1493/1326
f 2753/3032/2753 2752/3031/2752 2754/3033/2754 2755/3034/2755
f 2753/3032/2753 2755/3034/2755 1330/1497/1330 1328/1495/1328
f 2755/3034/2755 2754/3033/2754 2756/3035/2756 2757/3036/2757
f 2755/3034/2755 2757/3036/2757 1332/1499/1332 1330/1497/1330
f 2757/3036/2757 2756/3035/2756 2758/3037/2758 2759/3038/2759
f 2757/3036/2757 2759/3038/2759 1334/1501/1334 1332/1499/1332
f 2759/3038/2759 2758/3037/2758 2760/3039/2760 2761/3040/2761
f 2759/3038/2759 2761/3040/2761 1336/1503/1336 1334/1501/1334
f 2761/3040/2761 2760/3039/2760 2762/3041/2762 2763/3042/2763
f 2761/3040/2761 2763/3042/2763 2764/3043/2764 1336/1503/1336
f 2764/3043/2764 1339/1506/1339 1337/1504/1337 1336/1503/1336
f 2764/3043/2764 2763/3042/2763 2765/3044/2765 2766/3045/2766
f 2764/3043/2764 2766/3045/2766 2767/3046/2767 1339/1506/1339
f 2767/3046/2767 1342/1509/1342 1340/1507/1340 1339/1506/1339
f 2767/3046/2767 2766/3045/2766 2624/2898/2624 2622/2896/2622
f 2767/3046/2767 2622/2896/2622 2620/2894/2620 1342/1509/1342
f 2766/3045/2766 2765/3044/2765 2626/2900/2626 2624/2898/2624
f 2765/3044/2765 2763/3042/2763 2762/3041/2762 2768/3047/2768
f 2765/3044/2765 2768/3047/2768 2628/2902/2628 2626/2900/2626
f 2768/3047/2768 2762/3041/2762 2769/3048/2769 2770/3049/2770
f 2768/3047/2768 2770/3049/2770 2630/2904/2630 2628/2902/2628
f 2770/3049/2770 2769/3048/2769 2771/3050/2771 2772/3051/2772
f 2770/3049/2770 2772/3051/2772 2632/2906/2632 2630/2904/2630
f 2772/3051/2772 2771/3050/2771 2773/3052/2773 2774/3053/2774
f 2772/3051/2772 2774/3053/2774 2634/2908/2634 2632/2906/2632
f 2774/3053/2774 2773/3052/2773 2775/3054/2775 2776/3055/2776
f 2774/3053/2774 2776/3055/2776 2636/2910/2636 2634/2908/2634
f 2776/3055/2776 2775/3054/2775 2777/3056/2777 2778/3057/2778
f 2776/3055/2776 2778/3057/2778 2638/2912/2638 2636/2910/2636
f 2778/3057/2778 2777/3056/2777 2779/3058/2779 2780/3059/2780
f 2778/3057/2778 2780/3059/2780 2640/2914/2640 2638/2912/2638
f 2780/3059/2780 2779/3058/2779 2781/3060/2781 2782/3061/2782
f 2780/3059/2780 2782/3061/2782 2642/2916/2642 2640/2914/2640
f 2782/3061/2782 2781/3060/2781 2783/3062/2783 2784/3063/2784
f 2782/3061/2782 2784/3063/2784 2644/2918/2644 2642/2916/2642
f 2784/3063/2784 2783/3062/2783 2785/3064/2785 2786/3065/2786
f 2784/3063/2784 2786/3065/2786 2646/2920/2646 2644/2918/2644
f 2786/3065/2786 2785/3064/2785 2787/3066/2787 2788/3068/2788
f 2786/3065/2786 2788/3068/2788 2648/2922/2648 2646/2920/2646
f 2788/3069/2788 2787/3067/2787 2789/3070/2789 2790/3071/2790
f 2788/3069/2788 2790/3071/2790 2650/2926/2650 2648/2923/2648
f 2790/3071/2790 2789/3070/2789 2791/3072/2791 2792/3073/2792
f 2790/3071/2790 2792/3073/2792 2652/2928/2652 2650/2926/2650
f 2792/3073/2792 2791/3072/2791 2793/3074/2793 2794/3075/2794
f 2792/3073/2792 2794/3075/2794 2654/2930/2654 2652/2928/2652
f 2794/3075/2794 2793/3074/2793 2795/3076/2795 2796/3077/2796
f 2794/3075/2794 2796/3077/2796 2656/2932/2656 2654/2930/2654
f 2796/3077/2796 2795/3076/2795 2797/3078/2797 2798/3079/2798
f 2796/3077/2796 2798/3079/2798 2658/2934/2658 2656/2932/2656
f 2798/3079/2798 2797/3078/2797 2799/3080/2799 2800/3081/2800
f 2798/3079/2798 2800/3081/2800 2660/2936/2660 2658/2934/2658
f 2800/3081/2800 2799/3080/2799 2801/3082/2801 2802/3083/2802
f 2800/3081/2800 2802/3083/2802 2662/2938/2662 2660/2936/2660
f 2802/3083/2802 2801/3082/2801 2803/3084/2803 2804/3085/2804
f 2802/3083/2802 2804/3085/2804 2664/2940/2664 2662/2938/2662
f 2804/3085/2804 2803/3084/2803 2805/3086/2805 2669/2945/2669
f 2804/3085/2804 2669/2945/2669 2666/2942/2666 2664/2940/2664
f 2805/3086/2805 2803/3084/2803 2806/3087/2806 2807/3088/2807
f 2805/3086/2805 2807/3088/2807 2808/3089/2808 2672/2948/2672
f 2805/3086/2805 2672/2948/2672 2670/2946/2670 2669/2945/2669
f 2808/3089/2808 2807/3088/2807 2809/3090/2809 2810/3091/2810
f 2808/3089/2808 2810/3091/2810 2811/3092/2811 2675/2951/2675
f 2808/3089/2808 2675/2951/2675 2673/2949/2673 2672/2948/2672
f 2811/3092/2811 2810/3091/2810 2812/3093/2812 2813/3094/2813
f 2811/3092/2811 2813/3094/2813 2814/3095/2814 2678/2954/2678
f 2811/3092/2811 2678/2954/2678 2676/2952/2676 2675/2951/2675
f 2814/3095/2814 2813/3094/2813 2815/3096/2815 2816/3097/2816
f 2814/3095/2814 2816/3097/2816 2817/3098/2817 2818/3099/2818
f 2814/3095/2814 2818/3099/2818 2679/2955/2679 2678/2954/2678
f 2818/3099/2818 2817/3098/2817 2819/3100/2819 2820/3101/2820
f 2818/3099/2818 2820/3101/2820 2680/2956/2680 2679/2955/2679
f 2820/3101/2820 2819/3100/2819 2687/2963/2687 2685/2961/2685
f 2820/3101/2820 2685/2961/2685 2682/2958/2682 2680/2956/2680
f 2819/3100/2819 2817/3098/2817 2821/3102/2821 2822/3103/2822
f 2819/3100/2819 2822/3103/2822 2689/2965/2689 2687/2963/2687
f 2822/3103/2822 2821/3102/2821 2823/3104/2823 2824/3105/2824
f 2822/3103/2822 2824/3105/2824 2825/3106/2825 2689/2965/2689
f 2825/3106/2825 2824/3105/2824 2826/3107/2826 2827/3108/2827
f 2825/3106/2825 2827/3108/2827 2828/3109/2828 2692/2968/2692
f 2825/3106/2825 2692/2968/2692 2690/2966/2690 2689/2965/2689
f 2828/3109/2828 2827/3108/2827 2829/3110/2829 2830/3111/2830
f 2828/3109/2828 2830/3111/2830 2831/3112/2831 2695/2971/2695
f 2828/3109/2828 2695/2971/2695 2693/2969/2693 2692/2968/2692
f 2831/3112/2831 2830/3111/2830 2832/3113/2832 2833/3114/2833
f 2831/3112/2831 2833/3114/2833 2700/2976/2700 2698/2974/2698
f 2831/3112/2831 2698/2974/2698 2696/2972/2696 2695/2971/2695
f 2833/3114/2833 2832/3113/2832 2834/3115/2834 2835/3116/2835
f 2833/3114/2833 2835/3116/2835 2702/2978/2702 2700/2976/2700
f 2835/3116/2835 2834/3115/2834 2836/3117/2836 2837/3118/2837
f 2835/3116/2835 2837/3118/2837 2838/3119/2838 2702/2978/2702
f 2838/3119/2838 2837/3118/2837 2839/3120/2839 2840/3121/2840
f 2838/3119/2838 2840/3121/2840 2841/3122/2841 2705/2981/2705
f 2838/3119/2838 2705/2981/2705 2703/2979/2703 2702/2978/2702
f 2841/3122/2841 2840/3121/2840 2842/3123/2842 2843/3124/2843
f 2841/3122/2841 2843/3124/2843 2844/3125/2844 2708/2984/2708
f 2841/3122/2841 2708/2984/2708 2706/2982/2706 2705/2981/2705
f 2844/3125/2844 2843/3124/2843 2845/3126/2845 2846/3127/2846
f 2844/3125/2844 2846/3127/2846 2847/3128/2847 2711/2988/2711
f 2844/3125/2844 2711/2988/2711 2709/2985/2709 2708/2984/2708
f 2847/3128/2847 2846/3127/2846 2848/3129/2848 2849/3130/2849
f 2847/3128/2847 2849/3130/2849 2850/3131/2850 2714/2992/2714
f 2847/3128/2847 2714/2992/2714 2712/2990/2712 2711/2988/2711
f 2850/3131/2850 2849/3130/2849 2851/3133/2851 2852/3134/2852
f 2850/3132/2850 2852/3135/2852 2853/3136/2853 2854/3137/2854
f 2850/3132/2850 2854/3137/2854 2715/2994/2715 2714/2993/2714
f 2854/3137/2854 2853/3136/2853 2855/3138/2855 2856/3139/2856
f 2854/3137/2854 2856/3139/2856 2716/2995/2716 2715/2994/2715
f 2856/3139/2856 2855/3138/2855 2857/3140/2857 2858/3141/2858
f 2856/3139/2856 2858/3141/2858 2718/2997/2718 2716/2995/2716
f 2858/3141/2858 2857/3140/2857 2859/3142/2859 2860/3143/2860
f 2858/3141/2858 2860/3143/2860 2720/2999/2720 2718/2997/2718
f 2860/3143/2860 2859/3142/2859 2861/3144/2861 2862/3145/2862
f 2860/3143/2860 2862/3145/2862 2722/3001/2722 2720/2999/2720
f 2862/3145/2862 2861/3144/2861 2863/3146/2863 2864/3147/2864
f 2862/3145/2862 2864/3147/2864 2724/3003/2724 2722/3001/2722
f 2864/3147/2864 2863/3146/2863 2865/3148/2865 2866/3149/2866
f 2864/3147/2864 2866/3149/2866 2726/3005/2726 2724/3003/2724
f 2866/3149/2866 2865/3148/2865 2867/3150/2867 2868/3151/2868
f 2866/3149/2866 2868/3151/2868 2728/3007/2728 2726/3005/2726
f 2868/3151/2868 2867/3150/2867 2869/3152/2869 2870/3153/2870
f 2868/3151/2868 2870/3153/2870 2730/3009/2730 2728/3007/2728
f 2870/3153/2870 2869/3152/2869 2871/3154/2871 2872/3155/2872
f 2870/3153/2870 2872/3155/2872 2732/3011/2732 2730/3009/2730
f 2872/3155/2872 2871/3154/2871 2873/3156/2873 2874/3157/2874
f 2872/3155/2872 2874/3157/2874 2875/3158/2875 2732/3011/2732
f 2875/3158/2875 2874/3157/2874 2876/3159/2876 2877/3160/2877
f 2875/3158/2875 2877/3160/2877 2878/3161/2878 2735/3014/2735
f 2875/3158/2875 2735/3014/2735 2733/3012/2733 2732/3011/2732
f 2878/3161/2878 2877/3160/2877 2879/3162/2879 2880/3163/2880
f 2878/3161/2878 2880/3163/2880 2881/3164/2881 2738/3017/2738
f 2878/3161/2878 2738/3017/2738 2736/3015/2736 2735/3014/2735
f 2881/3164/2881 2880/3163/2880 2882/3165/2882 2883/3166/2883
f 2881/3164/2881 2883/3166/2883 2884/3167/2884 2741/3020/2741
f 2881/3164/2881 2741/3020/2741 2739/3018/2739 2738/3017/2738
f 2884/3167/2884 2883/3166/2883 2885/3168/2885 2886/3169/2886
f 2884/3167/2884 2886/3169/2886 2887/3170/2887 2744/3023/2744
f 2884/3167/2884 2744/3023/2744 2742/3021/2742 2741/3020/2741
f 2887/3170/2887 2886/3169/2886 2888/3171/2888 2889/3172/2889
f 2887/3170/2887 2889/3172/2889 2890/3173/2890 2891/3174/2891
f 2887/3170/2887 2891/3174/2891 2745/3024/2745 2744/3023/2744
f 2891/3174/2891 2890/3173/2890 2892/3175/2892 2893/3176/2893
f 2891/3174/2891 2893/3176/2893 2746/3025/2746 2745/3024/2745
f 2893/3176/2893 2892/3175/2892 2894/3177/2894 2895/3178/2895
f 2893/3176/2893 2895/3178/2895 2748/3027/2748 2746/3025/2746
f 2895/3178/2895 2894/3177/2894 2896/3179/2896 2897/3180/2897
f 2895/3178/2895 2897/3180/2897 2750/3029/2750 2748/3027/2748
f 2897/3180/2897 2896/3179/2896 2898/3181/2898 2899/3182/2899
f 2897/3180/2897 2899/3182/2899 2752/3031/2752 2750/3029/2750
f 2899/3182/2899 2898/3181/2898 2900/3183/2900 2901/3184/2901
f 2899/3182/2899 2901/3184/2901 2754/3033/2754 2752/3031/2752
f 2901/3184/2901 2900/3183/2900 2902/3185/2902 2903/3186/2903
f 2901/3184/2901 2903/3186/2903 2756/3035/2756 2754/3033/2754
f 2903/3186/2903 2902/3185/2902 2904/3187/2904 2905/3188/2905
f 2903/3186/2903 2905/3188/2905 2758/3037/2758 2756/3035/2756
f 2905/3188/2905 2904/3187/2904 2906/3189/2906 2907/3190/2907
f 2905/3188/2905 2907/3190/2907 2760/3039/2760 2758/3037/2758
f 2907/3190/2907 2906/3189/2906 2771/3050/2771 2769/3048/2769
f 2907/3190/2907 2769/3048/2769 2762/3041/2762 2760/3039/2760
f 2906/3189/2906 2904/3187/2904 2908/3191/2908 2909/3192/2909
f 2906/3189/2906 2909/3192/2909 2773/3052/2773 2771/3050/2771
f 2909/3192/2909 2908/3191/2908 2910/3193/2910 2911/3194/2911
f 2909/3192/2909 2911/3194/2911 2775/3054/2775 2773/3052/2773
f 2911/3194/2911 2910/3193/2910 2912/3195/2912 2913/3196/2913
f 2911/3194/2911 2913/3196/2913 2777/3056/2777 2775/3054/2775
f 2913/3196/2913 2912/3195/2912 2914/3197/2914 2915/3198/2915
f 2913/3196/2913 2915/3198/2915 2779/3058/2779 2777/3056/2777
f 2915/3198/2915 2914/3197/2914 2916/3199/2916 2917/3200/2917
f 2915/3198/2915 2917/3200/2917 2781/3060/2781 2779/3058/2779
f 2917/3200/2917 2916/3199/2916 2918/3201/2918 2919/3202/2919
f 2917/3200/2917 2919/3202/2919 2783/3062/2783 2781/3060/2781
f 2919/3202/2919 2918/3201/2918 2920/3203/2920 2921/3204/2921
f 2919/3202/2919 2921/3204/2921 2785/3064/2785 2783/3062/2783
f 2921/3204/2921 2920/3203/2920 2922/3205/2922 2923/3207/2923
f 2921/3204/2921 2923/3207/2923 2787/3066/2787 2785/3064/2785
f 2923/3208/2923 2922/3206/2922 2924/3209/2924 2925/3210/2925
f 2923/3208/2923 2925/3210/2925 2789/3070/2789 2787/3067/2787
f 2925/3210/2925 2924/3209/2924 2926/3211/2926 2927/3212/2927
f 2925/3210/2925 2927/3212/2927 2791/3072/2791 2789/3070/2789
f 2927/3212/2927 2926/3211/2926 2928/3213/2928 2929/3214/2929
f 2927/3212/2927 2929/3214/2929 2793/3074/2793 2791/3072/2791
f 2929/3214/2929 2928/3213/2928 2930/3215/2930 2931/3216/2931
f 2929/3214/2929 2931/3216/2931 2795/3076/2795 2793/3074/2793
f 2931/3216/2931 2930/3215/2930 2932/3217/2932 2933/3218/2933
f 2931/3216/2931 2933/3218/2933 2797/3078/2797 2795/3076/2795
f 2933/3218/2933 2932/3217/2932 2934/3219/2934 2935/3220/2935
f 2933/3218/2933 2935/3220/2935 2799/3080/2799 2797/3078/2797
f 2935/3220/2935 2934/3219/2934 2936/3221/2936 2937/3222/2937
f 2935/3220/2935 2937/3222/2937 2801/3082/2801 2799/3080/2799
f 2937/3222/2937 2936/3221/2936 2938/3223/2938 2806/3087/2806
f 2937/3222/2937 2806/3087/2806 2803/3084/2803 2801/3082/2801
f 2938/3223/2938 2936/3221/2936 2939/3224/2939 2940/3225/2940
f 2938/3223/2938 2940/3225/2940 2941/3226/2941 2809/3090/2809
f 2938/3223/2938 2809/3090/2809 2807/3088/2807 2806/3087/2806
f 2941/3226/2941 2940/3225/2940 2942/3227/2942 2943/3228/2943
f 2941/3226/2941 2943/3228/2943 2944/3229/2944 2812/3093/2812
f 2941/3226/2941 2812/3093/2812 2810/3091/2810 2809/3090/2809
f 2944/3229/2944 2943/3228/2943 2945/3230/2945 2946/3231/2946
f 2944/3229/2944 2946/3231/2946 2947/3232/2947 2815/3096/2815
f 2944/3229/2944 2815/3096/2815 2813/3094/2813 2812/3093/2812
f 2947/3232/2947 2946/3231/2946 2948/3233/2948 2949/3234/2949
f 2947/3232/2947 2949/3234/2949 2950/3235/2950 2951/3236/2951
f 2947/3232/2947 2951/3236/2951 2816/3097/2816 2815/3096/2815
f 2951/3236/2951 2950/3235/2950 2823/3104/2823 2821/3102/2821
f 2951/3236/2951 2821/3102/2821 2817/3098/2817 2816/3097/2816
f 2950/3235/2950 2949/3234/2949 2952/3237/2952 2953/3238/2953
f 2950/3235/2950 2953/3238/2953 2954/3239/2954 2823/3104/2823
f 2954/3239/2954 2953/3238/2953 2955/3240/2955 2956/3241/2956
f 2954/3239/2954 2956/3241/2956 2957/3242/2957 2826/3107/2826
f 2954/3239/2954 2826/3107/2826 2824/3105/2824 2823/3104/2823
f 2957/3242/2957 2956/3241/2956 2958/3243/2958 2959/3244/2959
f 2957/3242/2957 2959/3244/2959 2960/3245/2960 2829/3110/2829
f 2957/3242/2957 2829/3110/2829 2827/3108/2827 2826/3107/2826
f 2960/3245/2960 2959/3244/2959 2961/3246/2961 2962/3247/2962
f 2960/3245/2960 2962/3247/2962 2834/3115/2834 2832/3113/2832
f 2960/3245/2960 2832/3113/2832 2830/3111/2830 2829/3110/2829
f 2962/3247/2962 2961/3246/2961 2963/3248/2963 2964/3249/2964
f 2962/3247/2962 2964/3249/2964 2836/3117/2836 2834/3115/2834
f 2964/3249/2964 2963/3248/2963 2965/3250/2965 2966/3251/2966
f 2964/3249/2964 2966/3251/2966 2967/3252/2967 2836/3117/2836
f 2967/3252/2967 2966/3251/2966 2968/3253/2968 2969/3254/2969
f 2967/3252/2967 2969/3254/2969 2970/3255/2970 2839/3120/2839
f 2967/3252/2967 2839/3120/2839 2837/3118/2837 2836/3117/2836
f 2970/3255/2970 2969/3254/2969 2971/3256/2971 2972/3257/2972
f 2970/3255/2970 2972/3257/2972 2973/3258/2973 2842/3123/2842
f 2970/3255/2970 2842/3123/2842 2840/3121/2840 2839/3120/2839
f 2973/3258/2973 2972/3257/2972 2974/3259/2974 2975/3260/2975
f 2973/3258/2973 2975/3260/2975 2976/3261/2976 2845/3126/2845
f 2973/3258/2973 2845/3126/2845 2843/3124/2843 2842/3123/2842
f 2976/3261/2976 2975/3260/2975 2977/3262/2977 2978/3263/2978
f 2976/3261/2976 2978/3263/2978 2979/3264/2979 2848/3129/2848
f 2976/3261/2976 2848/3129/2848 2846/3127/2846 2845/3126/2845
f 2979/3264/2979 2978/3263/2978 2980/3265/2980 2981/3266/2981
f 2979/3264/2979 2981/3266/2981 2982/3267/2982 2851/3133/2851
f 2979/3264/2979 2851/3133/2851 2849/3130/2849 2848/3129/2848
f 2982/3267/2982 2981/3266/2981 2983/3268/2983 2984/3269/2984
f 2982/3267/2982 2984/3269/2984 2985/3270/2985 2986/3272/2986
f 2982/3267/2982 2986/3272/2986 2852/3134/2852 2851/3133/2851
f 2986/3273/2986 2985/3271/2985 2987/3274/2987 2988/3275/2988
f 2986/3273/2986 2988/3275/2988 2853/3136/2853 2852/3135/2852
f 2988/3275/2988 2987/3274/2987 2989/3276/2989 2990/3277/2990
f 2988/3275/2988 2990/3277/2990 2855/3138/2855 2853/3136/2853
f 2990/3277/2990 2989/3276/2989 2991/3278/2991 2992/3279/2992
f 2990/3277/2990 2992/3279/2992 2857/3140/2857 2855/3138/2855
f 2992/3279/2992 2991/3278/2991 2993/3280/2993 2994/3281/2994
f 2992/3279/2992 2994/3281/2994 2859/3142/2859 2857/3140/2857
f 2994/3281/2994 2993/3280/2993 2995/3282/2995 2996/3283/2996
f 2994/3281/2994 2996/3283/2996 2861/3144/2861 2859/3142/2859
f 2996/3283/2996 2995/3282/2995 2997/3284/2997 2998/3285/2998
f 2996/3283/2996 2998/3285/2998 2863/3146/2863 2861/3144/2861
f 2998/3285/2998 2997/3284/2997 2999/3286/2999 3000/3287/3000
f 2998/3285/2998 3000/3287/3000 2865/3148/2865 2863/3146/2863
f 3000/3287/3000 2999/3286/2999 3001/3288/3001 3002/3289/3002
f 3000/3287/3000 3002/3289/3002 2867/3150/2867 2865/3148/2865
f 3002/3289/3002 3001/3288/3001 3003/3290/3003 3004/3291/3004
f 3002/3289/3002 3004/3291/3004 2869/3152/2869 2867/3150/2867
f 3004/3291/3004 3003/3290/3003 3005/3292/3005 3006/3293/3006
f 3004/3291/3004 3006/3293/3006 2871/3154/2871 2869/3152/2869
f 3006/3293/3006 3005/3292/3005 3007/3294/3007 3008/3295/3008
f 3006/3293/3006 3008/3295/3008 2873/3156/2873 2871/3154/2871
f 3008/3295/3008 3007/3294/3007 3009/3296/3009 3010/3297/3010
f 3008/3295/3008 3010/3297/3010 3011/3298/3011 2873/3156/2873
f 3011/3298/3011 3010/3297/3010 3012/3299/3012 3013/3300/3013
f 3011/3298/3011 3013/3300/3013 3014/3301/3014 2876/3159/2876
f 3011/3298/3011 2876/3159/2876 2874/3157/2874 2873/3156/2873
f 3014/3301/3014 3013/3300/3013 3015/3302/3015 3016/3303/3016
f 3014/3301/3014 3016/3303/3016 3017/3304/3017 2879/3162/2879
f 3014/3301/3014 2879/3162/2879 2877/3160/2877 2876/3159/2876
f 3017/3304/3017 3016/3303/3016 3018/3305/3018 3019/3306/3019
f 3017/3304/3017 3019/3306/3019 3020/3307/3020 2882/3165/2882
f 3017/3304/3017 2882/3165/2882 2880/3163/2880 2879/3162/2879
f 3020/3307/3020 3019/3306/3019 3021/3308/3021 3022/3309/3022
f 3020/3307/3020 3022/3309/3022 3023/3310/3023 2885/3168/2885
f 3020/3307/3020 2885/3168/2885 2883/3166/2883 2882/3165/2882
f 3023/3310/3023 3022/3309/3022 3024/3311/3024 3025/3312/3025
f 3023/3310/3023 3025/3312/3025 3026/3313/3026 2888/3171/2888
f 3023/3310/3023 2888/3171/2888 2886/3169/2886 2885/3168/2885
f 3026/3313/3026 3025/3312/3025 3027/3314/3027 3028/3315/3028
f 3026/3313/3026 3028/3315/3028 3029/3316/3029 3030/3317/3030
f 3026/3313/3026 3030/3317/3030 2889/3172/2889 2888/3171/2888
f 3030/3317/3030 3029/3316/3029 3031/3318/3031 3032/3319/3032
f 3030/3317/3030 3032/3319/3032 2890/3173/2890 2889/3172/2889
f 3032/3319/3032 3031/3318/3031 3033/3320/3033 3034/3321/3034
f 3032/3319/3032 3034/3321/3034 2892/3175/2892 2890/3173/2890
f 3034/3321/3034 3033/3320/3033 3035/3322/3035 3036/3323/3036
f 3034/3321/3034 3036/3323/3036 2894/3177/2894 2892/3175/2892
f 3036/3323/3036 3035/3322/3035 3037/3324/3037 3038/3325/3038
f 3036/3323/3036 3038/3325/3038 2896/3179/2896 2894/3177/2894
f 3038/3325/3038 3037/3324/3037 3039/3326/3039 3040/3327/3040
f 3038/3325/3038 3040/3327/3040 2898/3181/2898 2896/3179/2896
f 3040/3327/3040 3039/3326/3039 3041/3328/3041 3042/3329/3042
f 3040/3327/3040 3042/3329/3042 2900/3183/2900 2898/3181/2898
f 3042/3329/3042 3041/3328/3041 3043/3330/3043 3044/3331/3044
f 3042/3329/3042 3044/3331/3044 2902/3185/2902 2900/3183/2900
f 3044/3331/3044 3043/3330/3043 2910/3193/2910 2908/3191/2908
f 3044/3331/3044 2908/3191/2908 2904/3187/2904 2902/3185/2902
f 3043/3330/3043 3041/3328/3041 3045/3332/3045 3046/3333/3046
f 3043/3330/3043 3046/3333/3046 2912/3195/2912 2910/3193/2910
f 3046/3333/3046 3045/3332/3045 3047/3334/3047 3048/3335/3048
f 3046/3333/3046 3048/3335/3048 2914/3197/2914 2912/3195/2912
f 3048/3335/3048 3047/3334/3047 3049/3336/3049 3050/3337/3050
f 3048/3335/3048 3050/3337/3050 2916/3199/2916 2914/3197/2914
f 3050/3337/3050 3049/3336/3049 3051/3338/3051 3052/3339/3052
f 3050/3337/3050 3052/3339/3052 2918/3201/2918 2916/3199/2916
f 3052/3339/3052 3051/3338/3051 3053/3340/3053 3054/3341/3054
f 3052/3339/3052 3054/3341/3054 2920/3203/2920 2918/3201/2918
f 3054/3341/3054 3053/3340/3053 3055/3342/3055 3056/3344/3056
f 3054/3341/3054 3056/3344/3056 2922/3205/2922 2920/3203/2920
f 3056/3345/3056 3055/3343/3055 3057/3346/3057 3058/3347/3058
f 3056/3345/3056 3058/3347/3058 2924/3209/2924 2922/3206/2922
f 3058/3347/3058 3057/3346/3057 3059/3348/3059 3060/3349/3060
f 3058/3347/3058 3060/3349/3060 2926/3211/2926 2924/3209/2924
f 3060/3349/3060 3059/3348/3059 3061/3350/3061 3062/3351/3062
f 3060/3349/3060 3062/3351/3062 2928/3213/2928 2926/3211/2926
f 3062/3351/3062 3061/3350/3061 3063/3352/3063 3064/3353/3064
f 3062/3351/3062 3064/3353/3064 2930/3215/2930 2928/3213/2928
f 3064/3353/3064 3063/3352/3063 3065/3354/3065 3066/3355/3066
f 3064/3353/3064 3066/3355/3066 2932/3217/2932 2930/3215/2930
f 3066/3355/3066 3065/3354/3065 3067/3356/3067 3068/3357/3068
f 3066/3355/3066 3068/3357/3068 2934/3219/2934 2932/3217/2932
f 3068/3357/3068 3067/3356/3067 3069/3358/3069 2939/3224/2939
f 3068/3357/3068 2939/3224/2939 2936/3221/2936 2934/3219/2934
f 3069/3358/3069 3067/3356/3067 3070/3359/3070 3071/3360/3071
f 3069/3358/3069 3071/3360/3071 3072/3361/3072 2942/3227/2942
f 3069/3358/3069 2942/3227/2942 2940/3225/2940 2939/3224/2939
f 3072/3361/3072 3071/3360/3071 3073/3362/3073 3074/3363/3074
f 3072/3361/3072 3074/3363/3074 3075/3364/3075 2945/3230/2945
f 3072/3361/3072 2945/3230/2945 2943/3228/2943 2942/3227/2942
f 3075/3364/3075 3074/3363/3074 3076/3365/3076 3077/3366/3077
f 3075/3364/3075 3077/3366/3077 3078/3367/3078 2948/3233/2948
f 3075/3364/3075 2948/3233/2948 2946/3231/2946 2945/3230/2945
f 3078/3367/3078 3077/3366/3077 3079/3368/3079 3080/3369/3080
f 3078/3367/3078 3080/3369/3080 3081/3370/3081 2952/3237/2952
f 3078/3367/3078 2952/3237/2952 2949/3234/2949 2948/3233/2948
f 3081/3370/3081 3080/3369/3080 3082/3371/3082 3083/3372/3083
f 3081/3370/3081 3083/3372/3083 3084/3373/3084 2955/3240/2955
f 3081/3370/3081 2955/3240/2955 2953/3238/2953 2952/3237/2952
f 3084/3373/3084 3083/3372/3083 3085/3374/3085 3086/3375/3086
f 3084/3373/3084 3086/3375/3086 3087/3376/3087 2958/3243/2958
f 3084/3373/3084 2958/3243/2958 2956/3241/2956 2955/3240/2955
f 3087/3376/3087 3086/3375/3086 3088/3377/3088 3089/3378/3089
f 3087/3376/3087 3089/3378/3089 2963/3248/2963 2961/3246/2961
f 3087/3376/3087 2961/3246/2961 2959/3244/2959 2958/3243/2958
f 3089/3378/3089 3088/3377/3088 3090/3379/3090 3091/3380/3091
f 3089/3378/3089 3091/3380/3091 2965/3250/2965 2963/3248/2963
f 3091/3380/3091 3090/3379/3090 3092/3381/3092 3093/3382/3093
f 3091/3380/3091 3093/3382/3093 3094/3383/3094 2965/3250/2965
f 3094/3383/3094 3093/3382/3093 3095/3384/3095 3096/3385/3096
f 3094/3383/3094 3096/3385/3096 3097/3386/3097 2968/3253/2968
f 3094/3383/3094 2968/3253/2968 2966/3251/2966 2965/3250/2965
f 3097/3386/3097 3096/3385/3096 3098/3387/3098 3099/3388/3099
f 3097/3386/3097 3099/3388/3099 3100/3389/3100 2971/3256/2971
f 3097/3386/3097 2971/3256/2971 2969/3254/2969 2968/3253/2968
f 3100/3389/3100 3099/3388/3099 3101/3390/3101 3102/3391/3102
f 3100/3389/3100 3102/3391/3102 3103/3392/3103 2974/3259/2974
f 3100/3389/3100 2974/3259/2974 2972/3257/2972 2971/3256/2971
f 3103/3392/3103 3102/3391/3102 3104/3393/3104 3105/3394/3105
f 3103/3392/3103 3105/3394/3105 3106/3395/3106 2977/3262/2977
f 3103/3392/3103 2977/3262/2977 2975/3260/2975 2974/3259/2974
f 3106/3395/3106 3105/3394/3105 3107/3396/3107 3108/3397/3108
f 3106/3395/3106 3108/3397/3108 3109/3398/3109 2980/3265/2980
f 3106/3395/3106 2980/3265/2980 2978/3263/2978 2977/3262/2977
f 3109/3398/3109 3108/3397/3108 3110/3399/3110 3111/3400/3111
f 3109/3398/3109 3111/3400/3111 3112/3401/3112 2983/3268/2983
f 3109/3398/3109 2983/3268/2983 2981/3266/2981 2980/3265/2980
f 3112/3401/3112 3111/3400/3111 3113/3402/3113 3114/3404/3114
f 3112/3401/3112 3114/3404/3114 3115/3406/3115 3116/3408/3116
f 3112/3401/3112 3116/3408/3116 2984/3269/2984 2983/3268/2983
f 3116/3408/3116 3115/3406/3115 3117/3409/3117 3118/3413/3118
f 3116/3408/3116 3118/3413/3118 2985/3270/2985 2984/3269/2984
f 3118/3414/3118 3117/3410/3117 3119/3415/3119 3120/3417/3120
f 3118/3414/3118 3120/3417/3120 2987/3274/2987 2985/3271/2985
f 3120/3417/3120 3119/3415/3119 3121/3418/3121 3122/3420/3122
f 3120/3417/3120 3122/3420/3122 2989/3276/2989 2987/3274/2987
f 3122/3420/3122 3121/3418/3121 3123/3421/3123 3124/3423/3124
f 3122/3420/3122 3124/3423/3124 2991/3278/2991 2989/3276/2989
f 3124/3423/3124 3123/3421/3123 3125/3424/3125 3126/3426/3126
f 3124/3423/3124 3126/3426/3126 2993/3280/2993 2991/3278/2991
f 3126/3426/3126 3125/3424/3125 3127/3427/3127 3128/3429/3128
f 3126/3426/3126 3128/3429/3128 2995/3282/2995 2993/3280/2993
f 3128/3429/3128 3127/3427/3127 3129/3430/3129 3130/3432/3130
f 3128/3429/3128 3130/3432/3130 2997/3284/2997 2995/3282/2995
f 3130/3432/3130 3129/3430/3129 3131/3433/3131 3132/3435/3132
f 3130/3432/3130 3132/3435/3132 2999/3286/2999 2997/3284/2997
f 3132/3435/3132 3131/3433/3131 3133/3436/3133 3134/3438/3134
f 3132/3435/3132 3134/3438/3134 3001/3288/3001 2999/3286/2999
f 3134/3438/3134 3133/3436/3133 3135/3439/3135 3136/3441/3136
f 3134/3438/3134 3136/3441/3136 3003/3290/3003 3001/3288/3001
f 3136/3441/3136 3135/3439/3135 3137/3442/3137 3138/3444/3138
f 3136/3441/3136 3138/3444/3138 3005/3292/3005 3003/3290/3003
f 3138/3444/3138 3137/3442/3137 3139/3445/3139 3140/3447/3140
f 3138/3444/3138 3140/3447/3140 3007/3294/3007 3005/3292/3005
f 3140/3447/3140 3139/3445/3139 3141/3448/3141 3142/3450/3142
f 3140/3447/3140 3142/3450/3142 3009/3296/3009 3007/3294/3007
f 3142/3450/3142 3141/3448/3141 3143/3452/3143 3144/3453/3144
f 3142/3450/3142 3144/3453/3144 3145/3454/3145 3009/3296/3009
f 3145/3454/3145 3144/3453/3144 3146/3455/3146 3147/3456/3147
f 3145/3454/3145 3147/3456/3147 3148/3457/3148 3012/3299/3012
f 3145/3454/3145 3012/3299/3012 3010/3297/3010 3009/3296/3009
f 3148/3457/3148 3147/3456/3147 3149/3458/3149 3150/3459/3150
f 3148/3457/3148 3150/3459/3150 3151/3460/3151 3015/3302/3015
f 3148/3457/3148 3015/3302/3015 3013/3300/3013 3012/3299/3012
f 3151/3460/3151 3150/3459/3150 3152/3461/3152 3153/3462/3153
f 3151/3460/3151 3153/3462/3153 3154/3463/3154 3018/3305/3018
f 3151/3460/3151 3018/3305/3018 3016/3303/3016 3015/3302/3015
f 3154/3463/3154 3153/3462/3153 3155/3464/3155 3156/3465/3156
f 3154/3463/3154 3156/3465/3156 3157/3466/3157 3021/3308/3021
f 3154/3463/3154 3021/3308/3021 3019/3306/3019 3018/3305/3018
f 3157/3466/3157 3156/3465/3156 3158/3467/3158 3159/3468/3159
f 3157/3466/3157 3159/3468/3159 3160/3469/3160 3024/3311/3024
f 3157/3466/3157 3024/3311/3024 3022/3309/3022 3021/3308/3021
f 3160/3469/3160 3159/3468/3159 3161/3470/3161 3162/3471/3162
f 3160/3469/3160 3162/3471/3162 3163/3472/3163 3027/3314/3027
f 3160/3469/3160 3027/3314/3027 3025/3312/3025 3024/3311/3024
f 3163/3472/3163 3162/3471/3162 3164/3473/3164 3165/3474/3165
f 3163/3472/3163 3165/3474/3165 3166/3475/3166 3167/3476/3167
f 3163/3472/3163 3167/3476/3167 3028/3315/3028 3027/3314/3027
f 3167/3476/3167 3166/3475/3166 3168/3477/3168 3169/3478/3169
f 3167/3476/3167 3169/3478/3169 3029/3316/3029 3028/3315/3028
f 3169/3478/3169 3168/3477/3168 3170/3479/3170 3171/3480/3171
f 3169/3478/3169 3171/3480/3171 3031/3318/3031 3029/3316/3029
f 3171/3480/3171 3170/3479/3170 3172/3481/3172 3173/3482/3173
f 3171/3480/3171 3173/3482/3173 3033/3320/3033 3031/3318/3031
f 3173/3482/3173 3172/3481/3172 3174/3483/3174 3175/3484/3175
f 3173/3482/3173 3175/3484/3175 3035/3322/3035 3033/3320/3033
f 3175/3484/3175 3174/3483/3174 3176/3485/3176 3177/3486/3177
f 3175/3484/3175 3177/3486/3177 3037/3324/3037 3035/3322/3035
f 3177/3486/3177 3176/3485/3176 3178/3487/3178 3179/3488/3179
f 3177/3486/3177 3179/3488/3179 3039/3326/3039 3037/3324/3037
f 3179/3488/3179 3178/3487/3178 3047/3334/3047 3045/3332/3045
f 3179/3488/3179 3045/3332/3045 3041/3328/3041 3039/3326/3039
f 3178/3487/3178 3176/3485/3176 3180/3489/3180 3181/3490/3181
f 3178/3487/3178 3181/3490/3181 3049/3336/3049 3047/3334/3047
f 3181/3490/3181 3180/3489/3180 3182/3491/3182 3183/3492/3183
f 3181/3490/3181 3183/3492/3183 3051/3338/3051 3049/3336/3049
f 3183/3492/3183 3182/3491/3182 3184/3493/3184 3185/3494/3185
f 3183/3492/3183 3185/3494/3185 3053/3340/3053 3051/3338/3051
f 3185/3494/3185 3184/3493/3184 3186/3495/3186 3187/3497/3187
f 3185/3494/3185 3187/3497/3187 3055/3342/3055 3053/3340/3053
f 3187/3498/3187 3186/3496/3186 3188/3499/3188 3189/3500/3189
f 3187/3498/3187 3189/3500/3189 3057/3346/3057 3055/3343/3055
f 3189/3500/3189 3188/3499/3188 3190/3501/3190 3191/3502/3191
f 3189/3500/3189 3191/3502/3191 3059/3348/3059 3057/3346/3057
f 3191/3502/3191 3190/3501/3190 3192/3503/3192 3193/3504/3193
f 3191/3502/3191 3193/3504/3193 3061/3350/3061 3059/3348/3059
f 3193/3504/3193 3192/3503/3192 3194/3505/3194 3195/3506/3195
f 3193/3504/3193 3195/3506/3195 3063/3352/3063 3061/3350/3061
f 3195/3506/3195 3194/3505/3194 3196/3507/3196 3197/3508/3197
f 3195/3506/3195 3197/3508/3197 3065/3354/3065 3063/3352/3063
f 3197/3508/3197 3196/3507/3196 3198/3509/3198 3070/3359/3070
f 3197/3508/3197 3070/3359/3070 3067/3356/3067 3065/3354/3065
f 3198/3509/3198 3196/3507/3196 3199/3510/3199 3200/3511/3200
f 3198/3509/3198 3200/3511/3200 3201/3512/3201 3073/3362/3073
f 3198/3509/3198 3073/3362/3073 3071/3360/3071 3070/3359/3070
f 3201/3512/3201 3200/3511/3200 3202/3513/3202 3203/3514/3203
f 3201/3512/3201 3203/3514/3203 3204/3515/3204 3076/3365/3076
f 3201/3512/3201 3076/3365/3076 3074/3363/3074 3073/3362/3073
f 3204/3515/3204 3203/3514/3203 3205/3516/3205 3206/3517/3206
f 3204/3515/3204 3206/3517/3206 3207/3518/3207 3079/3368/3079
f 3204/3515/3204 3079/3368/3079 3077/3366/3077 3076/3365/3076
f 3207/3518/3207 3206/3517/3206 3208/3519/3208 3209/3520/3209
f 3207/3518/3207 3209/3520/3209 3210/3521/3210 3082/3371/3082
f 3207/3518/3207 3082/3371/3082 3080/3369/3080 3079/3368/3079
f 3210/3521/3210 3209/3520/3209 3211/3522/3211 3212/3523/3212
f 3210/3521/3210 3212/3523/3212 3213/3524/3213 3085/3374/3085
f 3210/3521/3210 3085/3374/3085 3083/3372/3083 3082/3371/3082
f 3213/3524/3213 3212/3523/3212 3214/3525/3214 3215/3526/3215
f 3213/3524/3213 3215/3526/3215 3090/3379/3090 3088/3377/3088
f 3213/3524/3213 3088/3377/3088 3086/3375/3086 3085/3374/3085
f 3215/3526/3215 3214/3525/3214 3216/3527/3216 3217/3528/3217
f 3215/3526/3215 3217/3528/3217 3092/3381/3092 3090/3379/3090
f 3217/3528/3217 3216/3527/3216 3218/3529/3218 3219/3530/3219
f 3217/3528/3217 3219/3530/3219 3220/3531/3220 3092/3381/3092
f 3220/3531/3220 3219/3530/3219 3221/3532/3221 3222/3533/3222
f 3220/3531/3220 3222/3533/3222 3223/3534/3223 3095/3384/3095
f 3220/3531/3220 3095/3384/3095 3093/3382/3093 3092/3381/3092
f 3223/3534/3223 3222/3533/3222 3224/3535/3224 3225/3536/3225
f 3223/3534/3223 3225/3536/3225 3226/3537/3226 3098/3387/3098
f 3223/3534/3223 3098/3387/3098 3096/3385/3096 3095/3384/3095
f 3226/3537/3226 3225/3536/3225 3227/3538/3227 3228/3539/3228
f 3226/3537/3226 3228/3539/3228 3229/3540/3229 3101/3390/3101
f 3226/3537/3226 3101/3390/3101 3099/3388/3099 3098/3387/3098
f 3229/3540/3229 3228/3539/3228 3230/3541/3230 3231/3542/3231
f 3229/3540/3229 3231/3542/3231 3232/3543/3232 3104/3393/3104
f 3229/3540/3229 3104/3393/3104 3102/3391/3102 3101/3390/3101
f 3232/3543/3232 3231/3542/3231 3233/3544/3233 3234/3545/3234
f 3232/3543/3232 3234/3545/3234 3235/3546/3235 3107/3396/3107
f 3232/3543/3232 3107/3396/3107 3105/3394/3105 3104/3393/3104
f 3235/3546/3235 3234/3545/3234 3236/3547/3236 3237/3549/3237
f 3235/3546/3235 3237/3549/3237 3238/3552/3238 3110/3399/3110
f 3235/3546/3235 3110/3399/3110 3108/3397/3108 3107/3396/3107
f 3238/3551/3238 3237/3550/3237 3239/3553/3239 3240/3554/3240
f 3238/3551/3238 3240/3554/3240 3241/3555/3241 3113/3403/3113
f 3238/3552/3238 3113/3402/3113 3111/3400/3111 3110/3399/3110
f 3241/3555/3241 3240/3554/3240 3242/3556/3242 3243/3557/3243
f 3241/3555/3241 3243/3557/3243 3244/3558/3244 3245/3559/3245
f 3241/3555/3241 3245/3559/3245 3114/3405/3114 3113/3403/3113
f 3245/3559/3245 3244/3558/3244 3246/3560/3246 3247/3561/3247
f 3245/3559/3245 3247/3561/3247 3115/3407/3115 3114/3405/3114
f 3247/3561/3247 3246/3560/3246 3248/3562/3248 3249/3564/3249
f 3247/3561/3247 3249/3564/3249 3117/3411/3117 3115/3407/3115
f 3249/3565/3249 3248/3563/3248 3250/3566/3250 3251/3567/3251
f 3249/3565/3249 3251/3567/3251 3119/3416/3119 3117/3412/3117
f 3251/3567/3251 3250/3566/3250 3252/3568/3252 3253/3569/3253
f 3251/3567/3251 3253/3569/3253 3121/3419/3121 3119/3416/3119
f 3253/3569/3253 3252/3568/3252 3254/3570/3254 3255/3571/3255
f 3253/3569/3253 3255/3571/3255 3123/3422/3123 3121/3419/3121
f 3255/3571/3255 3254/3570/3254 3256/3572/3256 3257/3573/3257
f 3255/3571/3255 3257/3573/3257 3125/3425/3125 3123/3422/3123
f 3257/3573/3257 3256/3572/3256 3258/3574/3258 3259/3575/3259
f 3257/3573/3257 3259/3575/3259 3127/3428/3127 3125/3425/3125
f 3259/3575/3259 3258/3574/3258 3260/3576/3260 3261/3577/3261
f 3259/3575/3259 3261/3577/3261 3129/3431/3129 3127/3428/3127
f 3261/3577/3261 3260/3576/3260 3262/3578/3262 3263/3579/3263
f 3261/3577/3261 3263/3579/3263 3131/3434/3131 3129/3431/3129
f 3263/3579/3263 3262/3578/3262 3264/3580/3264 3265/3581/3265
f 3263/3579/3263 3265/3581/3265 3133/3437/3133 3131/3434/3131
f 3265/3581/3265 3264/3580/3264 3266/3582/3266 3267/3583/3267
f 3265/3581/3265 3267/3583/3267 3135/3440/3135 3133/3437/3133
f 3267/3583/3267 3266/3582/3266 3268/3584/3268 3269/3585/3269
f 3267/3583/3267 3269/3585/3269 3137/3443/3137 3135/3440/3135
f 3269/3585/3269 3268/3584/3268 3270/3586/3270 3271/3587/3271
f 3269/3585/3269 3271/3587/3271 3139/3446/3139 3137/3443/3137
f 3271/3587/3271 3270/3586/3270 3272/3588/3272 3273/3589/3273
f 3271/3587/3271 3273/3589/3273 3141/3449/3141 3139/3446/3139
f 3273/3589/3273 3272/3588/3272 3274/3590/3274 3275/3591/3275
f 3273/3589/3273 3275/3591/3275 3143/3451/3143 3141/3449/3141
f 3275/3591/3275 3274/3590/3274 3276/3592/3276 3277/3593/3277
f 3275/3591/3275 3277/3593/3277 3278/3594/3278 3143/3451/3143
f 3278/3594/3278 3277/3593/3277 3279/3596/3279 3280/3598/3280
f 3278/3595/3278 3280/3597/3280 3281/3599/3281 3146/3455/3146
f 3278/3595/3278 3146/3455/3146 3144/3453/3144 3143/3452/3143
f 3281/3599/3281 3280/3597/3280 3282/3601/3282 3283/3602/3283
f 3281/3599/3281 3283/3602/3283 3284/3603/3284 3149/3458/3149
f 3281/3599/3281 3149/3458/3149 3147/3456/3147 3146/3455/3146
f 3284/3603/3284 3283/3602/3283 3285/3604/3285 3286/3605/3286
f 3284/3603/3284 3286/3605/3286 3287/3606/3287 3152/3461/3152
f 3284/3603/3284 3152/3461/3152 3150/3459/3150 3149/3458/3149
f 3287/3606/3287 3286/3605/3286 3288/3607/3288 3289/3608/3289
f 3287/3606/3287 3289/3608/3289 3290/3609/3290 3155/3464/3155
f 3287/3606/3287 3155/3464/3155 3153/3462/3153 3152/3461/3152
f 3290/3609/3290 3289/3608/3289 3291/3610/3291 3292/3611/3292
f 3290/3609/3290 3292/3611/3292 3293/3612/3293 3158/3467/3158
f 3290/3609/3290 3158/3467/3158 3156/3465/3156 3155/3464/3155
f 3293/3612/3293 3292/3611/3292 3294/3613/3294 3295/3614/3295
f 3293/3612/3293 3295/3614/3295 3296/3615/3296 3161/3470/3161
f 3293/3612/3293 3161/3470/3161 3159/3468/3159 3158/3467/3158
f 3296/3615/3296 3295/3614/3295 3297/3616/3297 3298/3617/3298
f 3296/3615/3296 3298/3617/3298 3299/3618/3299 3164/3473/3164
f 3296/3615/3296 3164/3473/3164 3162/3471/3162 3161/3470/3161
f 3299/3618/3299 3298/3617/3298 3300/3619/3300 3301/3620/3301
f 3299/3618/3299 3301/3620/3301 3302/3621/3302 3303/3622/3303
f 3299/3618/3299 3303/3622/3303 3165/3474/3165 3164/3473/3164
f 3303/3622/3303 3302/3621/3302 3304/3623/3304 3305/3624/3305
f 3303/3622/3303 3305/3624/3305 3166/3475/3166 3165/3474/3165
f 3305/3624/3305 3304/3623/3304 3306/3625/3306 3307/3626/3307
f 3305/3624/3305 3307/3626/3307 3168/3477/3168 3166/3475/3166
f 3307/3626/3307 3306/3625/3306 3308/3627/3308 3309/3628/3309
f 3307/3626/3307 3309/3628/3309 3170/3479/3170 3168/3477/3168
f 3309/3628/3309 3308/3627/3308 3310/3629/3310 3311/3630/3311
f 3309/3628/3309 3311/3630/3311 3172/3481/3172 3170/3479/3170
f 3311/3630/3311 3310/3629/3310 3312/3631/3312 3313/3632/3313
f 3311/3630/3311 3313/3632/3313 3174/3483/3174 3172/3481/3172
f 3313/3632/3313 3312/3631/3312 3182/3491/3182 3180/3489/3180
f 3313/3632/3313 3180/3489/3180 3176/3485/3176 3174/3483/3174
f 3312/3631/3312 3310/3629/3310 3314/3633/3314 3315/3634/3315
f 3312/3631/3312 3315/3634/3315 3184/3493/3184 3182/3491/3182
f 3315/3634/3315 3314/3633/3314 3316/3635/3316 3317/3637/3317
f 3315/3634/3315 3317/3637/3317 3186/3495/3186 3184/3493/3184
f 3317/3638/3317 3316/3636/3316 3318/3639/3318 3319/3640/3319
f 3317/3638/3317 3319/3640/3319 3188/3499/3188 3186/3496/3186
f 3319/3640/3319 3318/3639/3318 3320/3641/3320 3321/3642/3321
f 3319/3640/3319 3321/3642/3321 3190/3501/3190 3188/3499/3188
f 3321/3642/3321 3320/3641/3320 3322/3643/3322 3323/3644/3323
f 3321/3642/3321 3323/3644/3323 3192/3503/3192 3190/3501/3190
f 3323/3644/3323 3322/3643/3322 3324/3645/3324 3325/3646/3325
f 3323/3644/3323 3325/3646/3325 3194/3505/3194 3192/3503/3192
f 3325/3646/3325 3324/3645/3324 3326/3647/3326 3199/3510/3199
f 3325/3646/3325 3199/3510/3199 3196/3507/3196 3194/3505/3194
f 3326/3647/3326 3324/3645/3324 3327/3648/3327 3328/3649/3328
f 3326/3647/3326 3328/3649/3328 3329/3650/3329 3202/3513/3202
f 3326/3647/3326 3202/3513/3202 3200/3511/3200 3199/3510/3199
f 3329/3650/3329 3328/3649/3328 3330/3651/3330 3331/3652/3331
f 3329/3650/3329 3331/3652/3331 3332/3653/3332 3205/3516/3205
f 3329/3650/3329 3205/3516/3205 3203/3514/3203 3202/3513/3202
f 3332/3653/3332 3331/3652/3331 3333/3654/3333 3334/3655/3334
f 3332/3653/3332 3334/3655/3334 3335/3656/3335 3208/3519/3208
f 3332/3653/3332 3208/3519/3208 3206/3517/3206 3205/3516/3205
f 3335/3656/3335 3334/3655/3334 3336/3657/3336 3337/3658/3337
f 3335/3656/3335 3337/3658/3337 3338/3659/3338 3211/3522/3211
f 3335/3656/3335 3211/3522/3211 3209/3520/3209 3208/3519/3208
f 3338/3659/3338 3337/3658/3337 3339/3660/3339 3340/3661/3340
f 3338/3659/3338 3340/3661/3340 3216/3527/3216 3214/3525/3214
f 3338/3659/3338 3214/3525/3214 3212/3523/3212 3211/3522/3211
f 3340/3661/3340 3339/3660/3339 3341/3662/3341 3342/3663/3342
f 3340/3661/3340 3342/3663/3342 3218/3529/3218 3216/3527/3216
f 3342/3663/3342 3341/3662/3341 3343/3664/3343 3344/3665/3344
f 3342/3663/3342 3344/3665/3344 3345/3666/3345 3218/3529/3218
f 3345/3666/3345 3344/3665/3344 3346/3667/3346 3347/3668/3347
f 3345/3666/3345 3347/3668/3347 3348/3669/3348 3221/3532/3221
f 3345/3666/3345 3221/3532/3221 3219/3530/3219 3218/3529/3218
f 3348/3669/3348 3347/3668/3347 3349/3670/3349 3350/3671/3350
f 3348/3669/3348 3350/3671/3350 3351/3672/3351 3224/3535/3224
f 3348/3669/3348 3224/3535/3224 3222/3533/3222 3221/3532/3221
f 3351/3672/3351 3350/3671/3350 3352/3673/3352 3353/3674/3353
f 3351/3672/3351 3353/3674/3353 3354/3675/3354 3227/3538/3227
f 3351/3672/3351 3227/3538/3227 3225/3536/3225 3224/3535/3224
f 3354/3675/3354 3353/3674/3353 3355/3676/3355 3356/3677/3356
f 3354/3675/3354 3356/3677/3356 3357/3678/3357 3230/3541/3230
f 3354/3675/3354 3230/3541/3230 3228/3539/3228 3227/3538/3227
f 3357/3678/3357 3356/3677/3356 3358/3679/3358 3359/3681/3359
f 3357/3678/3357 3359/3681/3359 3360/3684/3360 3233/3544/3233
f 3357/3678/3357 3233/3544/3233 3231/3542/3231 3230/3541/3230
f 3360/3683/3360 3359/3682/3359 3361/3685/3361 3362/3686/3362
f 3360/3683/3360 3362/3686/3362 3363/3687/3363 3236/3548/3236
f 3360/3684/3360 3236/3547/3236 3234/3545/3234 3233/3544/3233
f 3363/3687/3363 3362/3686/3362 3364/3688/3364 3365/3689/3365
f 3363/3687/3363 3365/3689/3365 3366/3690/3366 3239/3553/3239
f 3363/3687/3363 3239/3553/3239 3237/3550/3237 3236/3548/3236
f 3366/3690/3366 3242/3556/3242 3240/3554/3240 3239/3553/3239
f 3364/3688/3364 3362/3686/3362 3361/3685/3361 3367/3691/3367
f 3367/3691/3367 3361/3685/3361 3368/3692/3368 3369/3693/3369
f 3369/3693/3369 3368/3692/3368 3370/3694/3370 3371/3695/3371
f 3371/3695/3371 3370/3694/3370 3372/3696/3372 3373/3697/3373
f 3373/3697/3373 3372/3696/3372 3374/3698/3374 3375/3699/3375
f 3375/3699/3375 3374/3698/3374 3376/3700/3376 3377/3701/3377
f 3377/3701/3377 3376/3700/3376 3378/3702/3378 3379/3703/3379
f 3379/3703/3379 3378/3702/3378 3380/3704/3380 3381/3705/3381
f 3381/3705/3381 3380/3704/3380 3382/3706/3382 3383/3707/3383
f 3383/3707/3383 3382/3706/3382 3384/3708/3384 3385/3709/3385
f 3385/3709/3385 3384/3708/3384 3386/3710/3386 3387/3711/3387
f 3387/3711/3387 3386/3710/3386 3388/3712/3388 3389/3713/3389
f 3389/3713/3389 3388/3712/3388 3390/3714/3390 3391/3715/3391
f 3391/3715/3391 3390/3714/3390 3392/3716/3392 3393/3717/3393
f 3393/3717/3393 3392/3716/3392 3394/3719/3394 3395/3721/3395
f 3395/3720/3395 3394/3718/3394 3396/3722/3396 3397/3723/3397
f 3397/3723/3397 3396/3722/3396 3398/3724/3398 3399/3725/3399
f 3399/3725/3399 3398/3724/3398 3400/3726/3400 3401/3727/3401
f 3401/3727/3401 3400/3726/3400 3402/3728/3402 3403/3729/3403
f 3403/3729/3403 3402/3728/3402 3404/3730/3404 3405/3731/3405
f 3405/3731/3405 3404/3730/3404 3406/3732/3406 3407/3733/3407
f 3407/3733/3407 3406/3732/3406 3408/3734/3408 3409/3735/3409
f 3409/3735/3409 3408/3734/3408 3410/3736/3410 3411/3737/3411
f 3411/3737/3411 3410/3736/3410 3279/3596/3279 3412/3738/3412
f 3412/3738/3412 3279/3596/3279 3277/3593/3277 3276/3592/3276
f 3410/3736/3410 3408/3734/3408 3413/3739/3413 3282/3600/3282
f 3410/3736/3410 3282/3600/3282 3280/3598/3280 3279/3596/3279
f 3413/3739/3413 3408/3734/3408 3406/3732/3406 3414/3742/3414
f 3413/3740/3413 3414/3741/3414 3415/3743/3415 3285/3604/3285
f 3413/3740/3413 3285/3604/3285 3283/3602/3283 3282/3601/3282
f 3415/3743/3415 3414/3741/3414 3416/3744/3416 3417/3746/3417
f 3415/3743/3415 3417/3746/3417 3418/3747/3418 3288/3607/3288
f 3415/3743/3415 3288/3607/3288 3286/3605/3286 3285/3604/3285
f 3418/3747/3418 3417/3746/3417 3419/3748/3419 3420/3749/3420
f 3418/3747/3418 3420/3749/3420 3421/3750/3421 3291/3610/3291
f 3418/3747/3418 3291/3610/3291 3289/3608/3289 3288/3607/3288
f 3421/3750/3421 3420/3749/3420 3422/3751/3422 3423/3752/3423
f 3421/3750/3421 3423/3752/3423 3424/3753/3424 3294/3613/3294
f 3421/3750/3421 3294/3613/3294 3292/3611/3292 3291/3610/3291
f 3424/3753/3424 3423/3752/3423 3425/3754/3425 3426/3755/3426
f 3424/3753/3424 3426/3755/3426 3427/3756/3427 3297/3616/3297
f 3424/3753/3424 3297/3616/3297 3295/3614/3295 3294/3613/3294
f 3427/3756/3427 3426/3755/3426 3428/3757/3428 3429/3758/3429
f 3427/3756/3427 3429/3758/3429 3430/3759/3430 3300/3619/3300
f 3427/3756/3427 3300/3619/3300 3298/3617/3298 3297/3616/3297
f 3430/3759/3430 3429/3758/3429 3431/3761/3431 3432/3762/3432
f 3430/3759/3430 3432/3762/3432 3433/3764/3433 3434/3766/3434
f 3430/3759/3430 3434/3766/3434 3301/3620/3301 3300/3619/3300
f 3434/3766/3434 3433/3764/3433 3435/3767/3435 3436/3769/3436
f 3434/3766/3434 3436/3769/3436 3302/3621/3302 3301/3620/3301
f 3436/3769/3436 3435/3767/3435 3437/3770/3437 3438/3772/3438
f 3436/3769/3436 3438/3772/3438 3304/3623/3304 3302/3621/3302
f 3438/3772/3438 3437/3770/3437 3439/3773/3439 3440/3775/3440
f 3438/3772/3438 3440/3775/3440 3306/3625/3306 3304/3623/3304
f 3440/3775/3440 3439/3773/3439 3441/3776/3441 3442/3778/3442
f 3440/3775/3440 3442/3778/3442 3308/3627/3308 3306/3625/3306
f 3442/3778/3442 3441/3776/3441 3316/3635/3316 3314/3633/3314
f 3442/3778/3442 3314/3633/3314 3310/3629/3310 3308/3627/3308
f 3441/3777/3441 3439/3774/3439 3443/3779/3443 3444/3780/3444
f 3441/3777/3441 3444/3780/3444 3318/3639/3318 3316/3636/3316
f 3444/3780/3444 3443/3779/3443 3445/3781/3445 3446/3782/3446
f 3444/3780/3444 3446/3782/3446 3320/3641/3320 3318/3639/3318
f 3446/3782/3446 3445/3781/3445 3447/3783/3447 3448/3784/3448
f 3446/3782/3446 3448/3784/3448 3322/3643/3322 3320/3641/3320
f 3448/3784/3448 3447/3783/3447 3449/3785/3449 3327/3648/3327
f 3448/3784/3448 3327/3648/3327 3324/3645/3324 3322/3643/3322
f 3449/3785/3449 3447/3783/3447 3450/3786/3450 3451/3787/3451
f 3449/3785/3449 3451/3787/3451 3452/3788/3452 3330/3651/3330
f 3449/3785/3449 3330/3651/3330 3328/3649/3328 3327/3648/3327
f 3452/3788/3452 3451/3787/3451 3453/3789/3453 3454/3790/3454
f 3452/3788/3452 3454/3790/3454 3455/3791/3455 3333/3654/3333
f 3452/3788/3452 3333/3654/3333 3331/3652/3331 3330/3651/3330
f 3455/3791/3455 3454/3790/3454 3456/3792/3456 3457/3793/3457
f 3455/3791/3455 3457/3793/3457 3458/3794/3458 3336/3657/3336
f 3455/3791/3455 3336/3657/3336 3334/3655/3334 3333/3654/3333
f 3458/3794/3458 3457/3793/3457 3459/3795/3459 3460/3796/3460
f 3458/3794/3458 3460/3796/3460 3341/3662/3341 3339/3660/3339
f 3458/3794/3458 3339/3660/3339 3337/3658/3337 3336/3657/3336
f 3460/3796/3460 3459/3795/3459 3461/3797/3461 3462/3798/3462
f 3460/3796/3460 3462/3798/3462 3343/3664/3343 3341/3662/3341
f 3462/3798/3462 3461/3797/3461 3463/3799/3463 3464/3800/3464
f 3462/3798/3462 3464/3800/3464 3465/3801/3465 3343/3664/3343
f 3465/3801/3465 3464/3800/3464 3466/3802/3466 3467/3803/3467
f 3465/3801/3465 3467/3803/3467 3468/3804/3468 3346/3667/3346
f 3465/3801/3465 3346/3667/3346 3344/3665/3344 3343/3664/3343
f 3468/3804/3468 3467/3803/3467 3469/3805/3469 3470/3806/3470
f 3468/3804/3468 3470/3806/3470 3471/3807/3471 3349/3670/3349
f 3468/3804/3468 3349/3670/3349 3347/3668/3347 3346/3667/3346
f 3471/3807/3471 3470/3806/3470 3472/3808/3472 3473/3809/3473
f 3471/3807/3471 3473/3809/3473 3474/3810/3474 3352/3673/3352
f 3471/3807/3471 3352/3673/3352 3350/3671/3350 3349/3670/3349
f 3474/3810/3474 3473/3809/3473 3475/3812/3475 3476/3813/3476
f 3474/3810/3474 3476/3813/3476 3477/3816/3477 3355/3676/3355
f 3474/3810/3474 3355/3676/3355 3353/3674/3353 3352/3673/3352
f 3477/3815/3477 3476/3814/3476 3372/3696/3372 3370/3694/3370
f 3477/3815/3477 3370/3694/3370 3368/3692/3368 3358/3680/3358
f 3477/3816/3477 3358/3679/3358 3356/3677/3356 3355/3676/3355
f 3476/3814/3476 3475/3811/3475 3374/3698/3374 3372/3696/3372
f 3475/3811/3475 3478/3817/3478 3376/3700/3376 3374/3698/3374
f 3475/3812/3475 3473/3809/3473 3472/3808/3472 3478/3818/3478
f 3478/3817/3478 3479/3820/3479 3378/3702/3378 3376/3700/3376
f 3478/3818/3478 3472/3808/3472 3480/3821/3480 3479/3819/3479
f 3480/3821/3480 3481/3822/3481 3482/3823/3482 3479/3819/3479
f 3480/3821/3480 3472/3808/3472 3470/3806/3470 3469/3805/3469
f 3480/3821/3480 3469/3805/3469 3483/3825/3483 3481/3822/3481
f 3483/3825/3483 3484/3826/3484 3485/3827/3485 3481/3822/3481
f 3483/3825/3483 3469/3805/3469 3467/3803/3467 3466/3802/3466
f 3483/3825/3483 3466/3802/3466 3486/3828/3486 3484/3826/3484
f 3486/3828/3486 3487/3829/3487 3488/3830/3488 3484/3826/3484
f 3486/3828/3486 3466/3802/3466 3464/3800/3464 3463/3799/3463
f 3486/3828/3486 3463/3799/3463 3489/3831/3489 3487/3829/3487
f 3489/3831/3489 3490/3832/3490 3491/3833/3491 3487/3829/3487
f 3489/3831/3489 3463/3799/3463 3461/3797/3461 3492/3834/3492
f 3489/3831/3489 3492/3834/3492 3493/3835/3493 3490/3832/3490
f 3493/3835/3493 3494/3836/3494 3495/3837/3495 3490/3832/3490
f 3493/3835/3493 3492/3834/3492 3496/3838/3496 3497/3839/3497
f 3493/3835/3493 3497/3839/3497 3498/3840/3498 3494/3836/3494
f 3498/3840/3498 3499/3841/3499 3500/3842/3500 3494/3836/3494
f 3498/3840/3498 3497/3839/3497 3501/3843/3501 3502/3844/3502
f 3498/3840/3498 3502/3844/3502 3503/3845/3503 3499/3841/3499
f 3503/3845/3503 3504/3846/3504 3505/3847/3505 3499/3841/3499
f 3503/3845/3503 3502/3844/3502 3506/3848/3506 3507/3849/3507
f 3503/3845/3503 3507/3849/3507 3508/3850/3508 3504/3846/3504
f 3508/3850/3508 3435/3768/3435 3433/3765/3433 3504/3846/3504
f 3508/3850/3508 3507/3849/3507 3509/3851/3509 3510/3852/3510
f 3508/3850/3508 3510/3852/3510 3437/3771/3437 3435/3768/3435
f 3510/3852/3510 3509/3851/3509 3445/3781/3445 3443/3779/3443
f 3510/3852/3510 3443/3779/3443 3439/3774/3439 3437/3771/3437
f 3509/3851/3509 3507/3849/3507 3506/3848/3506 3450/3786/3450
f 3509/3851/3509 3450/3786/3450 3447/3783/3447 3445/3781/3445
f 3506/3848/3506 3502/3844/3502 3501/3843/3501 3453/3789/3453
f 3506/3848/3506 3453/3789/3453 3451/3787/3451 3450/3786/3450
f 3505/3847/3505 3432/3763/3432 3431/3760/3431 3511/3853/3511
f 3505/3847/3505 3511/3853/3511 3500/3842/3500 3499/3841/3499
f 3505/3847/3505 3504/3846/3504 3433/3765/3433 3432/3763/3432
f 3511/3853/3511 3431/3760/3431 3512/3854/3512 3513/3856/3513
f 3511/3853/3511 3513/3856/3513 3514/3857/3514 3500/3842/3500
f 3514/3857/3514 3513/3856/3513 3515/3858/3515 3516/3859/3516
f 3514/3857/3514 3516/3859/3516 3517/3860/3517 3495/3837/3495
f 3514/3857/3514 3495/3837/3495 3494/3836/3494 3500/3842/3500
f 3517/3860/3517 3516/3859/3516 3518/3861/3518 3519/3862/3519
f 3517/3860/3517 3519/3862/3519 3520/3863/3520 3491/3833/3491
f 3517/3860/3517 3491/3833/3491 3490/3832/3490 3495/3837/3495
f 3520/3863/3520 3519/3862/3519 3521/3864/3521 3522/3865/3522
f 3520/3863/3520 3522/3865/3522 3523/3866/3523 3488/3830/3488
f 3520/3863/3520 3488/3830/3488 3487/3829/3487 3491/3833/3491
f 3523/3866/3523 3522/3865/3522 3524/3868/3524 3525/3869/3525
f 3523/3866/3523 3525/3869/3525 3526/3872/3526 3485/3827/3485
f 3523/3866/3523 3485/3827/3485 3484/3826/3484 3488/3830/3488
f 3526/3871/3526 3525/3870/3525 3384/3708/3384 3382/3706/3382
f 3526/3871/3526 3382/3706/3382 3380/3704/3380 3482/3824/3482
f 3526/3872/3526 3482/3823/3482 3481/3822/3481 3485/3827/3485
f 3525/3870/3525 3524/3867/3524 3386/3710/3386 3384/3708/3384
f 3524/3867/3524 3527/3873/3527 3388/3712/3388 3386/3710/3386
f 3524/3868/3524 3522/3865/3522 3521/3864/3521 3527/3874/3527
f 3527/3873/3527 3528/3876/3528 3390/3714/3390 3388/3712/3388
f 3527/3874/3527 3521/3864/3521 3529/3877/3529 3528/3875/3528
f 3529/3877/3529 3530/3878/3530 3531/3879/3531 3528/3875/3528
f 3529/3877/3529 3521/3864/3521 3519/3862/3519 3518/3861/3518
f 3529/3877/3529 3518/3861/3518 3532/3881/3532 3530/3878/3530
f 3532/3881/3532 3533/3882/3533 3534/3885/3534 3530/3878/3530
f 3532/3881/3532 3518/3861/3518 3516/3859/3516 3515/3858/3515
f 3532/3881/3532 3515/3858/3515 3535/3886/3535 3533/3882/3533
f 3535/3887/3535 3536/3888/3536 3537/3889/3537 3533/3883/3533
f 3535/3886/3535 3515/3858/3515 3513/3856/3513 3512/3854/3512
f 3535/3887/3535 3512/3855/3512 3428/3757/3428 3536/3888/3536
f 3537/3889/3537 3538/3890/3538 3539/3891/3539 3540/3892/3540
f 3537/3889/3537 3540/3892/3540 3534/3884/3534 3533/3883/3533
f 3537/3889/3537 3536/3888/3536 3425/3754/3425 3538/3890/3538
f 3540/3892/3540 3539/3891/3539 3541/3894/3541 3542/3895/3542
f 3540/3892/3540 3542/3895/3542 3543/3897/3543 3534/3884/3534
f 3543/3898/3543 3542/3896/3542 3396/3722/3396 3394/3718/3394
f 3543/3899/3543 3394/3719/3394 3392/3716/3392 3531/3880/3531
f 3543/3900/3543 3531/3879/3531 3530/3878/3530 3534/3885/3534
f 3542/3896/3542 3541/3893/3541 3398/3724/3398 3396/3722/3396
f 3541/3893/3541 3544/3902/3544 3400/3726/3400 3398/3724/3398
f 3541/3894/3541 3539/3891/3539 3545/3903/3545 3544/3901/3544
f 3545/3903/3545 3419/3748/3419 3546/3905/3546 3544/3901/3544
f 3545/3903/3545 3539/3891/3539 3538/3890/3538 3422/3751/3422
f 3545/3903/3545 3422/3751/3422 3420/3749/3420 3419/3748/3419
f 3546/3904/3546 3416/3745/3416 3404/3730/3404 3402/3728/3402
f 3546/3904/3546 3402/3728/3402 3400/3726/3400 3544/3902/3544
f 3546/3905/3546 3419/3748/3419 3417/3746/3417 3416/3744/3416
f 3538/3890/3538 3425/3754/3425 3423/3752/3423 3422/3751/3422
f 3536/3888/3536 3428/3757/3428 3426/3755/3426 3425/3754/3425
f 3531/3880/3531 3392/3716/3392 3390/3714/3390 3528/3876/3528
f 3512/3855/3512 3431/3761/3431 3429/3758/3429 3428/3757/3428
f 3501/3843/3501 3497/3839/3497 3496/3838/3496 3456/3792/3456
f 3501/3843/3501 3456/3792/3456 3454/3790/3454 3453/3789/3453
f 3496/3838/3496 3492/3834/3492 3461/3797/3461 3459/3795/3459
f 3496/3838/3496 3459/3795/3459 3457/3793/3457 3456/3792/3456
f 3482/3824/3482 3380/3704/3380 3378/3702/3378 3479/3820/3479
f 3416/3745/3416 3414/3742/3414 3406/3732/3406 3404/3730/3404
f 3368/3692/3368 3361/3685/3361 3359/3682/3359 3358/3680/3358
f 2620/2894/2620 1345/1512/1345 1343/1510/1343 1342/1509/1342
f 2615/2889/2615 1354/1521/1354 1352/1519/1352 1351/1518/1351
f 2539/2810/2539 2538/2809/2538 1427/1599/1427 1425/1597/1425
f 2538/2809/2538 2534/2805/2534 2533/2804/2533 3547/3906/3547
f 2538/2809/2538 3547/3906/3547 1429/1601/1429 1427/1599/1427
f 3547/3906/3547 2533/2804/2533 3548/3907/3548 3549/3908/3549
f 3547/3906/3547 3549/3908/3549 1431/1603/1431 1429/1601/1429
f 3549/3908/3549 3548/3907/3548 22/24/16 3550/3909/3550
f 3549/3908/3549 3550/3909/3550 1433/1605/1433 1431/1603/1431
f 3550/3909/3550 22/24/16 21/23/15 3551/3910/3551
f 3550/3909/3550 3551/3910/3551 1435/1607/1435 1433/1605/1433
f 3551/3910/3551 21/23/15 20/22/14 48/53/45
f 3551/3910/3551 48/53/45 1437/1609/1437 1435/1607/1435
f 3548/3907/3548 2533/2804/2533 2529/2800/2529 2528/2799/2528
f 3548/3907/3548 2528/2799/2528 23/25/17 22/24/16
f 2528/2799/2528 2524/2795/2524 24/26/18 23/25/17
f 2508/2779/2508 43/48/39 42/47/38 2505/2776/2505
f 1605/1784/1605 55/60/53 54/59/52 1600/1779/1600
f 1441/1613/1441 1439/1611/1439 47/52/44 46/51/43
f 1439/1611/1439 1437/1609/1437 48/53/45 47/52/44
f 1367/1537/1367 1360/1528/1360 1358/1525/1358 1357/1524/1357
f 1274/1437/1274 1272/1435/1272 49/54/47 53/58/51
f 1272/1435/1272 1271/1434/1271 50/55/48 49/54/47
f 1047/1198/1047 1040/1191/1040 1038/1189/1038 1037/1188/1037
f 727/854/727 720/847/720 718/845/718 717/844/717
f 680/804/680 85/94/85 35/37/30 33/35/28
f 423/453/423 161/173/161 157/169/157 156/168/156
f 421/450/421 166/182/166 162/176/162 161/174/161
f 415/444/415 171/188/171 167/183/167 166/182/166
f 95/107/95 63/68/63 62/67/62 90/101/90
f 538/633/538 14/15/7 1/1/1 11/12/4
f 538/634/538 537/632/537 536/631/536 14/16/7
f 2313/2550/2313 2312/2549/2312 3572/3953/3552 3573/3955/3553
f 2358/2597/2358 2360/2599/2360 3597/4004/3554 3596/4002/3555
f 2356/2595/2356 2358/2597/2358 3596/4002/3555 3595/4000/3556
f 2324/2561/2324 2326/2563/2326 3580/3969/3557 3579/3967/3558
f 2344/2583/2344 2346/2585/2346 3590/3990/3559 3589/3988/3560
f 2189/2412/2189 2187/2410/2187 3558/3923/3561 3559/3925/3562
f 2195/2418/2195 2193/2416/2193 3561/3929/3563 3562/3931/3564
f 2338/2577/2338 2340/2579/2340 3587/3984/3565 3586/3982/3566
f 2185/2408/2185 2183/2406/2183 3556/3919/3567 3557/3921/3568
f 2326/2563/2326 2328/2566/2328 3581/3971/3569 3580/3969/3557
f 2191/2414/2191 2189/2412/2189 3559/3925/3562 3560/3927/3570
f 2178/2401/2178 2177/2400/2177 3552/3911/3571 3553/3913/3572
f 2203/2428/2203 2201/2424/2201 3565/3937/3573 3566/3941/3574
f 2346/2585/2346 2348/2587/2348 3591/3992/3575 3590/3990/3559
f 2177/2400/2177 2313/2550/2313 3573/3955/3553 3552/3911/3571
f 2352/2591/2352 2354/2593/2354 3594/3998/3576 3593/3996/3577
f 2311/2548/2311 2314/2551/2314 3574/3957/3578 3571/3951/3579
f 2320/2557/2320 2322/2559/2322 3578/3965/3580 3577/3963/3581
f 2179/2402/2179 2178/2401/2178 3553/3913/3572 3554/3915/3582
f 2187/2410/2187 2185/2408/2185 3557/3921/3568 3558/3923/3561
f 2332/2571/2332 2334/2573/2334 3584/3978/3583 3583/3976/3584
f 2193/2416/2193 2191/2414/2191 3560/3927/3570 3561/3929/3563
f 2334/2573/2334 2336/2575/2336 3585/3980/3585 3584/3978/3583
f 2197/2420/2197 2195/2418/2195 3562/3931/3564 3563/3933/3586
f 2314/2551/2314 2316/2553/2316 3575/3959/3587 3574/3957/3578
f 2211/2436/2211 2209/2434/2209 3569/3947/3588 3570/3949/3589
f 2340/2579/2340 2342/2581/2342 3588/3986/3590 3587/3984/3565
f 2199/2422/2199 2197/2420/2197 3563/3933/3586 3564/3935/3591
f 2328/2567/2328 2330/2569/2330 3582/3974/3592 3581/3972/3569
f 2354/2593/2354 2356/2595/2356 3595/4000/3556 3594/3998/3576
f 2322/2559/2322 2324/2561/2324 3579/3967/3558 3578/3965/3580
f 2342/2581/2342 2344/2583/2344 3589/3988/3560 3588/3986/3590
f 2361/2600/2361 2211/2436/2211 3570/3949/3589 3598/4006/3593
f 2205/2430/2205 2203/2428/2203 3566/3941/3574 3567/3943/3594
f 2336/2575/2336 2338/2577/2338 3586/3982/3566 3585/3980/3585
f 2201/2425/2201 2199/2422/2199 3564/3935/3591 3565/3938/3573
f 2312/2549/2312 2311/2548/2311 3571/3951/3579 3572/3953/3552
f 2183/2406/2183 2181/2404/2181 3555/3917/3595 3556/3919/3567
f 2348/2587/2348 2350/2589/2350 3592/3994/3596 3591/3992/3575
f 2207/2432/2207 2205/2430/2205 3567/3943/3594 3568/3945/3597
f 2316/2553/2316 2318/2555/2318 3576/3961/3598 3575/3959/3587
f 2181/2404/2181 2179/2402/2179 3554/3915/3582 3555/3917/3595
f 2350/2589/2350 2352/2591/2352 3593/3996/3577 3592/3994/3596
f 2330/2569/2330 2332/2571/2332 3583/3976/3584 3582/3974/3592
f 2318/2555/2318 2320/2557/2320 3577/3963/3581 3576/3961/3598
f 2360/2599/2360 2361/2600/2361 3598/4006/3593 3597/4004/3554
f 2209/2434/2209 2207/2432/2207 3568/3945/3597 3569/3947/3588
f 3646/4056/3599 3651/4061/3600 3624/4034/3601 3623/4033/3602
f 3652/4062/3603 3657/4067/3604 3609/4018/3605 3610/4019/3606
f 3658/4068/3607 3663/4073/3608 3629/4039/3609 3628/4038/3610
f 3664/4074/3611 3669/4079/3612 3616/4026/3613 3617/4027/3614
f 3670/4080/3615 3658/4068/3607 3628/4038/3610 3627/4037/3616
f 3673/4083/3617 3678/4088/3618 3613/4023/3619 3614/4024/3620
f 3679/4089/3621 3684/4094/3622 3633/4043/3623 3632/4042/3624
f 3685/4095/3625 3690/4100/3626 3620/4030/3627 3599/4008/3628
f 3691/4101/3629 3679/4089/3621 3632/4042/3624 3631/4041/3630
f 3694/4104/3631 3664/4074/3611 3617/4027/3614 3645/4055/3632
f 3697/4107/3633 3702/4112/3634 3637/4047/3635 3636/4046/3636
f 3703/4113/3637 3685/4095/3625 3599/4008/3628 3600/4009/3638
f 3706/4116/3639 3697/4107/3633 3636/4046/3636 3635/4045/3640
f 3709/4119/3641 3646/4056/3599 3623/4033/3602 3622/4032/3642
f 3712/4122/3643 3717/4127/3644 3641/4051/3645 3640/4050/3646
f 3718/4128/3647 3723/4133/3648 3604/4013/3649 3605/4014/3650
f 3724/4134/3651 3712/4122/3643 3640/4050/3646 3639/4049/3652
f 3727/4137/3653 3670/4080/3615 3627/4037/3616 3626/4036/3654
f 3690/4100/3626 3732/4142/3655 3619/4029/3656 3620/4030/3627
f 3733/4143/3657 3709/4119/3641 3622/4032/3642 3621/4031/3658
f 3736/4146/3659 3741/4151/3660 3644/4054/3661 3643/4053/3662
f 3742/4152/3663 3691/4101/3629 3631/4041/3630 3630/4040/3664
f 3745/4155/3665 3727/4137/3653 3626/4036/3654 3625/4035/3666
f 3732/4142/3655 3750/4160/3667 3618/4028/3668 3619/4029/3656
f 3751/4161/3669 3706/4116/3639 3635/4045/3640 3634/4044/3670
f 3663/4073/3608 3742/4152/3663 3630/4040/3664 3629/4039/3609
f 3750/4160/3667 3733/4143/3657 3621/4031/3658 3618/4028/3668
f 3754/4164/3671 3724/4134/3651 3639/4049/3652 3638/4048/3672
f 3684/4094/3622 3751/4161/3669 3634/4044/3670 3633/4043/3623
f 3723/4133/3648 3759/4169/3673 3603/4012/3674 3604/4013/3649
f 3760/4170/3675 3736/4146/3659 3643/4053/3662 3642/4052/3676
f 3702/4112/3634 3754/4164/3671 3638/4048/3672 3637/4047/3635
f 3763/4173/3677 3768/4178/3678 3607/4016/3679 3608/4017/3680
f 3759/4169/3673 3771/4181/3681 3602/4011/3682 3603/4012/3674
f 3717/4127/3644 3760/4170/3675 3642/4052/3676 3641/4051/3645
f 3772/4183/3683 3777/4190/3684 3611/4020/3685 3612/4021/3686
f 3768/4178/3678 3780/4193/3687 3606/4015/3688 3607/4016/3679
f 3781/4194/3689 3703/4113/3637 3600/4009/3638 3601/4010/3690
f 3669/4079/3612 3786/4199/3691 3615/4025/3692 3616/4026/3613
f 3777/4190/3684 3652/4062/3603 3610/4019/3606 3611/4020/3685
f 3771/4181/3681 3781/4194/3689 3601/4010/3690 3602/4011/3682
f 3741/4151/3660 3694/4104/3631 3645/4055/3632 3644/4054/3661
f 3657/4067/3604 3763/4173/3677 3608/4017/3680 3609/4018/3605
f 3786/4199/3691 3673/4083/3617 3614/4024/3620 3615/4025/3692
f 3780/4193/3687 3718/4128/3647 3605/4014/3650 3606/4015/3688
f 3651/4061/3600 3745/4155/3665 3625/4035/3666 3624/4034/3601
f 3678/4088/3618 3772/4182/3683 3612/4022/3686 3613/4023/3619
f 3566/3942/3574 3565/3939/3573 3774/4186/3693 3676/4086/3694
f 3676/4086/3694 3774/4186/3693 3773/4184/3695 3677/4087/3696
f 3677/4087/3696 3773/4184/3695 3772/4182/3683 3678/4088/3618
f 3577/3964/3581 3578/3966/3580 3747/4157/3697 3649/4059/3698
f 3649/4059/3698 3747/4157/3697 3746/4156/3699 3650/4060/3700
f 3650/4060/3700 3746/4156/3699 3745/4155/3665 3651/4061/3600
f 3559/3926/3562 3558/3924/3561 3720/4130/3701 3778/4191/3702
f 3778/4191/3702 3720/4130/3701 3719/4129/3703 3779/4192/3704
f 3779/4192/3704 3719/4129/3703 3718/4128/3647 3780/4193/3687
f 3568/3946/3597 3567/3944/3594 3675/4085/3705 3784/4197/3706
f 3784/4197/3706 3675/4085/3705 3674/4084/3707 3785/4198/3708
f 3785/4198/3708 3674/4084/3707 3673/4083/3617 3786/4199/3691
f 3562/3932/3564 3561/3930/3563 3765/4175/3709 3655/4065/3710
f 3655/4065/3710 3765/4175/3709 3764/4174/3711 3656/4066/3712
f 3656/4066/3712 3764/4174/3711 3763/4173/3677 3657/4067/3604
f 3597/4005/3554 3598/4007/3593 3696/4106/3713 3739/4149/3714
f 3739/4149/3714 3696/4106/3713 3695/4105/3715 3740/4150/3716
f 3740/4150/3716 3695/4105/3715 3694/4104/3631 3741/4151/3660
f 3555/3918/3595 3554/3916/3582 3783/4196/3717 3769/4179/3718
f 3769/4179/3718 3783/4196/3717 3782/4195/3719 3770/4180/3720
f 3770/4180/3720 3782/4195/3719 3781/4194/3689 3771/4181/3681
f 3564/3936/3591 3563/3934/3586 3654/4064/3721 3775/4188/3722
f 3775/4188/3722 3654/4064/3721 3653/4063/3723 3776/4189/3724
f 3776/4189/3724 3653/4063/3723 3652/4062/3603 3777/4190/3684
f 3569/3948/3588 3568/3946/3597 3784/4197/3706 3667/4077/3725
f 3667/4077/3725 3784/4197/3706 3785/4198/3708 3668/4078/3726
f 3668/4078/3726 3785/4198/3708 3786/4199/3691 3669/4079/3612
f 3554/3916/3582 3553/3914/3572 3705/4115/3727 3783/4196/3717
f 3783/4196/3717 3705/4115/3727 3704/4114/3728 3782/4195/3719
f 3782/4195/3719 3704/4114/3728 3703/4113/3637 3781/4194/3689
f 3560/3928/3570 3559/3926/3562 3778/4191/3702 3766/4176/3729
f 3766/4176/3729 3778/4191/3702 3779/4192/3704 3767/4177/3730
f 3767/4177/3730 3779/4192/3704 3780/4193/3687 3768/4178/3678
f 3565/3940/3573 3564/3936/3591 3775/4188/3722 3774/4187/3693
f 3774/4187/3693 3775/4188/3722 3776/4189/3724 3773/4185/3695
f 3773/4185/3695 3776/4189/3724 3777/4190/3684 3772/4183/3683
f 3594/3999/3576 3595/4001/3556 3762/4172/3731 3715/4125/3732
f 3715/4125/3732 3762/4172/3731 3761/4171/3733 3716/4126/3734
f 3716/4126/3734 3761/4171/3733 3760/4170/3675 3717/4127/3644
f 3556/3920/3567 3555/3918/3595 3769/4179/3718 3757/4167/3735
f 3757/4167/3735 3769/4179/3718 3770/4180/3720 3758/4168/3736
f 3758/4168/3736 3770/4180/3720 3771/4181/3681 3759/4169/3673
f 3561/3930/3563 3560/3928/3570 3766/4176/3729 3765/4175/3709
f 3765/4175/3709 3766/4176/3729 3767/4177/3730 3764/4174/3711
f 3764/4174/3711 3767/4177/3730 3768/4178/3678 3763/4173/3677
f 3590/3991/3559 3591/3993/3575 3756/4166/3737 3700/4110/3738
f 3700/4110/3738 3756/4166/3737 3755/4165/3739 3701/4111/3740
f 3701/4111/3740 3755/4165/3739 3754/4164/3671 3702/4112/3634
f 3595/4001/3556 3596/4003/3555 3738/4148/3741 3762/4172/3731
f 3762/4172/3731 3738/4148/3741 3737/4147/3742 3761/4171/3733
f 3761/4171/3733 3737/4147/3742 3736/4146/3659 3760/4170/3675
f 3557/3922/3568 3556/3920/3567 3757/4167/3735 3721/4131/3743
f 3721/4131/3743 3757/4167/3735 3758/4168/3736 3722/4132/3744
f 3722/4132/3744 3758/4168/3736 3759/4169/3673 3723/4133/3648
f 3586/3983/3566 3587/3985/3565 3753/4163/3745 3682/4092/3746
f 3682/4092/3746 3753/4163/3745 3752/4162/3747 3683/4093/3748
f 3683/4093/3748 3752/4162/3747 3751/4161/3669 3684/4094/3622
f 3591/3993/3575 3592/3995/3596 3726/4136/3749 3756/4166/3737
f 3756/4166/3737 3726/4136/3749 3725/4135/3750 3755/4165/3739
f 3755/4165/3739 3725/4135/3750 3724/4134/3651 3754/4164/3671
f 3571/3952/3579 3574/3958/3578 3735/4145/3751 3748/4158/3752
f 3748/4158/3752 3735/4145/3751 3734/4144/3753 3749/4159/3754
f 3749/4159/3754 3734/4144/3753 3733/4143/3657 3750/4160/3667
f 3582/3975/3592 3583/3977/3584 3744/4154/3755 3661/4071/3756
f 3661/4071/3756 3744/4154/3755 3743/4153/3757 3662/4072/3758
f 3662/4072/3758 3743/4153/3757 3742/4152/3663 3663/4073/3608
f 3587/3985/3565 3588/3987/3590 3708/4118/3759 3753/4163/3745
f 3753/4163/3745 3708/4118/3759 3707/4117/3760 3752/4162/3747
f 3752/4162/3747 3707/4117/3760 3706/4116/3639 3751/4161/3669
f 3572/3954/3552 3571/3952/3579 3748/4158/3752 3730/4140/3761
f 3730/4140/3761 3748/4158/3752 3749/4159/3754 3731/4141/3762
f 3731/4141/3762 3749/4159/3754 3750/4160/3667 3732/4142/3655
f 3578/3966/3580 3579/3968/3558 3729/4139/3763 3747/4157/3697
f 3747/4157/3697 3729/4139/3763 3728/4138/3764 3746/4156/3699
f 3746/4156/3699 3728/4138/3764 3727/4137/3653 3745/4155/3665
f 3583/3977/3584 3584/3979/3583 3693/4103/3765 3744/4154/3755
f 3744/4154/3755 3693/4103/3765 3692/4102/3766 3743/4153/3757
f 3743/4153/3757 3692/4102/3766 3691/4101/3629 3742/4152/3663
f 3596/4003/3555 3597/4005/3554 3739/4149/3714 3738/4148/3741
f 3738/4148/3741 3739/4149/3714 3740/4150/3716 3737/4147/3742
f 3737/4147/3742 3740/4150/3716 3741/4151/3660 3736/4146/3659
f 3574/3958/3578 3575/3960/3587 3711/4121/3767 3735/4145/3751
f 3735/4145/3751 3711/4121/3767 3710/4120/3768 3734/4144/3753
f 3734/4144/3753 3710/4120/3768 3709/4119/3641 3733/4143/3657
f 3573/3956/3553 3572/3954/3552 3730/4140/3761 3688/4098/3769
f 3688/4098/3769 3730/4140/3761 3731/4141/3762 3689/4099/3770
f 3689/4099/3770 3731/4141/3762 3732/4142/3655 3690/4100/3626
f 3579/3968/3558 3580/3970/3557 3672/4082/3771 3729/4139/3763
f 3729/4139/3763 3672/4082/3771 3671/4081/3772 3728/4138/3764
f 3728/4138/3764 3671/4081/3772 3670/4080/3615 3727/4137/3653
f 3592/3995/3596 3593/3997/3577 3714/4124/3773 3726/4136/3749
f 3726/4136/3749 3714/4124/3773 3713/4123/3774 3725/4135/3750
f 3725/4135/3750 3713/4123/3774 3712/4122/3643 3724/4134/3651
f 3558/3924/3561 3557/3922/3568 3721/4131/3743 3720/4130/3701
f 3720/4130/3701 3721/4131/3743 3722/4132/3744 3719/4129/3703
f 3719/4129/3703 3722/4132/3744 3723/4133/3648 3718/4128/3647
f 3593/3997/3577 3594/3999/3576 3715/4125/3732 3714/4124/3773
f 3714/4124/3773 3715/4125/3732 3716/4126/3734 3713/4123/3774
f 3713/4123/3774 3716/4126/3734 3717/4127/3644 3712/4122/3643
f 3575/3960/3587 3576/3962/3598 3648/4058/3775 3711/4121/3767
f 3711/4121/3767 3648/4058/3775 3647/4057/3776 3710/4120/3768
f 3710/4120/3768 3647/4057/3776 3646/4056/3599 3709/4119/3641
f 3588/3987/3590 3589/3989/3560 3699/4109/3777 3708/4118/3759
f 3708/4118/3759 3699/4109/3777 3698/4108/3778 3707/4117/3760
f 3707/4117/3760 3698/4108/3778 3697/4107/3633 3706/4116/3639
f 3553/3914/3572 3552/3912/3571 3687/4097/3779 3705/4115/3727
f 3705/4115/3727 3687/4097/3779 3686/4096/3780 3704/4114/3728
f 3704/4114/3728 3686/4096/3780 3685/4095/3625 3703/4113/3637
f 3589/3989/3560 3590/3991/3559 3700/4110/3738 3699/4109/3777
f 3699/4109/3777 3700/4110/3738 3701/4111/3740 3698/4108/3778
f 3698/4108/3778 3701/4111/3740 3702/4112/3634 3697/4107/3633
f 3598/4007/3593 3570/3950/3589 3666/4076/3781 3696/4106/3713
f 3696/4106/3713 3666/4076/3781 3665/4075/3782 3695/4105/3715
f 3695/4105/3715 3665/4075/3782 3664/4074/3611 3694/4104/3631
f 3584/3979/3583 3585/3981/3585 3681/4091/3783 3693/4103/3765
f 3693/4103/3765 3681/4091/3783 3680/4090/3784 3692/4102/3766
f 3692/4102/3766 3680/4090/3784 3679/4089/3621 3691/4101/3629
f 3552/3912/3571 3573/3956/3553 3688/4098/3769 3687/4097/3779
f 3687/4097/3779 3688/4098/3769 3689/4099/3770 3686/4096/3780
f 3686/4096/3780 3689/4099/3770 3690/4100/3626 3685/4095/3625
f 3585/3981/3585 3586/3983/3566 3682/4092/3746 3681/4091/3783
f 3681/4091/3783 3682/4092/3746 3683/4093/3748 3680/4090/3784
f 3680/4090/3784 3683/4093/3748 3684/4094/3622 3679/4089/3621
f 3567/3944/3594 3566/3942/3574 3676/4086/3694 3675/4085/3705
f 3675/4085/3705 3676/4086/3694 3677/4087/3696 3674/4084/3707
f 3674/4084/3707 3677/4087/3696 3678/4088/3618 3673/4083/3617
f 3580/3970/3557 3581/3973/3569 3660/4070/3785 3672/4082/3771
f 3672/4082/3771 3660/4070/3785 3659/4069/3786 3671/4081/3772
f 3671/4081/3772 3659/4069/3786 3658/4068/3607 3670/4080/3615
f 3570/3950/3589 3569/3948/3588 3667/4077/3725 3666/4076/3781
f 3666/4076/3781 3667/4077/3725 3668/4078/3726 3665/4075/3782
f 3665/4075/3782 3668/4078/3726 3669/4079/3612 3664/4074/3611
f 3581/3973/3569 3582/3975/3592 3661/4071/3756 3660/4070/3785
f 3660/4070/3785 3661/4071/3756 3662/4072/3758 3659/4069/3786
f 3659/4069/3786 3662/4072/3758 3663/4073/3608 3658/4068/3607
f 3563/3934/3586 3562/3932/3564 3655/4065/3710 3654/4064/3721
f 3654/4064/3721 3655/4065/3710 3656/4066/3712 3653/4063/3723
f 3653/4063/3723 3656/4066/3712 3657/4067/3604 3652/4062/3603
f 3576/3962/3598 3577/3964/3581 3649/4059/3698 3648/4058/3775
f 3648/4058/3775 3649/4059/3698 3650/4060/3700 3647/4057/3776
f 3647/4057/3776 3650/4060/3700 3651/4061/3600 3646/4056/3599
f 3258/3574/3258 3256/3572/3256 3795/4218/3787 3796/4220/3788
f 3412/3738/3412 3276/3592/3276 3805/4238/3789 3832/4293/3790
f 3387/3711/3387 3389/3713/3389 3820/4268/3791 3819/4266/3792
f 3252/3568/3252 3250/3566/3250 3792/4211/3793 3793/4214/3794
f 3403/3729/3403 3405/3731/3405 3828/4285/3795 3827/4283/3796
f 3365/3689/3365 3364/3688/3364 3806/4240/3797 3807/4242/3798
f 3411/3737/3411 3412/3738/3412 3832/4293/3790 3831/4291/3799
f 3243/3557/3243 3242/3556/3242 3787/4200/3800 3788/4202/3801
f 3260/3576/3260 3258/3574/3258 3796/4220/3788 3797/4222/3802
f 3405/3731/3405 3407/3733/3407 3829/4287/3803 3828/4285/3795
f 3266/3582/3266 3264/3580/3264 3799/4226/3804 3800/4228/3805
f 3389/3713/3389 3391/3715/3391 3821/4270/3806 3820/4268/3791
f 3248/3562/3248 3246/3560/3246 3790/4206/3807 3791/4208/3808
f 3246/3560/3246 3244/3558/3244 3789/4204/3809 3790/4206/3807
f 3264/3580/3264 3262/3578/3262 3798/4224/3810 3799/4226/3804
f 3367/3691/3367 3369/3693/3369 3810/4248/3811 3809/4246/3812
f 3383/3707/3383 3385/3709/3385 3818/4264/3813 3817/4262/3814
f 3399/3725/3399 3401/3727/3401 3826/4281/3815 3825/4279/3816
f 3379/3703/3379 3381/3705/3381 3816/4260/3817 3815/4258/3818
f 3276/3592/3276 3274/3590/3274 3804/4236/3819 3805/4238/3789
f 3272/3588/3272 3270/3586/3270 3802/4232/3820 3803/4234/3821
f 3274/3590/3274 3272/3588/3272 3803/4234/3821 3804/4236/3819
f 3256/3572/3256 3254/3570/3254 3794/4216/3822 3795/4218/3787
f 3366/3690/3366 3365/3689/3365 3807/4242/3798 3808/4244/3823
f 3244/3558/3244 3243/3557/3243 3788/4202/3801 3789/4204/3809
f 3401/3727/3401 3403/3729/3403 3827/4283/3796 3826/4281/3815
f 3407/3733/3407 3409/3735/3409 3830/4289/3824 3829/4287/3803
f 3391/3715/3391 3393/3717/3393 3822/4272/3825 3821/4270/3806
f 3373/3697/3373 3375/3699/3375 3813/4254/3826 3812/4252/3827
f 3371/3695/3371 3373/3697/3373 3812/4252/3827 3811/4250/3828
f 3377/3701/3377 3379/3703/3379 3815/4258/3818 3814/4256/3829
f 3375/3699/3375 3377/3701/3377 3814/4256/3829 3813/4254/3826
f 3254/3570/3254 3252/3568/3252 3793/4214/3794 3794/4216/3822
f 3395/3720/3395 3397/3723/3397 3824/4277/3830 3823/4274/3831
f 3270/3586/3270 3268/3584/3268 3801/4230/3832 3802/4232/3820
f 3250/3566/3250 3248/3563/3248 3791/4209/3808 3792/4211/3793
f 3393/3717/3393 3395/3721/3395 3823/4275/3831 3822/4272/3825
f 3364/3688/3364 3367/3691/3367 3809/4246/3812 3806/4240/3797
f 3409/3735/3409 3411/3737/3411 3831/4291/3799 3830/4289/3824
f 3268/3584/3268 3266/3582/3266 3800/4228/3805 3801/4230/3832
f 3385/3709/3385 3387/3711/3387 3819/4266/3792 3818/4264/3813
f 3242/3556/3242 3366/3690/3366 3808/4244/3823 3787/4200/3800
f 3381/3705/3381 3383/3707/3383 3817/4262/3814 3816/4260/3817
f 3397/3723/3397 3399/3725/3399 3825/4279/3816 3824/4277/3830
f 3369/3693/3369 3371/3695/3371 3811/4250/3828 3810/4248/3811
f 3262/3578/3262 3260/3576/3260 3797/4222/3802 3798/4224/3810
f 3879/4342/3833 3884/4347/3834 3875/4338/3835 3874/4337/3836
f 3885/4348/3837 3879/4342/3833 3874/4337/3836 3873/4336/3838
f 3888/4351/3839 3893/4356/3840 3864/4327/3841 3863/4326/3842
f 3894/4357/3843 3899/4362/3844 3877/4340/3845 3876/4339/3846
f 3900/4363/3847 3905/4368/3848 3853/4316/3849 3854/4317/3850
f 3906/4369/3851 3911/4374/3852 3870/4333/3853 3869/4332/3854
f 3912/4375/3855 3917/4380/3856 3845/4308/3857 3846/4309/3858
f 3918/4381/3859 3923/4386/3860 3857/4320/3861 3856/4319/3862
f 3924/4387/3863 3929/4392/3864 3859/4322/3865 3858/4321/3866
f 3923/4386/3860 3924/4387/3863 3858/4321/3866 3857/4320/3861
f 3930/4393/3867 3935/4398/3868 3841/4304/3869 3842/4305/3870
f 3893/4356/3840 3938/4401/3871 3865/4328/3872 3864/4327/3841
f 3939/4402/3873 3944/4407/3874 3867/4330/3875 3866/4329/3876
f 3938/4401/3871 3939/4402/3873 3866/4329/3876 3865/4328/3872
f 3945/4409/3877 3950/4416/3878 3837/4299/3879 3838/4300/3880
f 3951/4417/3881 3885/4348/3837 3873/4336/3838 3872/4335/3882
f 3954/4420/3883 3888/4351/3839 3863/4326/3842 3862/4325/3884
f 3899/4362/3844 3959/4425/3885 3878/4341/3886 3877/4340/3845
f 3960/4426/3887 3965/4431/3888 3849/4312/3889 3850/4313/3890
f 3966/4432/3891 3906/4369/3851 3869/4332/3854 3868/4331/3892
f 3950/4416/3878 3971/4437/3893 3836/4298/3894 3837/4299/3879
f 3905/4368/3848 3974/4440/3895 3852/4315/3896 3853/4316/3849
f 3975/4441/3897 3912/4375/3855 3846/4309/3858 3847/4310/3898
f 3935/4398/3868 3980/4446/3899 3840/4303/3900 3841/4304/3869
f 3971/4437/3893 3983/4449/3901 3835/4297/3902 3836/4298/3894
f 3984/4450/3903 3989/4455/3904 3833/4295/3905 3834/4296/3906
f 3917/4380/3856 3992/4458/3907 3844/4307/3908 3845/4308/3857
f 3992/4458/3907 3995/4461/3909 3843/4306/3910 3844/4307/3908
f 3989/4455/3904 3900/4363/3847 3854/4317/3850 3833/4295/3905
f 3965/4431/3888 3998/4464/3911 3848/4311/3912 3849/4312/3889
f 3980/4446/3899 4001/4467/3913 3839/4302/3914 3840/4303/3900
f 4002/4468/3915 3960/4426/3887 3850/4313/3890 3851/4314/3916
f 3929/4392/3864 4007/4473/3917 3860/4323/3918 3859/4322/3865
f 3998/4464/3911 3975/4441/3897 3847/4310/3898 3848/4311/3912
f 3995/4461/3909 3930/4393/3867 3842/4305/3870 3843/4306/3910
f 3884/4347/3834 3894/4357/3843 3876/4339/3846 3875/4338/3835
f 3974/4440/3895 4010/4476/3919 3855/4318/3920 3852/4315/3896
f 4001/4467/3913 3945/4408/3877 3838/4301/3880 3839/4302/3914
f 4010/4476/3919 3918/4381/3859 3856/4319/3862 3855/4318/3920
f 3959/4425/3885 4002/4468/3915 3851/4314/3916 3878/4341/3886
f 4011/4477/3921 3954/4420/3883 3862/4325/3884 3861/4324/3922
f 4014/4480/3923 3951/4417/3881 3872/4335/3882 3871/4334/3924
f 3911/4374/3852 4014/4480/3923 3871/4334/3924 3870/4333/3853
f 3983/4449/3901 3984/4450/3903 3834/4296/3906 3835/4297/3902
f 3944/4407/3874 3966/4432/3891 3868/4331/3892 3867/4330/3875
f 4007/4473/3917 4011/4477/3921 3861/4324/3922 3860/4323/3918
f 3814/4257/3829 3815/4259/3818 4013/4479/3925 4005/4471/3926
f 4005/4471/3926 4013/4479/3925 4012/4478/3927 4006/4472/3928
f 4006/4472/3928 4012/4478/3927 4011/4477/3921 4007/4473/3917
f 3821/4271/3806 3822/4273/3825 3968/4434/3929 3942/4405/3930
f 3942/4405/3930 3968/4434/3929 3967/4433/3931 3943/4406/3932
f 3943/4406/3932 3967/4433/3931 3966/4432/3891 3944/4407/3874
f 3789/4205/3809 3788/4203/3801 3986/4452/3933 3981/4447/3934
f 3981/4447/3934 3986/4452/3933 3985/4451/3935 3982/4448/3936
f 3982/4448/3936 3985/4451/3935 3984/4450/3903 3983/4449/3901
f 3824/4278/3830 3825/4280/3816 4016/4482/3937 3909/4372/3938
f 3909/4372/3938 4016/4482/3937 4015/4481/3939 3910/4373/3940
f 3910/4373/3940 4015/4481/3939 4014/4480/3923 3911/4374/3852
f 3825/4280/3816 3826/4282/3815 3953/4419/3941 4016/4482/3937
f 4016/4482/3937 3953/4419/3941 3952/4418/3942 4015/4481/3939
f 4015/4481/3939 3952/4418/3942 3951/4417/3881 4014/4480/3923
f 3815/4259/3818 3816/4261/3817 3956/4422/3943 4013/4479/3925
f 4013/4479/3925 3956/4422/3943 3955/4421/3944 4012/4478/3927
f 4012/4478/3927 3955/4421/3944 3954/4420/3883 4011/4477/3921
f 3832/4294/3790 3805/4239/3789 4004/4470/3945 3957/4423/3946
f 3957/4423/3946 4004/4470/3945 4003/4469/3947 3958/4424/3948
f 3958/4424/3948 4003/4469/3947 4002/4468/3915 3959/4425/3885
f 3809/4247/3812 3810/4249/3811 3920/4383/3949 4008/4474/3950
f 4008/4474/3950 3920/4383/3949 3919/4382/3951 4009/4475/3952
f 4009/4475/3952 3919/4382/3951 3918/4381/3859 4010/4476/3919
f 3793/4215/3794 3792/4212/3793 3947/4412/3953 3999/4465/3954
f 3999/4465/3954 3947/4412/3953 3946/4410/3955 4000/4466/3956
f 4000/4466/3956 3946/4410/3955 3945/4408/3877 4001/4467/3913
f 3806/4241/3797 3809/4247/3812 4008/4474/3950 3972/4438/3957
f 3972/4438/3957 4008/4474/3950 4009/4475/3952 3973/4439/3958
f 3973/4439/3958 4009/4475/3952 4010/4476/3919 3974/4440/3895
f 3829/4288/3803 3830/4290/3824 3896/4359/3959 3882/4345/3960
f 3882/4345/3960 3896/4359/3959 3895/4358/3961 3883/4346/3962
f 3883/4346/3962 3895/4358/3961 3894/4357/3843 3884/4347/3834
f 3797/4223/3802 3796/4221/3788 3932/4395/3963 3993/4459/3964
f 3993/4459/3964 3932/4395/3963 3931/4394/3965 3994/4460/3966
f 3994/4460/3966 3931/4394/3965 3930/4393/3867 3995/4461/3909
f 3802/4233/3820 3801/4231/3832 3977/4443/3967 3996/4462/3968
f 3996/4462/3968 3977/4443/3967 3976/4442/3969 3997/4463/3970
f 3997/4463/3970 3976/4442/3969 3975/4441/3897 3998/4464/3911
f 3813/4255/3826 3814/4257/3829 4005/4471/3926 3927/4390/3971
f 3927/4390/3971 4005/4471/3926 4006/4472/3928 3928/4391/3972
f 3928/4391/3972 4006/4472/3928 4007/4473/3917 3929/4392/3864
f 3805/4239/3789 3804/4237/3819 3962/4428/3973 4004/4470/3945
f 4004/4470/3945 3962/4428/3973 3961/4427/3974 4003/4469/3947
f 4003/4469/3947 3961/4427/3974 3960/4426/3887 4002/4468/3915
f 3794/4217/3822 3793/4215/3794 3999/4465/3954 3978/4444/3975
f 3978/4444/3975 3999/4465/3954 4000/4466/3956 3979/4445/3976
f 3979/4445/3976 4000/4466/3956 4001/4467/3913 3980/4446/3899
f 3803/4235/3821 3802/4233/3820 3996/4462/3968 3963/4429/3977
f 3963/4429/3977 3996/4462/3968 3997/4463/3970 3964/4430/3978
f 3964/4430/3978 3997/4463/3970 3998/4464/3911 3965/4431/3888
f 3787/4201/3800 3808/4245/3823 3902/4365/3979 3987/4453/3980
f 3987/4453/3980 3902/4365/3979 3901/4364/3981 3988/4454/3982
f 3988/4454/3982 3901/4364/3981 3900/4363/3847 3989/4455/3904
f 3798/4225/3810 3797/4223/3802 3993/4459/3964 3990/4456/3983
f 3990/4456/3983 3993/4459/3964 3994/4460/3966 3991/4457/3984
f 3991/4457/3984 3994/4460/3966 3995/4461/3909 3992/4458/3907
f 3799/4227/3804 3798/4225/3810 3990/4456/3983 3915/4378/3985
f 3915/4378/3985 3990/4456/3983 3991/4457/3984 3916/4379/3986
f 3916/4379/3986 3991/4457/3984 3992/4458/3907 3917/4380/3856
f 3788/4203/3801 3787/4201/3800 3987/4453/3980 3986/4452/3933
f 3986/4452/3933 3987/4453/3980 3988/4454/3982 3985/4451/3935
f 3985/4451/3935 3988/4454/3982 3989/4455/3904 3984/4450/3903
f 3790/4207/3807 3789/4205/3809 3981/4447/3934 3969/4435/3987
f 3969/4435/3987 3981/4447/3934 3982/4448/3936 3970/4436/3988
f 3970/4436/3988 3982/4448/3936 3983/4449/3901 3971/4437/3893
f 3795/4219/3787 3794/4217/3822 3978/4444/3975 3933/4396/3989
f 3933/4396/3989 3978/4444/3975 3979/4445/3976 3934/4397/3990
f 3934/4397/3990 3979/4445/3976 3980/4446/3899 3935/4398/3868
f 3801/4231/3832 3800/4229/3805 3914/4377/3991 3977/4443/3967
f 3977/4443/3967 3914/4377/3991 3913/4376/3992 3976/4442/3969
f 3976/4442/3969 3913/4376/3992 3912/4375/3855 3975/4441/3897
f 3807/4243/3798 3806/4241/3797 3972/4438/3957 3903/4366/3993
f 3903/4366/3993 3972/4438/3957 3973/4439/3958 3904/4367/3994
f 3904/4367/3994 3973/4439/3958 3974/4440/3895 3905/4368/3848
f 3791/4210/3808 3790/4207/3807 3969/4435/3987 3948/4414/3995
f 3948/4414/3995 3969/4435/3987 3970/4436/3988 3949/4415/3996
f 3949/4415/3996 3970/4436/3988 3971/4437/3893 3950/4416/3878
f 3822/4273/3825 3823/4276/3831 3908/4371/3997 3968/4434/3929
f 3968/4434/3929 3908/4371/3997 3907/4370/3998 3967/4433/3931
f 3967/4433/3931 3907/4370/3998 3906/4369/3851 3966/4432/3891
f 3804/4237/3819 3803/4235/3821 3963/4429/3977 3962/4428/3973
f 3962/4428/3973 3963/4429/3977 3964/4430/3978 3961/4427/3974
f 3961/4427/3974 3964/4430/3978 3965/4431/3888 3960/4426/3887
f 3831/4292/3799 3832/4294/3790 3957/4423/3946 3897/4360/3999
f 3897/4360/3999 3957/4423/3946 3958/4424/3948 3898/4361/4000
f 3898/4361/4000 3958/4424/3948 3959/4425/3885 3899/4362/3844
f 3816/4261/3817 3817/4263/3814 3890/4353/4001 3956/4422/3943
f 3956/4422/3943 3890/4353/4001 3889/4352/4002 3955/4421/3944
f 3955/4421/3944 3889/4352/4002 3888/4351/3839 3954/4420/3883
f 3826/4282/3815 3827/4284/3796 3887/4350/4003 3953/4419/3941
f 3953/4419/3941 3887/4350/4003 3886/4349/4004 3952/4418/3942
f 3952/4418/3942 3886/4349/4004 3885/4348/3837 3951/4417/3881
f 3792/4213/3793 3791/4210/3808 3948/4414/3995 3947/4413/3953
f 3947/4413/3953 3948/4414/3995 3949/4415/3996 3946/4411/3955
f 3946/4411/3955 3949/4415/3996 3950/4416/3878 3945/4409/3877
f 3819/4267/3792 3820/4269/3791 3941/4404/4005 3936/4399/4006
f 3936/4399/4006 3941/4404/4005 3940/4403/4007 3937/4400/4008
f 3937/4400/4008 3940/4403/4007 3939/4402/3873 3938/4401/3871
f 3820/4269/3791 3821/4271/3806 3942/4405/3930 3941/4404/4005
f 3941/4404/4005 3942/4405/3930 3943/4406/3932 3940/4403/4007
f 3940/4403/4007 3943/4406/3932 3944/4407/3874 3939/4402/3873
f 3818/4265/3813 3819/4267/3792 3936/4399/4006 3891/4354/4009
f 3891/4354/4009 3936/4399/4006 3937/4400/4008 3892/4355/4010
f 3892/4355/4010 3937/4400/4008 3938/4401/3871 3893/4356/3840
f 3796/4221/3788 3795/4219/3787 3933/4396/3989 3932/4395/3963
f 3932/4395/3963 3933/4396/3989 3934/4397/3990 3931/4394/3965
f 3931/4394/3965 3934/4397/3990 3935/4398/3868 3930/4393/3867
f 3811/4251/3828 3812/4253/3827 3926/4389/4011 3921/4384/4012
f 3921/4384/4012 3926/4389/4011 3925/4388/4013 3922/4385/4014
f 3922/4385/4014 3925/4388/4013 3924/4387/3863 3923/4386/3860
f 3812/4253/3827 3813/4255/3826 3927/4390/3971 3926/4389/4011
f 3926/4389/4011 3927/4390/3971 3928/4391/3972 3925/4388/4013
f 3925/4388/4013 3928/4391/3972 3929/4392/3864 3924/4387/3863
f 3810/4249/3811 3811/4251/3828 3921/4384/4012 3920/4383/3949
f 3920/4383/3949 3921/4384/4012 3922/4385/4014 3919/4382/3951
f 3919/4382/3951 3922/4385/4014 3923/4386/3860 3918/4381/3859
f 3800/4229/3805 3799/4227/3804 3915/4378/3985 3914/4377/3991
f 3914/4377/3991 3915/4378/3985 3916/4379/3986 3913/4376/3992
f 3913/4376/3992 3916/4379/3986 3917/4380/3856 3912/4375/3855
f 3823/4276/3831 3824/4278/3830 3909/4372/3938 3908/4371/3997
f 3908/4371/3997 3909/4372/3938 3910/4373/3940 3907/4370/3998
f 3907/4370/3998 3910/4373/3940 3911/4374/3852 3906/4369/3851
f 3808/4245/3823 3807/4243/3798 3903/4366/3993 3902/4365/3979
f 3902/4365/3979 3903/4366/3993 3904/4367/3994 3901/4364/3981
f 3901/4364/3981 3904/4367/3994 3905/4368/3848 3900/4363/3847
f 3830/4290/3824 3831/4292/3799 3897/4360/3999 3896/4359/3959
f 3896/4359/3959 3897/4360/3999 3898/4361/4000 3895/4358/3961
f 3895/4358/3961 3898/4361/4000 3899/4362/3844 3894/4357/3843
f 3817/4263/3814 3818/4265/3813 3891/4354/4009 3890/4353/4001
f 3890/4353/4001 3891/4354/4009 3892/4355/4010 3889/4352/4002
f 3889/4352/4002 3892/4355/4010 3893/4356/3840 3888/4351/3839
f 3827/4284/3796 3828/4286/3795 3881/4344/4015 3887/4350/4003
f 3887/4350/4003 3881/4344/4015 3880/4343/4016 3886/4349/4004
f 3886/4349/4004 3880/4343/4016 3879/4342/3833 3885/4348/3837
f 3828/4286/3795 3829/4288/3803 3882/4345/3960 3881/4344/4015
f 3881/4344/4015 3882/4345/3960 3883/4346/3962 3880/4343/4016
f 3880/4343/4016 3883/4346/3962 3884/4347/3834 3879/4342/3833
f 285/308/285 280/303/280 4052/4556/4017 4053/4558/4018
f 256/279/256 255/278/255 4043/4538/4019 4044/4540/4020
f 255/278/255 250/273/250 4042/4536/4021 4043/4538/4019
f 182/199/182 181/198/181 4017/4483/4022 4018/4485/4023
f 394/423/394 393/422/393 4089/4633/4024 4090/4635/4025
f 369/395/369 364/390/364 4080/4613/4026 4081/4615/4027
f 279/302/279 274/297/274 4050/4552/4028 4051/4554/4029
f 207/227/207 202/222/202 4026/4502/4030 4027/4504/4031
f 213/233/213 208/228/208 4028/4506/4032 4029/4508/4033
f 315/341/315 310/336/310 4062/4577/4034 4063/4579/4035
f 190/210/190 189/209/189 4021/4492/4036 4022/4494/4037
f 399/428/399 394/423/394 4090/4635/4025 4091/4637/4038
f 405/434/405 400/429/400 4092/4639/4039 4093/4641/4040
f 376/405/376 375/404/375 4083/4621/4041 4084/4623/4042
f 346/372/346 345/371/345 4073/4599/4043 4074/4601/4044
f 208/228/208 207/227/207 4027/4504/4031 4028/4506/4032
f 351/377/351 346/372/346 4074/4601/4044 4075/4603/4045
f 244/267/244 243/265/243 4039/4528/4046 4040/4532/4047
f 225/245/225 220/240/220 4032/4514/4048 4033/4516/4049
f 328/354/328 327/353/327 4067/4587/4050 4068/4589/4051
f 310/336/310 309/334/309 4061/4574/4052 4062/4577/4034
f 357/383/357 352/378/352 4076/4605/4053 4077/4607/4054
f 406/435/406 405/434/405 4093/4641/4040 4094/4643/4055
f 358/384/358 357/383/357 4077/4607/4054 4078/4609/4056
f 243/266/243 238/258/238 4038/4526/4057 4039/4529/4046
f 183/200/183 182/199/182 4018/4485/4023 4019/4487/4058
f 298/321/298 297/320/297 4057/4566/4059 4058/4568/4060
f 364/390/364 363/389/363 4079/4611/4061 4080/4613/4026
f 412/441/412 411/440/411 4095/4645/4062 4096/4647/4063
f 309/335/309 304/327/304 4060/4572/4064 4061/4575/4052
f 321/347/321 316/342/316 4064/4581/4065 4065/4583/4066
f 196/216/196 195/215/195 4023/4496/4067 4024/4498/4068
f 393/422/393 388/417/388 4088/4631/4069 4089/4633/4024
f 280/303/280 279/302/279 4051/4554/4029 4052/4556/4017
f 387/416/387 382/411/382 4086/4627/4070 4087/4629/4071
f 420/449/420 418/447/418 4098/4651/4072 4099/4653/4073
f 262/285/262 261/284/261 4045/4542/4074 4046/4544/4075
f 267/290/267 262/285/262 4046/4544/4075 4047/4546/4076
f 303/326/303 298/321/298 4058/4568/4060 4059/4570/4077
f 181/198/181 420/449/420 4099/4653/4073 4017/4483/4022
f 418/447/418 417/446/417 4097/4649/4078 4098/4651/4072
f 316/342/316 315/341/315 4063/4579/4035 4064/4581/4065
f 250/273/250 249/272/249 4041/4534/4079 4042/4536/4021
f 400/429/400 399/428/399 4091/4637/4038 4092/4639/4039
f 202/222/202 201/221/201 4025/4500/4080 4026/4502/4030
f 195/215/195 190/210/190 4022/4494/4037 4023/4496/4067
f 237/257/237 232/252/232 4036/4522/4081 4037/4524/4082
f 339/365/339 334/360/334 4070/4593/4083 4071/4595/4084
f 231/251/231 226/246/226 4034/4518/4085 4035/4520/4086
f 232/252/232 231/251/231 4035/4520/4086 4036/4522/4081
f 214/234/214 213/233/213 4029/4508/4033 4030/4510/4087
f 273/296/273 268/291/268 4048/4548/4088 4049/4550/4089
f 268/291/268 267/290/267 4047/4546/4076 4048/4548/4088
f 261/284/261 256/279/256 4044/4540/4020 4045/4542/4074
f 370/396/370 369/395/369 4081/4615/4027 4082/4617/4090
f 352/378/352 351/377/351 4075/4603/4045 4076/4605/4053
f 322/348/322 321/347/321 4065/4583/4066 4066/4585/4091
f 381/410/381 376/405/376 4084/4623/4042 4085/4625/4092
f 249/272/249 244/267/244 4040/4532/4047 4041/4534/4079
f 334/360/334 333/359/333 4069/4591/4093 4070/4593/4083
f 345/371/345 340/366/340 4072/4597/4094 4073/4599/4043
f 375/404/375 370/397/370 4082/4618/4090 4083/4621/4041
f 189/209/189 184/201/184 4020/4489/4095 4021/4492/4036
f 184/202/184 183/200/183 4019/4487/4058 4020/4490/4095
f 291/314/291 286/309/286 4054/4560/4096 4055/4562/4097
f 333/359/333 328/354/328 4068/4589/4051 4069/4591/4093
f 201/221/201 196/216/196 4024/4498/4068 4025/4500/4080
f 382/411/382 381/410/381 4085/4625/4092 4086/4627/4070
f 388/417/388 387/416/387 4087/4629/4071 4088/4631/4069
f 304/327/304 303/326/303 4059/4570/4077 4060/4572/4064
f 340/366/340 339/365/339 4071/4595/4084 4072/4597/4094
f 286/309/286 285/308/285 4053/4558/4018 4054/4560/4096
f 220/240/220 219/239/219 4031/4512/4098 4032/4514/4048
f 327/353/327 322/348/322 4066/4585/4091 4067/4587/4050
f 219/239/219 214/234/214 4030/4510/4087 4031/4512/4098
f 417/446/417 412/441/412 4096/4647/4063 4097/4649/4078
f 274/297/274 273/296/273 4049/4550/4089 4050/4552/4028
f 411/440/411 406/435/406 4094/4643/4055 4095/4645/4062
f 238/258/238 237/257/237 4037/4524/4082 4038/4526/4057
f 226/246/226 225/245/225 4033/4516/4049 4034/4518/4085
f 363/389/363 358/384/358 4078/4609/4056 4079/4611/4061
f 292/315/292 291/314/291 4055/4562/4097 4056/4564/4099
f 297/320/297 292/315/292 4056/4564/4099 4057/4566/4059
f 4183/4740/4100 4190/4747/4101 4120/4675/4102 4121/4676/4103
f 4191/4748/4104 4198/4755/4105 4109/4664/4106 4110/4665/4107
f 4199/4756/4108 4206/4763/4109 4158/4714/4109 4159/4715/4110
f 4207/4764/4111 4214/4771/4112 4128/4684/4113 4129/4685/4114
f 4215/4772/4115 4222/4779/4116 4117/4672/4117 4118/4673/4118
f 4223/4780/4119 4230/4787/4120 4166/4723/4121 4167/4724/4122
f 4231/4788/4123 4238/4795/4124 4136/4692/4125 4137/4693/4126
f 4239/4796/4127 4246/4803/4128 4125/4681/4129 4126/4682/4130
f 4247/4804/4131 4254/4811/4132 4174/4731/4133 4175/4732/4134
f 4255/4812/4135 4262/4819/4136 4144/4700/4137 4145/4701/4138
f 4263/4820/4139 4270/4827/4140 4106/4661/4141 4107/4662/4142
f 4214/4771/4112 4274/4831/4143 4127/4683/4144 4128/4684/4113
f 4275/4832/4145 4282/4839/4146 4152/4708/4147 4153/4709/4148
f 4283/4840/4149 4290/4847/4150 4114/4669/4151 4115/4670/4152
f 4238/4795/4124 4294/4851/4153 4135/4691/4154 4136/4692/4125
f 4295/4852/4155 4302/4859/4156 4160/4716/4157 4161/4717/4158
f 4303/4860/4159 4310/4871/4160 4122/4677/4161 4123/4679/4162
f 4262/4819/4136 4314/4875/4163 4143/4699/4164 4144/4700/4137
f 4315/4876/4165 4322/4883/4166 4168/4725/4167 4169/4726/4168
f 4323/4884/4169 4330/4891/4170 4130/4686/4171 4131/4687/4172
f 4282/4839/4146 4334/4895/4173 4151/4707/4174 4152/4708/4147
f 4335/4896/4175 4342/4903/4176 4176/4733/4177 4177/4734/4178
f 4343/4904/4179 4350/4911/4180 4138/4694/4181 4139/4695/4182
f 4302/4859/4156 4199/4756/4108 4159/4715/4110 4160/4716/4157
f 4351/4912/4183 4358/4919/4184 4182/4739/4185 4100/4655/4186
f 4359/4920/4187 4366/4927/4188 4146/4702/4189 4147/4703/4190
f 4322/4883/4166 4223/4780/4119 4167/4724/4122 4168/4725/4167
f 4330/4891/4170 4207/4764/4111 4129/4685/4114 4130/4686/4171
f 4367/4928/4191 4374/4935/4192 4154/4710/4193 4155/4711/4194
f 4198/4755/4105 4378/4939/4195 4108/4663/4196 4109/4664/4106
f 4342/4903/4176 4247/4804/4131 4175/4732/4134 4176/4733/4177
f 4350/4911/4180 4231/4788/4123 4137/4693/4126 4138/4694/4181
f 4379/4940/4197 4386/4947/4198 4162/4718/4199 4163/4719/4200
f 4222/4779/4116 4390/4951/4201 4116/4671/4202 4117/4672/4117
f 4391/4952/4203 4398/4959/4204 4103/4658/4205 4104/4659/4206
f 4366/4927/4188 4255/4812/4135 4145/4701/4138 4146/4702/4189
f 4399/4960/4207 4406/4967/4208 4170/4727/4209 4171/4728/4210
f 4246/4803/4128 4410/4971/4211 4124/4680/4212 4125/4681/4129
f 4411/4972/4213 4418/4979/4214 4111/4666/4215 4112/4667/4216
f 4374/4935/4192 4275/4832/4145 4153/4709/4148 4154/4710/4193
f 4419/4980/4217 4426/4987/4218 4178/4735/4219 4179/4736/4220
f 4427/4988/4221 4434/4995/4222 4132/4688/4223 4133/4689/4224
f 4190/4747/4101 4438/4999/4225 4119/4674/4226 4120/4675/4102
f 4386/4947/4198 4295/4852/4155 4161/4717/4158 4162/4718/4199
f 4434/4995/4222 4323/4884/4169 4131/4687/4172 4132/4688/4223
f 4439/5000/4227 4446/5007/4228 4140/4696/4229 4141/4697/4230
f 4406/4967/4208 4315/4876/4165 4169/4726/4168 4170/4727/4209
f 4446/5007/4228 4343/4904/4179 4139/4695/4182 4140/4696/4229
f 4447/5008/4231 4454/5015/4232 4148/4704/4233 4149/4705/4234
f 4426/4987/4218 4335/4896/4175 4177/4734/4178 4178/4735/4219
f 4454/5015/4232 4359/4920/4187 4147/4703/4190 4148/4704/4233
f 4455/5016/4235 4462/5023/4236 4156/4712/4237 4157/4713/4238
f 4463/5024/4239 4470/5031/4240 4101/4656/4241 4102/4657/4242
f 4462/5023/4236 4367/4928/4191 4155/4711/4194 4156/4712/4237
f 4471/5033/4243 4478/5043/4244 4164/4720/4245 4165/4721/4246
f 4270/4827/4140 4482/5047/4247 4105/4660/4248 4106/4661/4141
f 4478/5043/4244 4379/4940/4197 4163/4719/4200 4164/4720/4245
f 4483/5048/4249 4490/5055/4250 4172/4729/4251 4173/4730/4252
f 4290/4847/4150 4494/5059/4253 4113/4668/4254 4114/4669/4151
f 4490/5055/4250 4399/4960/4207 4171/4728/4210 4172/4729/4251
f 4495/5060/4255 4502/5067/4256 4180/4737/4257 4181/4738/4258
f 4310/4870/4160 4183/4740/4100 4121/4676/4103 4122/4678/4161
f 4502/5067/4256 4419/4980/4217 4179/4736/4220 4180/4737/4257
f 4503/5068/4259 4427/4988/4221 4133/4689/4224 4134/4690/4260
f 4398/4959/4204 4463/5024/4239 4102/4657/4242 4103/4658/4205
f 4378/4939/4195 4263/4820/4139 4107/4662/4142 4108/4663/4196
f 4507/5072/4261 4439/5000/4227 4141/4697/4230 4142/4698/4262
f 4418/4979/4214 4191/4748/4104 4110/4665/4107 4111/4666/4215
f 4390/4951/4201 4283/4840/4149 4115/4670/4152 4116/4671/4202
f 4511/5076/4263 4447/5008/4231 4149/4705/4234 4150/4706/4264
f 4438/4999/4225 4215/4772/4115 4118/4673/4118 4119/4674/4226
f 4410/4971/4211 4303/4860/4159 4123/4679/4162 4124/4680/4212
f 4206/4763/4109 4455/5016/4235 4157/4713/4238 4158/4714/4109
f 4274/4831/4143 4239/4796/4127 4126/4682/4130 4127/4683/4144
f 4470/5031/4240 4351/4912/4183 4100/4655/4186 4101/4656/4241
f 4230/4787/4120 4471/5032/4243 4165/4722/4246 4166/4723/4121
f 4294/4851/4153 4503/5068/4259 4134/4690/4260 4135/4691/4154
f 4482/5047/4247 4391/4952/4203 4104/4659/4206 4105/4660/4248
f 4254/4811/4132 4483/5048/4249 4173/4730/4252 4174/4731/4133
f 4314/4875/4163 4507/5072/4261 4142/4698/4262 4143/4699/4164
f 4494/5059/4253 4411/4972/4213 4112/4667/4216 4113/4668/4254
f 4358/4919/4184 4495/5060/4255 4181/4738/4258 4182/4739/4185
f 4334/4895/4173 4511/5076/4263 4150/4706/4264 4151/4707/4174
f 4068/4590/4051 4067/4588/4050 4514/5079/4265 4331/4892/4266
f 4331/4892/4266 4514/5079/4265 4513/5078/4267 4332/4893/4268
f 4332/4893/4268 4513/5078/4267 4512/5077/4269 4333/4894/4270
f 4333/4894/4270 4512/5077/4269 4511/5076/4263 4334/4895/4173
f 4099/4654/4073 4098/4652/4072 4498/5063/4271 4355/4916/4272
f 4355/4916/4272 4498/5063/4271 4497/5062/4273 4356/4917/4274
f 4356/4917/4274 4497/5062/4273 4496/5061/4275 4357/4918/4276
f 4357/4918/4276 4496/5061/4275 4495/5060/4255 4358/4919/4184
f 4030/4511/4087 4029/4509/4033 4414/4975/4277 4491/5056/4278
f 4491/5056/4278 4414/4975/4277 4413/4974/4279 4492/5057/4280
f 4492/5057/4280 4413/4974/4279 4412/4973/4281 4493/5058/4282
f 4493/5058/4282 4412/4973/4281 4411/4972/4213 4494/5059/4253
f 4060/4573/4064 4059/4571/4077 4510/5075/4283 4311/4872/4284
f 4311/4872/4284 4510/5075/4283 4509/5074/4285 4312/4873/4286
f 4312/4873/4286 4509/5074/4285 4508/5073/4287 4313/4874/4288
f 4313/4874/4288 4508/5073/4287 4507/5072/4261 4314/4875/4163
f 4091/4638/4038 4090/4636/4025 4486/5051/4289 4251/4808/4290
f 4251/4808/4290 4486/5051/4289 4485/5050/4291 4252/4809/4292
f 4252/4809/4292 4485/5050/4291 4484/5049/4293 4253/4810/4294
f 4253/4810/4294 4484/5049/4293 4483/5048/4249 4254/4811/4132
f 4022/4495/4037 4021/4493/4036 4394/4955/4295 4479/5044/4296
f 4479/5044/4296 4394/4955/4295 4393/4954/4297 4480/5045/4298
f 4480/5045/4298 4393/4954/4297 4392/4953/4299 4481/5046/4300
f 4481/5046/4300 4392/4953/4299 4391/4952/4203 4482/5047/4247
f 4052/4557/4017 4051/4555/4029 4506/5071/4301 4291/4848/4302
f 4291/4848/4302 4506/5071/4301 4505/5070/4303 4292/4849/4304
f 4292/4849/4304 4505/5070/4303 4504/5069/4305 4293/4850/4306
f 4293/4850/4306 4504/5069/4305 4503/5068/4259 4294/4851/4153
f 4083/4622/4041 4082/4619/4090 4474/5038/4307 4227/4784/4308
f 4227/4784/4308 4474/5038/4307 4473/5036/4309 4228/4785/4310
f 4228/4785/4310 4473/5036/4309 4472/5034/4311 4229/4786/4312
f 4229/4786/4312 4472/5034/4311 4471/5032/4243 4230/4787/4120
f 4018/4486/4023 4017/4484/4022 4354/4915/4313 4467/5028/4314
f 4467/5028/4314 4354/4915/4313 4353/4914/4315 4468/5029/4316
f 4468/5029/4316 4353/4914/4315 4352/4913/4317 4469/5030/4318
f 4469/5030/4318 4352/4913/4317 4351/4912/4183 4470/5031/4240
f 4044/4541/4020 4043/4539/4019 4242/4799/4319 4271/4828/4320
f 4271/4828/4320 4242/4799/4319 4241/4798/4321 4272/4829/4322
f 4272/4829/4322 4241/4798/4321 4240/4797/4323 4273/4830/4324
f 4273/4830/4324 4240/4797/4323 4239/4796/4127 4274/4831/4143
f 4075/4604/4045 4074/4602/4044 4458/5019/4325 4203/4760/4326
f 4203/4760/4326 4458/5019/4325 4457/5018/4327 4204/4761/4328
f 4204/4761/4328 4457/5018/4327 4456/5017/4235 4205/4762/4109
f 4205/4762/4109 4456/5017/4235 4455/5016/4235 4206/4763/4109
f 4041/4535/4079 4040/4533/4047 4306/4863/4329 4407/4968/4330
f 4407/4968/4330 4306/4863/4329 4305/4862/4331 4408/4969/4332
f 4408/4969/4332 4305/4862/4331 4304/4861/4333 4409/4970/4334
f 4409/4970/4334 4304/4861/4333 4303/4860/4159 4410/4971/4211
f 4036/4523/4081 4035/4521/4086 4218/4775/4335 4435/4996/4336
f 4435/4996/4336 4218/4775/4335 4217/4774/4337 4436/4997/4338
f 4436/4997/4338 4217/4774/4337 4216/4773/4339 4437/4998/4340
f 4437/4998/4340 4216/4773/4339 4215/4772/4115 4438/4999/4225
f 4067/4588/4050 4066/4586/4091 4450/5011/4341 4514/5079/4265
f 4514/5079/4265 4450/5011/4341 4449/5010/4342 4513/5078/4267
f 4513/5078/4267 4449/5010/4342 4448/5009/4343 4512/5077/4269
f 4512/5077/4269 4448/5009/4343 4447/5008/4231 4511/5076/4263
f 4033/4517/4049 4032/4515/4048 4286/4843/4344 4387/4948/4345
f 4387/4948/4345 4286/4843/4344 4285/4842/4346 4388/4949/4347
f 4388/4949/4347 4285/4842/4346 4284/4841/4348 4389/4950/4349
f 4389/4950/4349 4284/4841/4348 4283/4840/4149 4390/4951/4201
f 4028/4507/4032 4027/4505/4031 4194/4751/4350 4415/4976/4351
f 4415/4976/4351 4194/4751/4350 4193/4750/4352 4416/4977/4353
f 4416/4977/4353 4193/4750/4352 4192/4749/4354 4417/4978/4355
f 4417/4978/4355 4192/4749/4354 4191/4748/4104 4418/4979/4214
f 4059/4571/4077 4058/4569/4060 4442/5003/4356 4510/5075/4283
f 4510/5075/4283 4442/5003/4356 4441/5002/4357 4509/5074/4285
f 4509/5074/4285 4441/5002/4357 4440/5001/4358 4508/5073/4287
f 4508/5073/4287 4440/5001/4358 4439/5000/4227 4507/5072/4261
f 4025/4501/4080 4024/4499/4068 4266/4823/4359 4375/4936/4360
f 4375/4936/4360 4266/4823/4359 4265/4822/4361 4376/4937/4362
f 4376/4937/4362 4265/4822/4361 4264/4821/4363 4377/4938/4364
f 4377/4938/4364 4264/4821/4363 4263/4820/4139 4378/4939/4195
f 4020/4491/4095 4019/4488/4058 4466/5027/4365 4395/4956/4366
f 4395/4956/4366 4466/5027/4365 4465/5026/4367 4396/4957/4368
f 4396/4957/4368 4465/5026/4367 4464/5025/4369 4397/4958/4370
f 4397/4958/4370 4464/5025/4369 4463/5024/4239 4398/4959/4204
f 4051/4555/4029 4050/4553/4028 4430/4991/4371 4506/5071/4301
f 4506/5071/4301 4430/4991/4371 4429/4990/4372 4505/5070/4303
f 4505/5070/4303 4429/4990/4372 4428/4989/4373 4504/5069/4305
f 4504/5069/4305 4428/4989/4373 4427/4988/4221 4503/5068/4259
f 4097/4650/4078 4096/4648/4063 4422/4983/4374 4499/5064/4375
f 4499/5064/4375 4422/4983/4374 4421/4982/4376 4500/5065/4377
f 4500/5065/4377 4421/4982/4376 4420/4981/4378 4501/5066/4379
f 4501/5066/4379 4420/4981/4378 4419/4980/4217 4502/5067/4256
f 4039/4530/4046 4038/4527/4057 4186/4743/4380 4307/4864/4381
f 4307/4864/4381 4186/4743/4380 4185/4742/4382 4308/4866/4383
f 4308/4866/4383 4185/4742/4382 4184/4741/4384 4309/4868/4385
f 4309/4868/4385 4184/4741/4384 4183/4740/4100 4310/4870/4160
f 4098/4652/4072 4097/4650/4078 4499/5064/4375 4498/5063/4271
f 4498/5063/4271 4499/5064/4375 4500/5065/4377 4497/5062/4273
f 4497/5062/4273 4500/5065/4377 4501/5066/4379 4496/5061/4275
f 4496/5061/4275 4501/5066/4379 4502/5067/4256 4495/5060/4255
f 4089/4634/4024 4088/4632/4069 4402/4963/4386 4487/5052/4387
f 4487/5052/4387 4402/4963/4386 4401/4962/4388 4488/5053/4389
f 4488/5053/4389 4401/4962/4388 4400/4961/4390 4489/5054/4391
f 4489/5054/4391 4400/4961/4390 4399/4960/4207 4490/5055/4250
f 4031/4513/4098 4030/4511/4087 4491/5056/4278 4287/4844/4392
f 4287/4844/4392 4491/5056/4278 4492/5057/4280 4288/4845/4393
f 4288/4845/4393 4492/5057/4280 4493/5058/4282 4289/4846/4394
f 4289/4846/4394 4493/5058/4282 4494/5059/4253 4290/4847/4150
f 4090/4636/4025 4089/4634/4024 4487/5052/4387 4486/5051/4289
f 4486/5051/4289 4487/5052/4387 4488/5053/4389 4485/5050/4291
f 4485/5050/4291 4488/5053/4389 4489/5054/4391 4484/5049/4293
f 4484/5049/4293 4489/5054/4391 4490/5055/4250 4483/5048/4249
f 4081/4616/4027 4080/4614/4026 4382/4943/4395 4475/5040/4396
f 4475/5040/4396 4382/4943/4395 4381/4942/4397 4476/5041/4398
f 4476/5041/4398 4381/4942/4397 4380/4941/4399 4477/5042/4400
f 4477/5042/4400 4380/4941/4399 4379/4940/4197 4478/5043/4244
f 4023/4497/4067 4022/4495/4037 4479/5044/4296 4267/4824/4401
f 4267/4824/4401 4479/5044/4296 4480/5045/4298 4268/4825/4402
f 4268/4825/4402 4480/5045/4298 4481/5046/4300 4269/4826/4403
f 4269/4826/4403 4481/5046/4300 4482/5047/4247 4270/4827/4140
f 4082/4620/4090 4081/4616/4027 4475/5040/4396 4474/5039/4307
f 4474/5039/4307 4475/5040/4396 4476/5041/4398 4473/5037/4309
f 4473/5037/4309 4476/5041/4398 4477/5042/4400 4472/5035/4311
f 4472/5035/4311 4477/5042/4400 4478/5043/4244 4471/5033/4243
f 4073/4600/4043 4072/4598/4094 4370/4931/4404 4459/5020/4405
f 4459/5020/4405 4370/4931/4404 4369/4930/4406 4460/5021/4407
f 4460/5021/4407 4369/4930/4406 4368/4929/4408 4461/5022/4236
f 4461/5022/4236 4368/4929/4408 4367/4928/4191 4462/5023/4236
f 4019/4488/4058 4018/4486/4023 4467/5028/4314 4466/5027/4365
f 4466/5027/4365 4467/5028/4314 4468/5029/4316 4465/5026/4367
f 4465/5026/4367 4468/5029/4316 4469/5030/4318 4464/5025/4369
f 4464/5025/4369 4469/5030/4318 4470/5031/4240 4463/5024/4239
f 4074/4602/4044 4073/4600/4043 4459/5020/4405 4458/5019/4325
f 4458/5019/4325 4459/5020/4405 4460/5021/4407 4457/5018/4327
f 4457/5018/4327 4460/5021/4407 4461/5022/4236 4456/5017/4235
f 4456/5017/4235 4461/5022/4236 4462/5023/4236 4455/5016/4235
f 4065/4584/4066 4064/4582/4065 4362/4923/4409 4451/5012/4410
f 4451/5012/4410 4362/4923/4409 4361/4922/4411 4452/5013/4412
f 4452/5013/4412 4361/4922/4411 4360/4921/4413 4453/5014/4414
f 4453/5014/4414 4360/4921/4413 4359/4920/4187 4454/5015/4232
f 4095/4646/4062 4094/4644/4055 4338/4899/4415 4423/4984/4416
f 4423/4984/4416 4338/4899/4415 4337/4898/4417 4424/4985/4418
f 4424/4985/4418 4337/4898/4417 4336/4897/4419 4425/4986/4420
f 4425/4986/4420 4336/4897/4419 4335/4896/4175 4426/4987/4218
f 4066/4586/4091 4065/4584/4066 4451/5012/4410 4450/5011/4341
f 4450/5011/4341 4451/5012/4410 4452/5013/4412 4449/5010/4342
f 4449/5010/4342 4452/5013/4412 4453/5014/4414 4448/5009/4343
f 4448/5009/4343 4453/5014/4414 4454/5015/4232 4447/5008/4231
f 4057/4567/4059 4056/4565/4099 4346/4907/4421 4443/5004/4422
f 4443/5004/4422 4346/4907/4421 4345/4906/4423 4444/5005/4424
f 4444/5005/4424 4345/4906/4423 4344/4905/4425 4445/5006/4426
f 4445/5006/4426 4344/4905/4425 4343/4904/4179 4446/5007/4228
f 4087/4630/4071 4086/4628/4070 4318/4879/4427 4403/4964/4428
f 4403/4964/4428 4318/4879/4427 4317/4878/4429 4404/4965/4430
f 4404/4965/4430 4317/4878/4429 4316/4877/4431 4405/4966/4432
f 4405/4966/4432 4316/4877/4431 4315/4876/4165 4406/4967/4208
f 4058/4569/4060 4057/4567/4059 4443/5004/4422 4442/5003/4356
f 4442/5003/4356 4443/5004/4422 4444/5005/4424 4441/5002/4357
f 4441/5002/4357 4444/5005/4424 4445/5006/4426 4440/5001/4358
f 4440/5001/4358 4445/5006/4426 4446/5007/4228 4439/5000/4227
f 4049/4551/4089 4048/4549/4088 4326/4887/4433 4431/4992/4434
f 4431/4992/4434 4326/4887/4433 4325/4886/4435 4432/4993/4436
f 4432/4993/4436 4325/4886/4435 4324/4885/4437 4433/4994/4438
f 4433/4994/4438 4324/4885/4437 4323/4884/4169 4434/4995/4222
f 4079/4612/4061 4078/4610/4056 4298/4855/4439 4383/4944/4440
f 4383/4944/4440 4298/4855/4439 4297/4854/4441 4384/4945/4442
f 4384/4945/4442 4297/4854/4441 4296/4853/4155 4385/4946/4443
f 4385/4946/4443 4296/4853/4155 4295/4852/4155 4386/4947/4198
f 4037/4525/4082 4036/4523/4081 4435/4996/4336 4187/4744/4444
f 4187/4744/4444 4435/4996/4336 4436/4997/4338 4188/4745/4445
f 4188/4745/4445 4436/4997/4338 4437/4998/4340 4189/4746/4446
f 4189/4746/4446 4437/4998/4340 4438/4999/4225 4190/4747/4101
f 4050/4553/4028 4049/4551/4089 4431/4992/4434 4430/4991/4371
f 4430/4991/4371 4431/4992/4434 4432/4993/4436 4429/4990/4372
f 4429/4990/4372 4432/4993/4436 4433/4994/4438 4428/4989/4373
f 4428/4989/4373 4433/4994/4438 4434/4995/4222 4427/4988/4221
f 4096/4648/4063 4095/4646/4062 4423/4984/4416 4422/4983/4374
f 4422/4983/4374 4423/4984/4416 4424/4985/4418 4421/4982/4376
f 4421/4982/4376 4424/4985/4418 4425/4986/4420 4420/4981/4378
f 4420/4981/4378 4425/4986/4420 4426/4987/4218 4419/4980/4217
f 4071/4596/4084 4070/4594/4083 4278/4835/4447 4371/4932/4448
f 4371/4932/4448 4278/4835/4447 4277/4834/4449 4372/4933/4450
f 4372/4933/4450 4277/4834/4449 4276/4833/4451 4373/4934/4452
f 4373/4934/4452 4276/4833/4451 4275/4832/4145 4374/4935/4192
f 4029/4509/4033 4028/4507/4032 4415/4976/4351 4414/4975/4277
f 4414/4975/4277 4415/4976/4351 4416/4977/4353 4413/4974/4279
f 4413/4974/4279 4416/4977/4353 4417/4978/4355 4412/4973/4281
f 4412/4973/4281 4417/4978/4355 4418/4979/4214 4411/4972/4213
f 4042/4537/4021 4041/4535/4079 4407/4968/4330 4243/4800/4453
f 4243/4800/4453 4407/4968/4330 4408/4969/4332 4244/4801/4454
f 4244/4801/4454 4408/4969/4332 4409/4970/4334 4245/4802/4455
f 4245/4802/4455 4409/4970/4334 4410/4971/4211 4246/4803/4128
f 4088/4632/4069 4087/4630/4071 4403/4964/4428 4402/4963/4386
f 4402/4963/4386 4403/4964/4428 4404/4965/4430 4401/4962/4388
f 4401/4962/4388 4404/4965/4430 4405/4966/4432 4400/4961/4390
f 4400/4961/4390 4405/4966/4432 4406/4967/4208 4399/4960/4207
f 4063/4580/4035 4062/4578/4034 4258/4815/4456 4363/4924/4457
f 4363/4924/4457 4258/4815/4456 4257/4814/4458 4364/4925/4459
f 4364/4925/4459 4257/4814/4458 4256/4813/4460 4365/4926/4461
f 4365/4926/4461 4256/4813/4460 4255/4812/4135 4366/4927/4188
f 4021/4493/4036 4020/4491/4095 4395/4956/4366 4394/4955/4295
f 4394/4955/4295 4395/4956/4366 4396/4957/4368 4393/4954/4297
f 4393/4954/4297 4396/4957/4368 4397/4958/4370 4392/4953/4299
f 4392/4953/4299 4397/4958/4370 4398/4959/4204 4391/4952/4203
f 4034/4519/4085 4033/4517/4049 4387/4948/4345 4219/4776/4462
f 4219/4776/4462 4387/4948/4345 4388/4949/4347 4220/4777/4463
f 4220/4777/4463 4388/4949/4347 4389/4950/4349 4221/4778/4464
f 4221/4778/4464 4389/4950/4349 4390/4951/4201 4222/4779/4116
f 4080/4614/4026 4079/4612/4061 4383/4944/4440 4382/4943/4395
f 4382/4943/4395 4383/4944/4440 4384/4945/4442 4381/4942/4397
f 4381/4942/4397 4384/4945/4442 4385/4946/4443 4380/4941/4399
f 4380/4941/4399 4385/4946/4443 4386/4947/4198 4379/4940/4197
f 4055/4563/4097 4054/4561/4096 4234/4791/4465 4347/4908/4466
f 4347/4908/4466 4234/4791/4465 4233/4790/4467 4348/4909/4468
f 4348/4909/4468 4233/4790/4467 4232/4789/4469 4349/4910/4470
f 4349/4910/4470 4232/4789/4469 4231/4788/4123 4350/4911/4180
f 4093/4642/4040 4092/4640/4039 4250/4807/4471 4339/4900/4472
f 4339/4900/4472 4250/4807/4471 4249/4806/4473 4340/4901/4474
f 4340/4901/4474 4249/4806/4473 4248/4805/4473 4341/4902/4475
f 4341/4902/4475 4248/4805/4473 4247/4804/4131 4342/4903/4176
f 4026/4503/4030 4025/4501/4080 4375/4936/4360 4195/4752/4476
f 4195/4752/4476 4375/4936/4360 4376/4937/4362 4196/4753/4477
f 4196/4753/4477 4376/4937/4362 4377/4938/4364 4197/4754/4478
f 4197/4754/4478 4377/4938/4364 4378/4939/4195 4198/4755/4105
f 4072/4598/4094 4071/4596/4084 4371/4932/4448 4370/4931/4404
f 4370/4931/4404 4371/4932/4448 4372/4933/4450 4369/4930/4406
f 4369/4930/4406 4372/4933/4450 4373/4934/4452 4368/4929/4408
f 4368/4929/4408 4373/4934/4452 4374/4935/4192 4367/4928/4191
f 4047/4547/4076 4046/4545/4075 4210/4767/4479 4327/4888/4480
f 4327/4888/4480 4210/4767/4479 4209/4766/4481 4328/4889/4482
f 4328/4889/4482 4209/4766/4481 4208/4765/4483 4329/4890/4484
f 4329/4890/4484 4208/4765/4483 4207/4764/4111 4330/4891/4170
f 4085/4626/4092 4084/4624/4042 4226/4783/4485 4319/4880/4486
f 4319/4880/4486 4226/4783/4485 4225/4782/4487 4320/4881/4488
f 4320/4881/4488 4225/4782/4487 4224/4781/4489 4321/4882/4490
f 4321/4882/4490 4224/4781/4489 4223/4780/4119 4322/4883/4166
f 4064/4582/4065 4063/4580/4035 4363/4924/4457 4362/4923/4409
f 4362/4923/4409 4363/4924/4457 4364/4925/4459 4361/4922/4411
f 4361/4922/4411 4364/4925/4459 4365/4926/4461 4360/4921/4413
f 4360/4921/4413 4365/4926/4461 4366/4927/4188 4359/4920/4187
f 4017/4484/4022 4099/4654/4073 4355/4916/4272 4354/4915/4313
f 4354/4915/4313 4355/4916/4272 4356/4917/4274 4353/4914/4315
f 4353/4914/4315 4356/4917/4274 4357/4918/4276 4352/4913/4317
f 4352/4913/4317 4357/4918/4276 4358/4919/4184 4351/4912/4183
f 4077/4608/4054 4076/4606/4053 4202/4759/4491 4299/4856/4492
f 4299/4856/4492 4202/4759/4491 4201/4758/4493 4300/4857/4494
f 4300/4857/4494 4201/4758/4493 4200/4757/4108 4301/4858/4156
f 4301/4858/4156 4200/4757/4108 4199/4756/4108 4302/4859/4156
f 4056/4565/4099 4055/4563/4097 4347/4908/4466 4346/4907/4421
f 4346/4907/4421 4347/4908/4466 4348/4909/4468 4345/4906/4423
f 4345/4906/4423 4348/4909/4468 4349/4910/4470 4344/4905/4425
f 4344/4905/4425 4349/4910/4470 4350/4911/4180 4343/4904/4179
f 4094/4644/4055 4093/4642/4040 4339/4900/4472 4338/4899/4415
f 4338/4899/4415 4339/4900/4472 4340/4901/4474 4337/4898/4417
f 4337/4898/4417 4340/4901/4474 4341/4902/4475 4336/4897/4419
f 4336/4897/4419 4341/4902/4475 4342/4903/4176 4335/4896/4175
f 4069/4592/4093 4068/4590/4051 4331/4892/4266 4279/4836/4495
f 4279/4836/4495 4331/4892/4266 4332/4893/4268 4280/4837/4496
f 4280/4837/4496 4332/4893/4268 4333/4894/4270 4281/4838/4497
f 4281/4838/4497 4333/4894/4270 4334/4895/4173 4282/4839/4146
f 4048/4549/4088 4047/4547/4076 4327/4888/4480 4326/4887/4433
f 4326/4887/4433 4327/4888/4480 4328/4889/4482 4325/4886/4435
f 4325/4886/4435 4328/4889/4482 4329/4890/4484 4324/4885/4437
f 4324/4885/4437 4329/4890/4484 4330/4891/4170 4323/4884/4169
f 4086/4628/4070 4085/4626/4092 4319/4880/4486 4318/4879/4427
f 4318/4879/4427 4319/4880/4486 4320/4881/4488 4317/4878/4429
f 4317/4878/4429 4320/4881/4488 4321/4882/4490 4316/4877/4431
f 4316/4877/4431 4321/4882/4490 4322/4883/4166 4315/4876/4165
f 4061/4576/4052 4060/4573/4064 4311/4872/4284 4259/4816/4498
f 4259/4816/4498 4311/4872/4284 4312/4873/4286 4260/4817/4499
f 4260/4817/4499 4312/4873/4286 4313/4874/4288 4261/4818/4500
f 4261/4818/4500 4313/4874/4288 4314/4875/4163 4262/4819/4136
f 4040/4533/4047 4039/4531/4046 4307/4865/4381 4306/4863/4329
f 4306/4863/4329 4307/4865/4381 4308/4867/4383 4305/4862/4331
f 4305/4862/4331 4308/4867/4383 4309/4869/4385 4304/4861/4333
f 4304/4861/4333 4309/4869/4385 4310/4871/4160 4303/4860/4159
f 4078/4610/4056 4077/4608/4054 4299/4856/4492 4298/4855/4439
f 4298/4855/4439 4299/4856/4492 4300/4857/4494 4297/4854/4441
f 4297/4854/4441 4300/4857/4494 4301/4858/4156 4296/4853/4155
f 4296/4853/4155 4301/4858/4156 4302/4859/4156 4295/4852/4155
f 4053/4559/4018 4052/4557/4017 4291/4848/4302 4235/4792/4501
f 4235/4792/4501 4291/4848/4302 4292/4849/4304 4236/4793/4502
f 4236/4793/4502 4292/4849/4304 4293/4850/4306 4237/4794/4503
f 4237/4794/4503 4293/4850/4306 4294/4851/4153 4238/4795/4124
f 4032/4515/4048 4031/4513/4098 4287/4844/4392 4286/4843/4344
f 4286/4843/4344 4287/4844/4392 4288/4845/4393 4285/4842/4346
f 4285/4842/4346 4288/4845/4393 4289/4846/4394 4284/4841/4348
f 4284/4841/4348 4289/4846/4394 4290/4847/4150 4283/4840/4149
f 4070/4594/4083 4069/4592/4093 4279/4836/4495 4278/4835/4447
f 4278/4835/4447 4279/4836/4495 4280/4837/4496 4277/4834/4449
f 4277/4834/4449 4280/4837/4496 4281/4838/4497 4276/4833/4451
f 4276/4833/4451 4281/4838/4497 4282/4839/4146 4275/4832/4145
f 4045/4543/4074 4044/4541/4020 4271/4828/4320 4211/4768/4504
f 4211/4768/4504 4271/4828/4320 4272/4829/4322 4212/4769/4505
f 4212/4769/4505 4272/4829/4322 4273/4830/4324 4213/4770/4506
f 4213/4770/4506 4273/4830/4324 4274/4831/4143 4214/4771/4112
f 4024/4499/4068 4023/4497/4067 4267/4824/4401 4266/4823/4359
f 4266/4823/4359 4267/4824/4401 4268/4825/4402 4265/4822/4361
f 4265/4822/4361 4268/4825/4402 4269/4826/4403 4264/4821/4363
f 4264/4821/4363 4269/4826/4403 4270/4827/4140 4263/4820/4139
f 4062/4578/4034 4061/4576/4052 4259/4816/4498 4258/4815/4456
f 4258/4815/4456 4259/4816/4498 4260/4817/4499 4257/4814/4458
f 4257/4814/4458 4260/4817/4499 4261/4818/4500 4256/4813/4460
f 4256/4813/4460 4261/4818/4500 4262/4819/4136 4255/4812/4135
f 4092/4640/4039 4091/4638/4038 4251/4808/4290 4250/4807/4471
f 4250/4807/4471 4251/4808/4290 4252/4809/4292 4249/4806/4473
f 4249/4806/4473 4252/4809/4292 4253/4810/4294 4248/4805/4473
f 4248/4805/4473 4253/4810/4294 4254/4811/4132 4247/4804/4131
f 4043/4539/4019 4042/4537/4021 4243/4800/4453 4242/4799/4319
f 4242/4799/4319 4243/4800/4453 4244/4801/4454 4241/4798/4321
f 4241/4798/4321 4244/4801/4454 4245/4802/4455 4240/4797/4323
f 4240/4797/4323 4245/4802/4455 4246/4803/4128 4239/4796/4127
f 4054/4561/4096 4053/4559/4018 4235/4792/4501 4234/4791/4465
f 4234/4791/4465 4235/4792/4501 4236/4793/4502 4233/4790/4467
f 4233/4790/4467 4236/4793/4502 4237/4794/4503 4232/4789/4469
f 4232/4789/4469 4237/4794/4503 4238/4795/4124 4231/4788/4123
f 4084/4624/4042 4083/4622/4041 4227/4784/4308 4226/4783/4485
f 4226/4783/4485 4227/4784/4308 4228/4785/4310 4225/4782/4487
f 4225/4782/4487 4228/4785/4310 4229/4786/4312 4224/4781/4489
f 4224/4781/4489 4229/4786/4312 4230/4787/4120 4223/4780/4119
f 4035/4521/4086 4034/4519/4085 4219/4776/4462 4218/4775/4335
f 4218/4775/4335 4219/4776/4462 4220/4777/4463 4217/4774/4337
f 4217/4774/4337 4220/4777/4463 4221/4778/4464 4216/4773/4339
f 4216/4773/4339 4221/4778/4464 4222/4779/4116 4215/4772/4115
f 4046/4545/4075 4045/4543/4074 4211/4768/4504 4210/4767/4479
f 4210/4767/4479 4211/4768/4504 4212/4769/4505 4209/4766/4481
f 4209/4766/4481 4212/4769/4505 4213/4770/4506 4208/4765/4483
f 4208/4765/4483 4213/4770/4506 4214/4771/4112 4207/4764/4111
f 4076/4606/4053 4075/4604/4045 4203/4760/4326 4202/4759/4491
f 4202/4759/4491 4203/4760/4326 4204/4761/4328 4201/4758/4493
f 4201/4758/4493 4204/4761/4328 4205/4762/4109 4200/4757/4108
f 4200/4757/4108 4205/4762/4109 4206/4763/4109 4199/4756/4108
f 4027/4505/4031 4026/4503/4030 4195/4752/4476 4194/4751/4350
f 4194/4751/4350 4195/4752/4476 4196/4753/4477 4193/4750/4352
f 4193/4750/4352 4196/4753/4477 4197/4754/4478 4192/4749/4354
f 4192/4749/4354 4197/4754/4478 4198/4755/4105 4191/4748/4104
f 4038/4527/4057 4037/4525/4082 4187/4744/4444 4186/4743/4380
f 4186/4743/4380 4187/4744/4444 4188/4745/4445 4185/4742/4382
f 4185/4742/4382 4188/4745/4445 4189/4746/4446 4184/4741/4384
f 4184/4741/4384 4189/4746/4446 4190/4747/4101 4183/4740/4100
